Commodity,Year,Month,arrivals_in_qtl,min_price,max_price,modal_price,date,district_name,diff_price
sesamum,2014,September,2,9200,9200,9200,2014-09-01,Amaravathi,0
sesamum,2014,October,2,12250,12250,12250,2014-10-01,Amaravathi,0
sesamum,2014,November,5,9850,9950,9900,2014-11-01,Amaravathi,100
sesamum,2014,December,7,8333,8750,8553,2014-12-01,Amaravathi,417
sesamum,2015,January,1,8000,8500,8250,2015-01-01,Amaravathi,500
sesamum,2015,December,9,6867,7400,7133,2015-12-01,Amaravathi,533
sesamum,2016,January,22,5815,6235,6013,2016-01-01,Amaravathi,420
sesamum,2016,October,2,5800,5800,5800,2016-10-01,Amaravathi,0
sesamum,2016,November,2,5777,5777,5777,2016-11-01,Amaravathi,0
