Commodity,Year,Month,arrivals_in_qtl,min_price,max_price,modal_price,date,district_name,diff_price
mustard,2015,May,5,3133,3233,3183,2015-05-01,Amaravathi,100
mustard,2015,June,1,3100,3100,3100,2015-06-01,Amaravathi,0
mustard,2015,July,3,3308,3308,3308,2015-07-01,Amaravathi,0
mustard,2016,January,31,3250,3300,3270,2016-01-01,Amaravathi,50
mustard,2016,February,2,3300,3300,3300,2016-02-01,Amaravathi,0
mustard,2016,March,1,3400,3400,3400,2016-03-01,Amaravathi,0
mustard,2016,May,2,3525,4075,3675,2016-05-01,Amaravathi,550
