Commodity,Year,Month,arrivals_in_qtl,min_price,max_price,modal_price,date,district_name,diff_price
wheat(husked),2014,September,300,1467,1617,1542,2014-09-01,Amaravathi,150
wheat(husked),2014,October,410,1455,1641,1548,2014-10-01,Amaravathi,186
wheat(husked),2014,November,410,1518,1643,1580,2014-11-01,Amaravathi,125
wheat(husked),2014,December,400,1541,1706,1623,2014-12-01,Amaravathi,165
wheat(husked),2015,January,370,1575,1755,1665,2015-01-01,Amaravathi,180
wheat(husked),2015,February,1837,1548,1718,1633,2015-02-01,Amaravathi,170
wheat(husked),2015,March,3988,1463,1678,1584,2015-03-01,Amaravathi,215
wheat(husked),2015,April,7279,1400,1800,1600,2015-04-01,Amaravathi,400
wheat(husked),2015,May,1300,1400,1775,1588,2015-05-01,Amaravathi,375
wheat(husked),2015,June,1911,1442,1650,1552,2015-06-01,Amaravathi,208
wheat(husked),2015,July,780,1493,1575,1543,2015-07-01,Amaravathi,82
wheat(husked),2015,August,1993,1498,1583,1540,2015-08-01,Amaravathi,85
wheat(husked),2015,September,500,1492,1587,1542,2015-09-01,Amaravathi,95
wheat(husked),2015,December,3904,1518,1655,1580,2015-12-01,Amaravathi,137
wheat(husked),2016,January,5054,1585,1831,1680,2016-01-01,Amaravathi,246
wheat(husked),2016,February,7111,1609,1792,1694,2016-02-01,Amaravathi,183
wheat(husked),2016,March,3661,1563,1788,1678,2016-03-01,Amaravathi,225
wheat(husked),2016,May,17290,1607,1839,1730,2016-05-01,Amaravathi,232
wheat(husked),2016,June,8640,1762,1951,1852,2016-06-01,Amaravathi,189
wheat(husked),2016,July,4416,1738,1905,1821,2016-07-01,Amaravathi,167
wheat(husked),2016,August,4352,1744,1861,1802,2016-08-01,Amaravathi,117
wheat(husked),2016,September,4513,1765,1926,1846,2016-09-01,Amaravathi,161
wheat(husked),2016,October,3131,1742,1855,1802,2016-10-01,Amaravathi,113
wheat(husked),2016,November,2320,1765,1953,1859,2016-11-01,Amaravathi,188
