Commodity,Year,Month,arrivals_in_qtl,min_price,max_price,modal_price,date,district_name,diff_price
maize,2014,September,2,1338,1338,1338,2014-09-01,Amaravathi,0
maize,2014,October,4,1310,1320,1315,2014-10-01,Amaravathi,10
maize,2014,November,530,1317,1400,1355,2014-11-01,Amaravathi,83
maize,2014,December,140,1310,1370,1342,2014-12-01,Amaravathi,60
maize,2015,January,45,1330,1406,1369,2015-01-01,Amaravathi,76
maize,2015,February,12,1310,1390,1350,2015-02-01,Amaravathi,80
maize,2015,March,2,1340,1380,1360,2015-03-01,Amaravathi,40
maize,2015,September,4,1400,1500,1450,2015-09-01,Amaravathi,100
maize,2015,December,442,1348,1464,1409,2015-12-01,Amaravathi,116
maize,2016,January,486,1394,1545,1473,2016-01-01,Amaravathi,151
maize,2016,February,454,1436,1536,1483,2016-02-01,Amaravathi,100
maize,2016,March,66,1315,1354,1337,2016-03-01,Amaravathi,39
maize,2016,May,149,1275,1347,1322,2016-05-01,Amaravathi,72
maize,2016,June,182,1369,1469,1417,2016-06-01,Amaravathi,100
maize,2016,July,87,1525,1600,1563,2016-07-01,Amaravathi,75
maize,2016,August,7,1550,1600,1575,2016-08-01,Amaravathi,50
maize,2016,September,84,1561,1651,1606,2016-09-01,Amaravathi,90
maize,2016,October,187,1392,1480,1436,2016-10-01,Amaravathi,88
maize,2016,November,221,1374,1400,1386,2016-11-01,Amaravathi,26
