Commodity,Year,Month,arrivals_in_qtl,min_price,max_price,modal_price,date,district_name,diff_price
black gram,2014,September,4,4350,4350,4350,2014-09-01,Amaravathi,0
black gram,2014,October,6,4400,4400,4400,2014-10-01,Amaravathi,0
black gram,2014,November,6,4467,4667,4567,2014-11-01,Amaravathi,200
black gram,2015,February,1,4350,4350,4350,2015-02-01,Amaravathi,0
black gram,2015,September,1,7600,7600,7600,2015-09-01,Amaravathi,0
black gram,2015,December,1,8000,8500,8500,2015-12-01,Amaravathi,500
black gram,2016,January,53,7200,8000,7600,2016-01-01,Amaravathi,800
black gram,2016,May,4,7222,7222,7222,2016-05-01,Amaravathi,0
black gram,2016,June,8,9956,9956,9956,2016-06-01,Amaravathi,0
black gram,2016,September,300,5933,7077,6505,2016-09-01,Amaravathi,1144
black gram,2016,October,645,5325,6575,5950,2016-10-01,Amaravathi,1250
black gram,2016,November,182,5000,5667,5333,2016-11-01,Amaravathi,667
