Commodity,Year,Month,arrivals_in_qtl,min_price,max_price,modal_price,date,district_name,diff_price
soybean,2014,September,270,2700,3279,2990,2014-09-01,Amaravathi,579
soybean,2014,October,520,2863,3163,3013,2014-10-01,Amaravathi,300
soybean,2014,November,4000,3113,3271,3195,2014-11-01,Amaravathi,158
soybean,2014,December,1700,3060,3268,3164,2014-12-01,Amaravathi,208
soybean,2015,January,1550,2375,3324,3187,2015-01-01,Amaravathi,949
soybean,2015,February,1100,3167,3293,3230,2015-02-01,Amaravathi,126
soybean,2015,March,1100,3005,3230,3118,2015-03-01,Amaravathi,225
soybean,2015,April,150,3751,4000,3876,2015-04-01,Amaravathi,249
soybean,2015,May,600,3550,3900,3725,2015-05-01,Amaravathi,350
soybean,2015,June,896,3340,3510,3425,2015-06-01,Amaravathi,170
soybean,2015,July,1250,3220,3447,3300,2015-07-01,Amaravathi,227
soybean,2015,August,755,3100,3238,3170,2015-08-01,Amaravathi,138
soybean,2015,September,390,3217,3315,3260,2015-09-01,Amaravathi,98
soybean,2015,December,7231,3321,3626,3512,2015-12-01,Amaravathi,305
soybean,2016,January,18015,3455,3688,3568,2016-01-01,Amaravathi,233
soybean,2016,February,13006,3432,3635,3535,2016-02-01,Amaravathi,203
soybean,2016,March,5344,3389,3578,3498,2016-03-01,Amaravathi,189
soybean,2016,May,14401,3685,3825,3756,2016-05-01,Amaravathi,140
soybean,2016,June,9339,3534,3790,3664,2016-06-01,Amaravathi,256
soybean,2016,July,5760,3418,3664,3541,2016-07-01,Amaravathi,246
soybean,2016,August,3625,3213,3475,3341,2016-08-01,Amaravathi,262
soybean,2016,September,2350,2950,3182,3066,2016-09-01,Amaravathi,232
soybean,2016,October,10830,2682,2949,2818,2016-10-01,Amaravathi,267
soybean,2016,November,10415,2585,2792,2691,2016-11-01,Amaravathi,207
