Commodity,Year,Month,arrivals_in_qtl,min_price,max_price,modal_price,date,district_name,diff_price
lentil,2014,December,4,4000,4300,4150,2014-12-01,Amaravathi,300
lentil,2015,May,7,5233,5500,5367,2015-05-01,Amaravathi,267
lentil,2015,July,7,5213,5463,5282,2015-07-01,Amaravathi,250
lentil,2015,September,1,6250,6250,6250,2015-09-01,Amaravathi,0
lentil,2015,December,2,5100,5200,5100,2015-12-01,Amaravathi,100
lentil,2016,January,1,5100,5200,5125,2016-01-01,Amaravathi,100
lentil,2016,February,1,4200,4200,4200,2016-02-01,Amaravathi,0
lentil,2016,March,1,4200,4200,4200,2016-03-01,Amaravathi,0
lentil,2016,May,2,4600,5200,4875,2016-05-01,Amaravathi,600
lentil,2016,June,2,5500,5500,5500,2016-06-01,Amaravathi,0
