Commodity,Year,Month,arrivals_in_qtl,min_price,max_price,modal_price,date,district_name,diff_price
gram,2014,September,90,2467,2634,2550,2014-09-01,Amaravathi,167
gram,2014,October,70,2425,2738,2581,2014-10-01,Amaravathi,313
gram,2014,November,70,2400,2667,2533,2014-11-01,Amaravathi,267
gram,2014,December,25,2335,2535,2435,2014-12-01,Amaravathi,200
gram,2015,January,30,2975,3125,3050,2015-01-01,Amaravathi,150
gram,2015,February,79,2833,3000,2917,2015-02-01,Amaravathi,167
gram,2015,March,2,3100,3100,3100,2015-03-01,Amaravathi,0
gram,2015,April,672,3480,3765,3623,2015-04-01,Amaravathi,285
gram,2015,May,450,4050,4313,4181,2015-05-01,Amaravathi,263
gram,2015,June,228,3660,4080,3839,2015-06-01,Amaravathi,420
gram,2015,July,135,3840,4170,3986,2015-07-01,Amaravathi,330
gram,2015,August,140,4275,4500,4390,2015-08-01,Amaravathi,225
gram,2015,September,80,4400,4700,4558,2015-09-01,Amaravathi,300
gram,2015,December,251,4060,4418,4297,2015-12-01,Amaravathi,358
gram,2016,January,298,4127,4436,4329,2016-01-01,Amaravathi,309
gram,2016,February,4759,3994,4266,4111,2016-02-01,Amaravathi,272
gram,2016,March,3209,3950,4166,4064,2016-03-01,Amaravathi,216
gram,2016,May,3735,5375,5522,5446,2016-05-01,Amaravathi,147
gram,2016,June,838,6245,6800,6508,2016-06-01,Amaravathi,555
gram,2016,July,451,7367,7792,7579,2016-07-01,Amaravathi,425
gram,2016,August,525,5425,6525,5975,2016-08-01,Amaravathi,1100
gram,2016,September,288,7113,7769,7441,2016-09-01,Amaravathi,656
gram,2016,October,297,8150,9183,8667,2016-10-01,Amaravathi,1033
gram,2016,November,60,8033,8367,8200,2016-11-01,Amaravathi,334
