Commodity,Year,Month,arrivals_in_qtl,min_price,max_price,modal_price,date,district_name,diff_price
green gram,2014,October,2,6500,6600,6550,2014-10-01,Amaravathi,100
green gram,2014,November,1,8050,8050,8050,2014-11-01,Amaravathi,0
green gram,2015,May,26,6575,7038,6806,2015-05-01,Amaravathi,463
green gram,2015,June,11,5800,5850,5825,2015-06-01,Amaravathi,50
green gram,2015,July,15,5275,5550,5405,2015-07-01,Amaravathi,275
green gram,2015,August,6,5704,5904,5809,2015-08-01,Amaravathi,200
green gram,2015,September,11,6533,6967,6763,2015-09-01,Amaravathi,434
green gram,2016,May,37,5800,6167,5892,2016-05-01,Amaravathi,367
green gram,2016,June,68,5250,5650,5450,2016-06-01,Amaravathi,400
green gram,2016,September,4,5250,5300,5275,2016-09-01,Amaravathi,50
