Commodity,Year,Month,arrivals_in_qtl,min_price,max_price,modal_price,date,district_name,diff_price
soybean,2014,November,276,1667,3000,2567,2014-11-01,Gadchiroli,1333
soybean,2014,December,226,2083,2583,2442,2014-12-01,Gadchiroli,500
soybean,2015,January,392,2557,2557,2557,2015-01-01,Gadchiroli,0
soybean,2015,February,250,2900,2900,2900,2015-02-01,Gadchiroli,0
soybean,2015,June,456,3050,3050,3050,2015-06-01,Gadchiroli,0
soybean,2015,July,120,3100,3100,3100,2015-07-01,Gadchiroli,0
soybean,2015,October,129,3162,3470,3338,2015-10-01,Gadchiroli,308
soybean,2015,November,470,3278,3446,3347,2015-11-01,Gadchiroli,168
soybean,2015,December,64,3293,3293,3293,2015-12-01,Gadchiroli,0
soybean,2016,January,177,3350,3350,3350,2016-01-01,Gadchiroli,0
soybean,2016,February,225,3500,3500,3500,2016-02-01,Gadchiroli,0
soybean,2016,March,20,3300,3300,3300,2016-03-01,Gadchiroli,0
soybean,2016,April,328,3200,3500,3350,2016-04-01,Gadchiroli,300
soybean,2016,May,340,3500,3500,3500,2016-05-01,Gadchiroli,0
soybean,2016,June,705,3460,3460,3460,2016-06-01,Gadchiroli,0
soybean,2016,August,540,3400,3400,3400,2016-08-01,Gadchiroli,0
soybean,2016,September,37,3400,3400,3400,2016-09-01,Gadchiroli,0
soybean,2016,November,808,2318,2447,2384,2016-11-01,Gadchiroli,129
