Commodity,Year,Month,arrivals_in_qtl,min_price,max_price,modal_price,date,district_name,diff_price
sesamum,2014,December,227,7143,7429,7286,2014-12-01,Gadchiroli,286
sesamum,2015,January,144,7750,9250,8375,2015-01-01,Gadchiroli,1500
sesamum,2015,February,210,7000,7000,7000,2015-02-01,Gadchiroli,0
sesamum,2015,April,4,6700,6700,6700,2015-04-01,Gadchiroli,0
sesamum,2015,November,48,5553,5553,5553,2015-11-01,Gadchiroli,0
sesamum,2015,December,31,5250,5250,5250,2015-12-01,Gadchiroli,0
sesamum,2016,January,395,5033,5417,5250,2016-01-01,Gadchiroli,384
sesamum,2016,February,133,4821,4871,4859,2016-02-01,Gadchiroli,50
sesamum,2016,March,23,4500,4500,4500,2016-03-01,Gadchiroli,0
sesamum,2016,July,12,4500,4500,4500,2016-07-01,Gadchiroli,0
sesamum,2016,November,3,4500,4500,4500,2016-11-01,Gadchiroli,0
