Commodity,Year,Month,arrivals_in_qtl,min_price,max_price,modal_price,date,district_name,diff_price
green gram,2014,October,43,5867,5867,5867,2014-10-01,Gadchiroli,0
green gram,2015,January,6,6000,6000,6000,2015-01-01,Gadchiroli,0
green gram,2015,February,379,6017,6033,6025,2015-02-01,Gadchiroli,16
green gram,2015,March,695,6167,6267,6216,2015-03-01,Gadchiroli,100
green gram,2015,April,70,6040,6150,6075,2015-04-01,Gadchiroli,110
green gram,2015,June,14,6200,6200,6200,2015-06-01,Gadchiroli,0
green gram,2015,July,30,6000,6000,6000,2015-07-01,Gadchiroli,0
green gram,2016,January,111,5967,6033,6000,2016-01-01,Gadchiroli,66
green gram,2016,February,234,5800,5966,5880,2016-02-01,Gadchiroli,166
green gram,2016,March,159,5525,5650,5600,2016-03-01,Gadchiroli,125
green gram,2016,April,2,5600,5600,5600,2016-04-01,Gadchiroli,0
green gram,2016,June,7,5700,5700,5700,2016-06-01,Gadchiroli,0
green gram,2016,July,1,6000,6000,6000,2016-07-01,Gadchiroli,0
