Commodity,Year,Month,arrivals_in_qtl,min_price,max_price,modal_price,date,district_name,diff_price
pigeon pea (tur),2014,September,398,4000,4000,4000,2014-09-01,Gadchiroli,0
pigeon pea (tur),2014,October,198,4000,4000,4000,2014-10-01,Gadchiroli,0
pigeon pea (tur),2015,February,5477,4855,4986,4920,2015-02-01,Gadchiroli,131
pigeon pea (tur),2015,March,4117,5038,5127,5072,2015-03-01,Gadchiroli,89
pigeon pea (tur),2015,April,494,5650,5769,5709,2015-04-01,Gadchiroli,119
pigeon pea (tur),2015,June,383,5825,5825,5825,2015-06-01,Gadchiroli,0
pigeon pea (tur),2015,July,194,6000,6000,6000,2015-07-01,Gadchiroli,0
pigeon pea (tur),2015,August,3,7000,7000,7000,2015-08-01,Gadchiroli,0
pigeon pea (tur),2016,January,1566,7817,8033,7917,2016-01-01,Gadchiroli,216
pigeon pea (tur),2016,February,1270,6954,7182,7101,2016-02-01,Gadchiroli,228
pigeon pea (tur),2016,March,1375,6980,7180,7085,2016-03-01,Gadchiroli,200
pigeon pea (tur),2016,April,870,7700,7700,7700,2016-04-01,Gadchiroli,0
pigeon pea (tur),2016,May,40,6600,6600,6600,2016-05-01,Gadchiroli,0
pigeon pea (tur),2016,June,23,6500,6500,6500,2016-06-01,Gadchiroli,0
pigeon pea (tur),2016,July,183,8000,8000,8000,2016-07-01,Gadchiroli,0
pigeon pea (tur),2016,August,10,7000,7000,7000,2016-08-01,Gadchiroli,0
pigeon pea (tur),2016,September,1248,6500,6500,6500,2016-09-01,Gadchiroli,0
pigeon pea (tur),2016,October,340,6833,6833,6833,2016-10-01,Gadchiroli,0
