Commodity,Year,Month,arrivals_in_qtl,min_price,max_price,modal_price,date,district_name,diff_price
paddy-unhusked,2014,September,20,1400,1400,1400,2014-09-01,Gadchiroli,0
paddy-unhusked,2014,October,254,1850,1850,1850,2014-10-01,Gadchiroli,0
paddy-unhusked,2014,November,2214,1647,1660,1655,2014-11-01,Gadchiroli,13
paddy-unhusked,2014,December,10892,1412,1412,1412,2014-12-01,Gadchiroli,0
paddy-unhusked,2015,January,12669,1500,1500,1500,2015-01-01,Gadchiroli,0
paddy-unhusked,2015,February,4736,1478,1478,1478,2015-02-01,Gadchiroli,0
paddy-unhusked,2015,March,5170,1407,1407,1407,2015-03-01,Gadchiroli,0
paddy-unhusked,2015,April,1287,1410,1410,1410,2015-04-01,Gadchiroli,0
paddy-unhusked,2015,May,5328,1294,1306,1300,2015-05-01,Gadchiroli,12
paddy-unhusked,2015,June,4292,1355,1355,1355,2015-06-01,Gadchiroli,0
paddy-unhusked,2015,July,1201,1565,1574,1569,2015-07-01,Gadchiroli,9
paddy-unhusked,2015,August,466,1544,1544,1544,2015-08-01,Gadchiroli,0
paddy-unhusked,2015,October,598,1686,1686,1686,2015-10-01,Gadchiroli,0
paddy-unhusked,2015,November,304,1883,1883,1883,2015-11-01,Gadchiroli,0
paddy-unhusked,2015,December,1509,1737,1737,1737,2015-12-01,Gadchiroli,0
paddy-unhusked,2016,January,1236,1639,1639,1639,2016-01-01,Gadchiroli,0
paddy-unhusked,2016,February,1688,1490,1490,1490,2016-02-01,Gadchiroli,0
paddy-unhusked,2016,March,1456,1669,1669,1669,2016-03-01,Gadchiroli,0
paddy-unhusked,2016,April,437,1783,1783,1783,2016-04-01,Gadchiroli,0
paddy-unhusked,2016,May,1257,1618,1618,1618,2016-05-01,Gadchiroli,0
paddy-unhusked,2016,June,814,1767,1767,1767,2016-06-01,Gadchiroli,0
paddy-unhusked,2016,July,65,1645,1645,1645,2016-07-01,Gadchiroli,0
paddy-unhusked,2016,August,260,1460,1460,1460,2016-08-01,Gadchiroli,0
paddy-unhusked,2016,September,1112,1450,1450,1450,2016-09-01,Gadchiroli,0
paddy-unhusked,2016,October,1083,1916,1921,1918,2016-10-01,Gadchiroli,5
paddy-unhusked,2016,November,2150,1757,1757,1757,2016-11-01,Gadchiroli,0
