Commodity,Year,Month,arrivals_in_qtl,min_price,max_price,modal_price,date,district_name,diff_price
rice(paddy-hus),2014,September,20,1750,1750,1750,2014-09-01,Gadchiroli,0
rice(paddy-hus),2014,October,333,2043,2043,2043,2014-10-01,Gadchiroli,0
rice(paddy-hus),2014,November,170,2000,2000,2000,2014-11-01,Gadchiroli,0
rice(paddy-hus),2015,March,35,1700,1700,1700,2015-03-01,Gadchiroli,0
rice(paddy-hus),2015,May,25,1750,1750,1750,2015-05-01,Gadchiroli,0
rice(paddy-hus),2015,June,210,1700,1700,1700,2015-06-01,Gadchiroli,0
rice(paddy-hus),2015,July,98,1788,1788,1788,2015-07-01,Gadchiroli,0
rice(paddy-hus),2015,August,47,1775,2625,2175,2015-08-01,Gadchiroli,850
rice(paddy-hus),2015,December,184,1690,1690,1690,2015-12-01,Gadchiroli,0
rice(paddy-hus),2016,January,30,3600,3600,3600,2016-01-01,Gadchiroli,0
rice(paddy-hus),2016,April,112,3600,3600,3600,2016-04-01,Gadchiroli,0
rice(paddy-hus),2016,May,108,1813,1813,1813,2016-05-01,Gadchiroli,0
rice(paddy-hus),2016,June,107,2383,2383,2383,2016-06-01,Gadchiroli,0
rice(paddy-hus),2016,July,43,2900,2900,2900,2016-07-01,Gadchiroli,0
rice(paddy-hus),2016,August,83,2000,2000,2000,2016-08-01,Gadchiroli,0
rice(paddy-hus),2016,September,78,3133,3133,3133,2016-09-01,Gadchiroli,0
rice(paddy-hus),2016,October,37,4000,4000,4000,2016-10-01,Gadchiroli,0
rice(paddy-hus),2016,November,20,2000,2000,2000,2016-11-01,Gadchiroli,0
