Commodity,Year,Month,arrivals_in_qtl,min_price,max_price,modal_price,date,district_name,diff_price
ground nut pods (dry),2015,June,519,2100,3167,2633,2015-06-01,Ahmadnagar,1067
ground nut pods (dry),2015,July,1451,2683,3264,3022,2015-07-01,Ahmadnagar,581
ground nut pods (dry),2015,August,204,2733,3967,3350,2015-08-01,Ahmadnagar,1234
ground nut pods (dry),2015,September,11,3000,3800,3400,2015-09-01,Ahmadnagar,800
ground nut pods (dry),2015,October,34,3750,4350,4050,2015-10-01,Ahmadnagar,600
ground nut pods (dry),2016,May,249,2938,4000,3469,2016-05-01,Ahmadnagar,1062
ground nut pods (dry),2016,June,631,3077,4286,3691,2016-06-01,Ahmadnagar,1209
ground nut pods (dry),2016,July,270,3114,4327,3732,2016-07-01,Ahmadnagar,1213
ground nut pods (dry),2016,August,740,3569,4775,4186,2016-08-01,Ahmadnagar,1206
ground nut pods (dry),2016,September,270,3477,4877,4177,2016-09-01,Ahmadnagar,1400
ground nut pods (dry),2016,October,59,3000,3950,3475,2016-10-01,Ahmadnagar,950
