Commodity,Year,Month,arrivals_in_qtl,min_price,max_price,modal_price,date,district_name,diff_price
soybean,2014,October,2349,3006,3198,3094,2014-10-01,Latur,192
soybean,2014,November,9503,3214,3348,3283,2014-11-01,Latur,134
soybean,2015,June,354,3385,3449,3412,2015-06-01,Latur,64
soybean,2015,July,661,3414,3474,3455,2015-07-01,Latur,60
soybean,2015,August,422,3251,3283,3282,2015-08-01,Latur,32
soybean,2015,September,538,3276,3315,3315,2015-09-01,Latur,39
soybean,2015,October,6731,3605,3789,3789,2015-10-01,Latur,184
soybean,2015,November,6300,3565,3750,3750,2015-11-01,Latur,185
soybean,2015,December,3021,3593,3670,3670,2015-12-01,Latur,77
soybean,2016,January,2232,3654,3699,3699,2016-01-01,Latur,45
soybean,2016,February,2505,3683,3717,3717,2016-02-01,Latur,34
soybean,2016,March,1005,3675,3760,3726,2016-03-01,Latur,85
soybean,2016,April,1548,3901,4012,3944,2016-04-01,Latur,111
soybean,2016,May,92,3660,3887,3771,2016-05-01,Latur,227
soybean,2016,June,1205,3711,3810,3764,2016-06-01,Latur,99
soybean,2016,July,505,3607,3644,3631,2016-07-01,Latur,37
soybean,2016,August,1880,3371,3440,3417,2016-08-01,Latur,69
soybean,2016,September,324,3171,3271,3220,2016-09-01,Latur,100
soybean,2016,October,6814,2051,2983,2507,2016-10-01,Latur,932
soybean,2016,November,21580,2171,2831,2482,2016-11-01,Latur,660
