Commodity,Year,Month,arrivals_in_qtl,min_price,max_price,modal_price,date,district_name,diff_price
green chilli,2015,June,420,2000,4417,3417,2015-06-01,Ahmadnagar,2417
green chilli,2015,July,476,1883,4167,3083,2015-07-01,Ahmadnagar,2284
green chilli,2015,August,435,1833,3833,2833,2015-08-01,Ahmadnagar,2000
green chilli,2015,September,325,2000,3825,2913,2015-09-01,Ahmadnagar,1825
green chilli,2015,October,712,1500,3800,2650,2015-10-01,Ahmadnagar,2300
green chilli,2015,November,416,1000,2967,1983,2015-11-01,Ahmadnagar,1967
green chilli,2015,December,797,1167,3167,2278,2015-12-01,Ahmadnagar,2000
green chilli,2016,January,700,2111,4222,3111,2016-01-01,Ahmadnagar,2111
green chilli,2016,February,234,2333,5000,4000,2016-02-01,Ahmadnagar,2667
green chilli,2016,April,138,3333,7000,5333,2016-04-01,Ahmadnagar,3667
green chilli,2016,May,372,4731,8308,6538,2016-05-01,Ahmadnagar,3577
green chilli,2016,June,923,3152,6413,4783,2016-06-01,Ahmadnagar,3261
green chilli,2016,July,752,3980,8008,6010,2016-07-01,Ahmadnagar,4028
green chilli,2016,August,1102,2025,4300,3160,2016-08-01,Ahmadnagar,2275
green chilli,2016,September,1170,635,1700,1143,2016-09-01,Ahmadnagar,1065
green chilli,2016,October,724,550,1490,1020,2016-10-01,Ahmadnagar,940
green chilli,2016,November,456,483,1367,917,2016-11-01,Ahmadnagar,884
