Commodity,Year,Month,arrivals_in_qtl,min_price,max_price,modal_price,date,district_name,diff_price
soybean,2014,November,1013,2856,3217,3036,2014-11-01,Ahmadnagar,361
soybean,2015,January,84,3100,3314,3207,2015-01-01,Ahmadnagar,214
soybean,2015,April,12,2900,3400,3150,2015-04-01,Ahmadnagar,500
soybean,2015,September,29,3200,3475,3338,2015-09-01,Ahmadnagar,275
soybean,2015,October,2534,3347,3741,3566,2015-10-01,Ahmadnagar,394
soybean,2015,November,598,3410,3725,3568,2015-11-01,Ahmadnagar,315
soybean,2015,December,17,2700,3550,3125,2015-12-01,Ahmadnagar,850
soybean,2016,January,16,3363,3513,3454,2016-01-01,Ahmadnagar,150
soybean,2016,February,8,3300,3650,3490,2016-02-01,Ahmadnagar,350
soybean,2016,April,20,2200,3900,3603,2016-04-01,Ahmadnagar,1700
soybean,2016,May,5,3700,3900,3750,2016-05-01,Ahmadnagar,200
soybean,2016,October,3308,2206,2870,2560,2016-10-01,Ahmadnagar,664
soybean,2016,November,2197,2075,2786,2458,2016-11-01,Ahmadnagar,711
