Commodity,Year,Month,arrivals_in_qtl,min_price,max_price,modal_price,date,district_name,diff_price
green peas (dry),2015,November,61,3000,6000,4500,2015-11-01,Ahmadnagar,3000
green peas (dry),2015,December,355,2000,3650,2825,2015-12-01,Ahmadnagar,1650
green peas (dry),2016,January,93,2000,3500,2750,2016-01-01,Ahmadnagar,1500
green peas (dry),2016,June,3,9500,10000,9750,2016-06-01,Ahmadnagar,500
green peas (dry),2016,July,141,4143,6914,5600,2016-07-01,Ahmadnagar,2771
green peas (dry),2016,August,307,2154,4923,3558,2016-08-01,Ahmadnagar,2769
green peas (dry),2016,September,91,1500,4375,2938,2016-09-01,Ahmadnagar,2875
