Commodity,Year,Month,arrivals_in_qtl,min_price,max_price,modal_price,date,district_name,diff_price
sorgum(jawar),2014,September,42,1600,2601,2100,2014-09-01,Ahmadnagar,1001
sorgum(jawar),2014,November,2024,1782,2713,2248,2014-11-01,Ahmadnagar,931
sorgum(jawar),2015,January,1892,1707,2718,2212,2015-01-01,Ahmadnagar,1011
sorgum(jawar),2015,February,602,1575,2000,1787,2015-02-01,Ahmadnagar,425
sorgum(jawar),2015,March,1949,1560,2100,1830,2015-03-01,Ahmadnagar,540
sorgum(jawar),2015,April,3825,1600,2200,1900,2015-04-01,Ahmadnagar,600
sorgum(jawar),2015,June,2712,1575,1921,1805,2015-06-01,Ahmadnagar,346
sorgum(jawar),2015,July,1442,1631,2014,2014,2015-07-01,Ahmadnagar,383
sorgum(jawar),2015,August,806,1625,2129,1915,2015-08-01,Ahmadnagar,504
sorgum(jawar),2015,September,665,1622,2100,1898,2015-09-01,Ahmadnagar,478
sorgum(jawar),2015,October,2685,1604,2008,1824,2015-10-01,Ahmadnagar,404
sorgum(jawar),2015,November,3305,1684,2375,2062,2015-11-01,Ahmadnagar,691
sorgum(jawar),2015,December,3028,1674,2182,1960,2015-12-01,Ahmadnagar,508
sorgum(jawar),2016,January,3705,1637,2103,1946,2016-01-01,Ahmadnagar,466
sorgum(jawar),2016,February,6534,1636,2377,2163,2016-02-01,Ahmadnagar,741
sorgum(jawar),2016,March,2281,1650,2466,2134,2016-03-01,Ahmadnagar,816
sorgum(jawar),2016,April,2093,1695,2454,2119,2016-04-01,Ahmadnagar,759
sorgum(jawar),2016,May,5311,1653,2320,2046,2016-05-01,Ahmadnagar,667
sorgum(jawar),2016,June,1501,1723,2278,2042,2016-06-01,Ahmadnagar,555
sorgum(jawar),2016,August,869,1659,1965,1822,2016-08-01,Ahmadnagar,306
sorgum(jawar),2016,September,425,1667,1977,1834,2016-09-01,Ahmadnagar,310
sorgum(jawar),2016,October,1747,1656,2188,1938,2016-10-01,Ahmadnagar,532
sorgum(jawar),2016,November,459,2030,2487,2284,2016-11-01,Ahmadnagar,457
