Commodity,Year,Month,arrivals_in_qtl,min_price,max_price,modal_price,date,district_name,diff_price
wheat(husked),2014,November,911,1571,1785,1677,2014-11-01,Ahmadnagar,214
wheat(husked),2015,January,174,1664,1967,1812,2015-01-01,Ahmadnagar,303
wheat(husked),2015,February,42,1511,1850,1680,2015-02-01,Ahmadnagar,339
wheat(husked),2015,March,163,1550,2000,1775,2015-03-01,Ahmadnagar,450
wheat(husked),2015,April,1253,1572,1890,1731,2015-04-01,Ahmadnagar,318
wheat(husked),2015,June,673,1531,1828,1740,2015-06-01,Ahmadnagar,297
wheat(husked),2015,July,354,1537,1664,1664,2015-07-01,Ahmadnagar,127
wheat(husked),2015,August,100,1537,1672,1600,2015-08-01,Ahmadnagar,135
wheat(husked),2015,September,111,1654,1780,1729,2015-09-01,Ahmadnagar,126
wheat(husked),2015,October,754,1620,1850,1756,2015-10-01,Ahmadnagar,230
wheat(husked),2015,November,1045,1580,2075,1847,2015-11-01,Ahmadnagar,495
wheat(husked),2015,December,914,1686,2069,1883,2015-12-01,Ahmadnagar,383
wheat(husked),2016,January,512,1639,2015,1864,2016-01-01,Ahmadnagar,376
wheat(husked),2016,February,110,1845,2066,2003,2016-02-01,Ahmadnagar,221
wheat(husked),2016,March,119,1655,1845,1757,2016-03-01,Ahmadnagar,190
wheat(husked),2016,April,387,1750,2220,1999,2016-04-01,Ahmadnagar,470
wheat(husked),2016,May,670,2552,2969,2824,2016-05-01,Ahmadnagar,417
wheat(husked),2016,June,747,1842,2303,2062,2016-06-01,Ahmadnagar,461
wheat(husked),2016,August,67,1747,1845,1813,2016-08-01,Ahmadnagar,98
wheat(husked),2016,September,37,1831,1881,1859,2016-09-01,Ahmadnagar,50
wheat(husked),2016,October,82,1709,1842,1784,2016-10-01,Ahmadnagar,133
wheat(husked),2016,November,79,1849,2116,2006,2016-11-01,Ahmadnagar,267
