Commodity,Year,Month,arrivals_in_qtl,min_price,max_price,modal_price,date,district_name,diff_price
green gram,2014,November,241,6645,8020,7333,2014-11-01,Ahmadnagar,1375
green gram,2015,January,16,7350,7975,7663,2015-01-01,Ahmadnagar,625
green gram,2015,June,117,6580,7730,7410,2015-06-01,Ahmadnagar,1150
green gram,2015,July,13,6600,7025,7025,2015-07-01,Ahmadnagar,425
green gram,2015,August,1843,6670,7788,7290,2015-08-01,Ahmadnagar,1118
green gram,2015,September,984,7356,8450,7917,2015-09-01,Ahmadnagar,1094
green gram,2015,October,305,8007,8836,8466,2015-10-01,Ahmadnagar,829
green gram,2015,November,114,7508,8069,7809,2015-11-01,Ahmadnagar,561
green gram,2015,December,42,7300,7592,7453,2015-12-01,Ahmadnagar,292
green gram,2016,January,12,7340,7520,7440,2016-01-01,Ahmadnagar,180
green gram,2016,February,2,6650,6650,6650,2016-02-01,Ahmadnagar,0
green gram,2016,March,3,7500,7500,7500,2016-03-01,Ahmadnagar,0
green gram,2016,May,35,7376,7376,7376,2016-05-01,Ahmadnagar,0
green gram,2016,June,27,7029,7029,7029,2016-06-01,Ahmadnagar,0
green gram,2016,August,5913,4475,5414,5010,2016-08-01,Ahmadnagar,939
green gram,2016,September,23020,4735,5522,5158,2016-09-01,Ahmadnagar,787
green gram,2016,October,2954,4649,5538,5116,2016-10-01,Ahmadnagar,889
green gram,2016,November,697,4756,5223,5007,2016-11-01,Ahmadnagar,467
