Commodity,Year,Month,arrivals_in_qtl,min_price,max_price,modal_price,date,district_name,diff_price
sesamum,2014,October,51,8867,10133,9578,2014-10-01,Latur,1266
sesamum,2014,November,47,8831,9685,9252,2014-11-01,Latur,854
sesamum,2015,June,2,7200,7200,7200,2015-06-01,Latur,0
sesamum,2015,July,5,7310,7310,7310,2015-07-01,Latur,0
sesamum,2015,August,2,7050,7050,7050,2015-08-01,Latur,0
sesamum,2015,September,3,6301,6301,6301,2015-09-01,Latur,0
sesamum,2015,October,25,6093,6900,6900,2015-10-01,Latur,807
sesamum,2015,November,37,5990,7180,7180,2015-11-01,Latur,1190
sesamum,2015,December,18,5417,5880,5880,2015-12-01,Latur,463
sesamum,2016,January,38,4162,5191,5191,2016-01-01,Latur,1029
sesamum,2016,February,14,3993,3993,3993,2016-02-01,Latur,0
sesamum,2016,July,1,4700,4700,4700,2016-07-01,Latur,0
sesamum,2016,August,7,4825,5550,5538,2016-08-01,Latur,725
sesamum,2016,September,4,5067,5287,5177,2016-09-01,Latur,220
sesamum,2016,October,73,4367,5527,4960,2016-10-01,Latur,1160
sesamum,2016,November,55,4043,4929,4486,2016-11-01,Latur,886
