Commodity,Year,Month,arrivals_in_qtl,min_price,max_price,modal_price,date,district_name,diff_price
bottle gourd,2015,June,43,300,933,617,2015-06-01,Ahmadnagar,633
bottle gourd,2015,July,60,300,967,633,2015-07-01,Ahmadnagar,667
bottle gourd,2015,August,19,700,1000,850,2015-08-01,Ahmadnagar,300
bottle gourd,2015,September,29,500,1000,750,2015-09-01,Ahmadnagar,500
bottle gourd,2015,October,14,800,1200,1000,2015-10-01,Ahmadnagar,400
bottle gourd,2015,November,11,500,1200,850,2015-11-01,Ahmadnagar,700
bottle gourd,2015,December,80,380,1380,880,2015-12-01,Ahmadnagar,1000
bottle gourd,2016,January,36,480,1560,1020,2016-01-01,Ahmadnagar,1080
bottle gourd,2016,February,71,333,833,667,2016-02-01,Ahmadnagar,500
bottle gourd,2016,May,89,500,1825,1163,2016-05-01,Ahmadnagar,1325
bottle gourd,2016,June,263,510,2420,1465,2016-06-01,Ahmadnagar,1910
bottle gourd,2016,July,253,348,1338,852,2016-07-01,Ahmadnagar,990
bottle gourd,2016,August,257,138,713,425,2016-08-01,Ahmadnagar,575
bottle gourd,2016,September,318,158,600,376,2016-09-01,Ahmadnagar,442
bottle gourd,2016,October,82,433,1600,1017,2016-10-01,Ahmadnagar,1167
bottle gourd,2016,November,65,225,725,475,2016-11-01,Ahmadnagar,500
