Commodity,Year,Month,arrivals_in_qtl,min_price,max_price,modal_price,date,district_name,diff_price
horse gram,2014,November,16,3261,3261,3261,2014-11-01,Ahmadnagar,0
horse gram,2015,January,5,7501,7501,7501,2015-01-01,Ahmadnagar,0
horse gram,2015,April,3,7150,7150,7150,2015-04-01,Ahmadnagar,0
horse gram,2015,June,1,5000,6000,6000,2015-06-01,Ahmadnagar,1000
horse gram,2015,November,4,4817,4817,4817,2015-11-01,Ahmadnagar,0
horse gram,2015,December,11,8200,8850,8538,2015-12-01,Ahmadnagar,650
horse gram,2016,January,6,9750,9750,9750,2016-01-01,Ahmadnagar,0
horse gram,2016,February,21,8500,8500,8500,2016-02-01,Ahmadnagar,0
horse gram,2016,March,2,15000,15000,15000,2016-03-01,Ahmadnagar,0
horse gram,2016,May,8,2900,3200,3000,2016-05-01,Ahmadnagar,300
horse gram,2016,June,14,3300,3300,3300,2016-06-01,Ahmadnagar,0
horse gram,2016,November,15,4050,4050,4050,2016-11-01,Ahmadnagar,0
