Commodity,Year,Month,arrivals_in_qtl,min_price,max_price,modal_price,date,district_name,diff_price
sorgum(jawar),2014,October,64,895,1150,1023,2014-10-01,Latur,255
sorgum(jawar),2014,November,556,1019,1808,1404,2014-11-01,Latur,789
sorgum(jawar),2015,June,98,1568,1695,1605,2015-06-01,Latur,127
sorgum(jawar),2015,July,72,1598,1685,1642,2015-07-01,Latur,87
sorgum(jawar),2015,August,68,1504,1663,1663,2015-08-01,Latur,159
sorgum(jawar),2015,September,294,1538,1846,1846,2015-09-01,Latur,308
sorgum(jawar),2015,October,1174,1522,1844,1844,2015-10-01,Latur,322
sorgum(jawar),2015,November,1860,1624,1857,1857,2015-11-01,Latur,233
sorgum(jawar),2015,December,1165,1765,1920,1918,2015-12-01,Latur,155
sorgum(jawar),2016,January,987,1618,1787,1787,2016-01-01,Latur,169
sorgum(jawar),2016,February,953,1640,1826,1826,2016-02-01,Latur,186
sorgum(jawar),2016,March,344,1498,1626,1613,2016-03-01,Latur,128
sorgum(jawar),2016,April,400,1570,1592,1583,2016-04-01,Latur,22
sorgum(jawar),2016,May,32,1500,1570,1553,2016-05-01,Latur,70
sorgum(jawar),2016,June,693,1514,1613,1556,2016-06-01,Latur,99
sorgum(jawar),2016,July,391,1576,1716,1658,2016-07-01,Latur,140
sorgum(jawar),2016,August,2071,1471,1585,1546,2016-08-01,Latur,114
sorgum(jawar),2016,September,772,1553,1659,1600,2016-09-01,Latur,106
sorgum(jawar),2016,October,1826,1305,1818,1552,2016-10-01,Latur,513
sorgum(jawar),2016,November,3816,1147,1832,1488,2016-11-01,Latur,685
