Commodity,Year,Month,arrivals_in_qtl,min_price,max_price,modal_price,date,district_name,diff_price
garlic,2015,June,61,2250,6833,4542,2015-06-01,Ahmadnagar,4583
garlic,2015,July,104,4500,7150,5825,2015-07-01,Ahmadnagar,2650
garlic,2015,August,58,4400,7400,5900,2015-08-01,Ahmadnagar,3000
garlic,2015,September,51,4000,6325,5038,2015-09-01,Ahmadnagar,2325
garlic,2015,October,104,5625,8563,7094,2015-10-01,Ahmadnagar,2938
garlic,2015,December,65,8091,12200,10636,2015-12-01,Ahmadnagar,4109
garlic,2016,January,29,8444,12222,10333,2016-01-01,Ahmadnagar,3778
garlic,2016,February,42,3720,7360,5800,2016-02-01,Ahmadnagar,3640
garlic,2016,April,14,4500,6000,5250,2016-04-01,Ahmadnagar,1500
garlic,2016,May,39,4500,8458,6521,2016-05-01,Ahmadnagar,3958
garlic,2016,June,87,6417,11500,9000,2016-06-01,Ahmadnagar,5083
garlic,2016,July,82,5630,11196,8663,2016-07-01,Ahmadnagar,5566
garlic,2016,August,84,7821,12143,9979,2016-08-01,Ahmadnagar,4322
garlic,2016,September,84,7313,13406,10641,2016-09-01,Ahmadnagar,6093
garlic,2016,October,75,6756,14889,11194,2016-10-01,Ahmadnagar,8133
garlic,2016,November,15,4200,8233,6383,2016-11-01,Ahmadnagar,4033
