Commodity,Year,Month,arrivals_in_qtl,min_price,max_price,modal_price,date,district_name,diff_price
cluster bean,2015,June,73,1200,3500,2350,2015-06-01,Ahmadnagar,2300
cluster bean,2015,July,126,2222,3944,3083,2015-07-01,Ahmadnagar,1722
cluster bean,2015,August,41,2900,4300,3600,2015-08-01,Ahmadnagar,1400
cluster bean,2015,September,32,2125,3875,3000,2015-09-01,Ahmadnagar,1750
cluster bean,2015,October,130,3682,5909,4795,2015-10-01,Ahmadnagar,2227
cluster bean,2015,November,103,2750,5750,4200,2015-11-01,Ahmadnagar,3000
cluster bean,2015,December,65,3818,6136,4977,2015-12-01,Ahmadnagar,2318
cluster bean,2016,January,51,4333,7500,5917,2016-01-01,Ahmadnagar,3167
cluster bean,2016,February,25,4833,7500,6167,2016-02-01,Ahmadnagar,2667
cluster bean,2016,April,46,4250,6875,5750,2016-04-01,Ahmadnagar,2625
cluster bean,2016,May,164,2364,5682,4023,2016-05-01,Ahmadnagar,3318
cluster bean,2016,June,351,3063,6958,5010,2016-06-01,Ahmadnagar,3895
cluster bean,2016,July,243,2625,6229,4448,2016-07-01,Ahmadnagar,3604
cluster bean,2016,August,241,2095,5143,3619,2016-08-01,Ahmadnagar,3048
cluster bean,2016,September,315,1235,3765,2500,2016-09-01,Ahmadnagar,2530
cluster bean,2016,October,85,2045,4882,3464,2016-10-01,Ahmadnagar,2837
cluster bean,2016,November,74,1583,4500,3042,2016-11-01,Ahmadnagar,2917
