Commodity,Year,Month,arrivals_in_qtl,min_price,max_price,modal_price,date,district_name,diff_price
capsicum,2015,June,141,1000,3375,2188,2015-06-01,Ahmadnagar,2375
capsicum,2015,July,28,1500,3000,2250,2015-07-01,Ahmadnagar,1500
capsicum,2015,October,125,1300,2480,1890,2015-10-01,Ahmadnagar,1180
capsicum,2015,November,14,1000,2000,1500,2015-11-01,Ahmadnagar,1000
capsicum,2015,December,99,1400,2900,2150,2015-12-01,Ahmadnagar,1500
capsicum,2016,January,25,1667,3167,2417,2016-01-01,Ahmadnagar,1500
capsicum,2016,February,39,1000,2667,2167,2016-02-01,Ahmadnagar,1667
capsicum,2016,April,68,1333,3167,2500,2016-04-01,Ahmadnagar,1834
capsicum,2016,May,95,2167,4083,3125,2016-05-01,Ahmadnagar,1916
capsicum,2016,June,269,3111,5261,4186,2016-06-01,Ahmadnagar,2150
capsicum,2016,July,150,2842,4868,3855,2016-07-01,Ahmadnagar,2026
capsicum,2016,August,150,2067,3400,2733,2016-08-01,Ahmadnagar,1333
capsicum,2016,September,253,690,1270,980,2016-09-01,Ahmadnagar,580
capsicum,2016,October,209,760,2020,1390,2016-10-01,Ahmadnagar,1260
capsicum,2016,November,50,800,1600,1200,2016-11-01,Ahmadnagar,800
