Commodity,Year,Month,arrivals_in_qtl,min_price,max_price,modal_price,date,district_name,diff_price
tomato,2015,June,713,371,1486,929,2015-06-01,Ahmadnagar,1115
tomato,2015,July,775,1122,1956,1539,2015-07-01,Ahmadnagar,834
tomato,2015,August,891,717,1267,992,2015-08-01,Ahmadnagar,550
tomato,2015,September,664,500,1000,750,2015-09-01,Ahmadnagar,500
tomato,2015,October,1114,550,1560,1055,2015-10-01,Ahmadnagar,1010
tomato,2015,November,724,900,3190,2045,2015-11-01,Ahmadnagar,2290
tomato,2015,December,1167,550,2240,1395,2015-12-01,Ahmadnagar,1690
tomato,2016,January,906,480,1960,1220,2016-01-01,Ahmadnagar,1480
tomato,2016,February,479,300,1017,692,2016-02-01,Ahmadnagar,717
tomato,2016,April,334,350,875,700,2016-04-01,Ahmadnagar,525
tomato,2016,May,1043,521,2693,1618,2016-05-01,Ahmadnagar,2172
tomato,2016,June,965,995,5600,3275,2016-06-01,Ahmadnagar,4605
tomato,2016,July,1186,821,4029,2346,2016-07-01,Ahmadnagar,3208
tomato,2016,August,1584,333,1343,838,2016-08-01,Ahmadnagar,1010
tomato,2016,September,2144,157,724,443,2016-09-01,Ahmadnagar,567
tomato,2016,October,907,227,1127,632,2016-10-01,Ahmadnagar,900
tomato,2016,November,829,167,900,533,2016-11-01,Ahmadnagar,733
