Commodity,Year,Month,arrivals_in_qtl,min_price,max_price,modal_price,date,district_name,diff_price
tamarind,2015,January,256,5562,8650,7106,2015-01-01,Ahmadnagar,3088
tamarind,2015,February,117,5215,8050,6632,2015-02-01,Ahmadnagar,2835
tamarind,2015,March,208,5052,8120,6586,2015-03-01,Ahmadnagar,3068
tamarind,2015,April,11701,5486,9309,7398,2015-04-01,Ahmadnagar,3823
tamarind,2015,June,219,3700,4400,4050,2015-06-01,Ahmadnagar,700
tamarind,2015,July,1,3000,3000,3000,2015-07-01,Ahmadnagar,0
tamarind,2016,January,86,7370,8236,7934,2016-01-01,Ahmadnagar,866
tamarind,2016,February,2033,6875,10789,9378,2016-02-01,Ahmadnagar,3914
tamarind,2016,March,3991,6842,13767,10425,2016-03-01,Ahmadnagar,6925
tamarind,2016,April,9150,6989,10229,8481,2016-04-01,Ahmadnagar,3240
tamarind,2016,May,775,6804,7589,7185,2016-05-01,Ahmadnagar,785
tamarind,2016,June,25,4900,5375,5100,2016-06-01,Ahmadnagar,475
