Commodity,Year,Month,arrivals_in_qtl,min_price,max_price,modal_price,date,district_name,diff_price
rice(paddy-hus),2014,October,3,1526,1551,1538,2014-10-01,Latur,25
rice(paddy-hus),2015,December,1,1631,1631,1631,2015-12-01,Latur,0
rice(paddy-hus),2016,January,1,1425,1425,1425,2016-01-01,Latur,0
rice(paddy-hus),2016,February,12,1480,1523,1523,2016-02-01,Latur,43
rice(paddy-hus),2016,July,22,1411,1500,1500,2016-07-01,Latur,89
rice(paddy-hus),2016,August,28,1381,1405,1405,2016-08-01,Latur,24
