Commodity,Year,Month,arrivals_in_qtl,min_price,max_price,modal_price,date,district_name,diff_price
mustard,2015,January,1,4300,4300,4300,2015-01-01,Ahmadnagar,0
mustard,2015,February,1,3501,3501,3501,2015-02-01,Ahmadnagar,0
mustard,2015,April,22,3617,3617,3617,2015-04-01,Ahmadnagar,0
mustard,2015,June,1,3900,3900,3900,2015-06-01,Ahmadnagar,0
mustard,2015,July,37,3725,3725,3725,2015-07-01,Ahmadnagar,0
mustard,2015,November,2,3800,3800,3800,2015-11-01,Ahmadnagar,0
mustard,2016,April,2,3800,3800,3800,2016-04-01,Ahmadnagar,0
