Commodity,Year,Month,arrivals_in_qtl,min_price,max_price,modal_price,date,district_name,diff_price
green gram,2014,October,116,5963,6861,6417,2014-10-01,Latur,898
green gram,2014,November,109,6681,7535,7071,2014-11-01,Latur,854
green gram,2015,July,1,6500,6500,6500,2015-07-01,Latur,0
green gram,2015,August,23,6701,7115,7115,2015-08-01,Latur,414
green gram,2015,September,70,7231,7889,7889,2015-09-01,Latur,658
green gram,2015,October,50,7778,8894,8838,2015-10-01,Latur,1116
green gram,2015,November,19,7463,7725,7725,2015-11-01,Latur,262
green gram,2015,December,14,6846,7339,7339,2015-12-01,Latur,493
green gram,2016,January,8,6213,6228,6228,2016-01-01,Latur,15
green gram,2016,February,2,5451,5451,5451,2016-02-01,Latur,0
green gram,2016,March,1,6952,6952,6952,2016-03-01,Latur,0
green gram,2016,June,2,5850,5850,5850,2016-06-01,Latur,0
green gram,2016,July,6,5201,5201,5201,2016-07-01,Latur,0
green gram,2016,August,191,4171,4712,4512,2016-08-01,Latur,541
green gram,2016,September,697,4916,5345,5130,2016-09-01,Latur,429
green gram,2016,October,446,4310,4907,4600,2016-10-01,Latur,597
green gram,2016,November,162,4030,4476,4249,2016-11-01,Latur,446
