Commodity,Year,Month,arrivals_in_qtl,min_price,max_price,modal_price,date,district_name,diff_price
ghevda,2015,June,5,2250,3750,3000,2015-06-01,Ahmadnagar,1500
ghevda,2015,July,8,2667,3400,2767,2015-07-01,Ahmadnagar,733
ghevda,2015,August,28,1000,2000,1600,2015-08-01,Ahmadnagar,1000
ghevda,2015,September,11,2667,4667,3667,2015-09-01,Ahmadnagar,2000
ghevda,2015,October,12,2583,4750,3708,2015-10-01,Ahmadnagar,2167
ghevda,2015,November,18,4000,5375,4688,2015-11-01,Ahmadnagar,1375
ghevda,2015,December,59,1889,3500,2694,2015-12-01,Ahmadnagar,1611
ghevda,2016,January,32,2556,4500,3528,2016-01-01,Ahmadnagar,1944
ghevda,2016,February,21,2600,3900,3500,2016-02-01,Ahmadnagar,1300
ghevda,2016,April,3,4500,6000,5250,2016-04-01,Ahmadnagar,1500
ghevda,2016,May,56,7667,8667,8167,2016-05-01,Ahmadnagar,1000
ghevda,2016,June,110,6438,7138,6788,2016-06-01,Ahmadnagar,700
ghevda,2016,July,25,3250,5125,4208,2016-07-01,Ahmadnagar,1875
ghevda,2016,August,139,1339,3122,2228,2016-08-01,Ahmadnagar,1783
ghevda,2016,September,108,1293,2540,1917,2016-09-01,Ahmadnagar,1247
ghevda,2016,October,23,2000,4563,3281,2016-10-01,Ahmadnagar,2563
ghevda,2016,November,17,1350,2125,1738,2016-11-01,Ahmadnagar,775
