Commodity,Year,Month,arrivals_in_qtl,min_price,max_price,modal_price,date,district_name,diff_price
sunflower,2014,October,61,2541,2760,2675,2014-10-01,Latur,219
sunflower,2014,November,400,2840,4461,3008,2014-11-01,Latur,1621
sunflower,2015,June,16,2955,3369,3152,2015-06-01,Latur,414
sunflower,2015,July,8,3219,3219,3219,2015-07-01,Latur,0
sunflower,2015,August,5,3750,3750,3750,2015-08-01,Latur,0
sunflower,2015,September,27,3048,3158,3158,2015-09-01,Latur,110
sunflower,2015,October,72,3224,3482,3482,2015-10-01,Latur,258
sunflower,2015,November,359,3407,3727,3727,2015-11-01,Latur,320
sunflower,2015,December,645,3572,3770,3770,2015-12-01,Latur,198
sunflower,2016,January,74,3548,3767,3767,2016-01-01,Latur,219
sunflower,2016,February,117,3710,3808,3808,2016-02-01,Latur,98
sunflower,2016,March,34,3580,3666,3655,2016-03-01,Latur,86
sunflower,2016,April,29,3432,3479,3456,2016-04-01,Latur,47
sunflower,2016,May,1,3800,3800,3800,2016-05-01,Latur,0
sunflower,2016,June,22,3407,3566,3472,2016-06-01,Latur,159
sunflower,2016,July,17,3330,3519,3432,2016-07-01,Latur,189
sunflower,2016,August,33,3360,3469,3469,2016-08-01,Latur,109
sunflower,2016,September,56,3465,3658,3552,2016-09-01,Latur,193
sunflower,2016,October,320,2951,3121,3042,2016-10-01,Latur,170
sunflower,2016,November,279,2763,2972,2870,2016-11-01,Latur,209
