Commodity,Year,Month,arrivals_in_qtl,min_price,max_price,modal_price,date,district_name,diff_price
ginger (fresh),2015,June,102,2333,5400,3867,2015-06-01,Ahmadnagar,3067
ginger (fresh),2015,July,65,3067,3500,3283,2015-07-01,Ahmadnagar,433
ginger (fresh),2015,August,25,2000,3300,2650,2015-08-01,Ahmadnagar,1300
ginger (fresh),2015,September,35,2000,3000,2500,2015-09-01,Ahmadnagar,1000
ginger (fresh),2015,October,96,1800,3000,2400,2015-10-01,Ahmadnagar,1200
ginger (fresh),2015,November,52,2000,3300,2650,2015-11-01,Ahmadnagar,1300
ginger (fresh),2015,December,78,1857,3000,2429,2015-12-01,Ahmadnagar,1143
ginger (fresh),2016,January,121,1875,3000,2438,2016-01-01,Ahmadnagar,1125
ginger (fresh),2016,February,50,1250,2900,2250,2016-02-01,Ahmadnagar,1650
ginger (fresh),2016,April,46,1667,3000,2500,2016-04-01,Ahmadnagar,1333
ginger (fresh),2016,May,21,1000,2167,1583,2016-05-01,Ahmadnagar,1167
ginger (fresh),2016,June,35,1818,2945,2336,2016-06-01,Ahmadnagar,1127
ginger (fresh),2016,July,17,1833,2667,2250,2016-07-01,Ahmadnagar,834
ginger (fresh),2016,August,61,1192,2192,1692,2016-08-01,Ahmadnagar,1000
ginger (fresh),2016,September,19,1300,2040,1670,2016-09-01,Ahmadnagar,740
ginger (fresh),2016,October,75,1360,2080,1720,2016-10-01,Ahmadnagar,720
ginger (fresh),2016,November,4,1000,2000,1500,2016-11-01,Ahmadnagar,1000
