Commodity,Year,Month,arrivals_in_qtl,min_price,max_price,modal_price,date,district_name,diff_price
potato,2015,June,601,250,867,558,2015-06-01,Ahmadnagar,617
potato,2015,July,475,425,875,650,2015-07-01,Ahmadnagar,450
potato,2015,August,253,500,867,692,2015-08-01,Ahmadnagar,367
potato,2015,September,244,620,920,770,2015-09-01,Ahmadnagar,300
potato,2015,October,2359,1318,2227,1773,2015-10-01,Ahmadnagar,909
potato,2015,November,1429,560,1150,855,2015-11-01,Ahmadnagar,590
potato,2015,December,1962,545,1136,841,2015-12-01,Ahmadnagar,591
potato,2016,January,2018,570,1050,810,2016-01-01,Ahmadnagar,480
potato,2016,February,807,533,1150,933,2016-02-01,Ahmadnagar,617
potato,2016,April,510,767,1367,1133,2016-04-01,Ahmadnagar,600
potato,2016,May,1635,700,1564,1139,2016-05-01,Ahmadnagar,864
potato,2016,June,2209,965,1698,1332,2016-06-01,Ahmadnagar,733
potato,2016,July,2283,1117,1783,1465,2016-07-01,Ahmadnagar,666
potato,2016,August,3351,1037,1663,1350,2016-08-01,Ahmadnagar,626
potato,2016,September,2319,1016,1468,1242,2016-09-01,Ahmadnagar,452
potato,2016,October,1025,845,1345,1095,2016-10-01,Ahmadnagar,500
potato,2016,November,1136,700,1125,900,2016-11-01,Ahmadnagar,425
