Commodity,Year,Month,arrivals_in_qtl,min_price,max_price,modal_price,date,district_name,diff_price
pigeon pea (tur),2014,October,38,3735,4180,3963,2014-10-01,Latur,445
pigeon pea (tur),2014,November,52,3925,4673,4288,2014-11-01,Latur,748
pigeon pea (tur),2015,June,65,6306,6594,6438,2015-06-01,Latur,288
pigeon pea (tur),2015,July,113,6666,7037,6875,2015-07-01,Latur,371
pigeon pea (tur),2015,August,95,7933,8965,8863,2015-08-01,Latur,1032
pigeon pea (tur),2015,September,117,8603,9174,9174,2015-09-01,Latur,571
pigeon pea (tur),2015,October,57,8805,10678,10678,2015-10-01,Latur,1873
pigeon pea (tur),2015,November,19,7870,8634,8634,2015-11-01,Latur,764
pigeon pea (tur),2015,December,689,8727,9074,9071,2015-12-01,Latur,347
pigeon pea (tur),2016,January,1229,9043,9319,9319,2016-01-01,Latur,276
pigeon pea (tur),2016,February,504,8084,8463,8462,2016-02-01,Latur,379
pigeon pea (tur),2016,March,340,7839,8255,8163,2016-03-01,Latur,416
pigeon pea (tur),2016,April,305,8343,8894,8611,2016-04-01,Latur,551
pigeon pea (tur),2016,May,12,8201,8676,8506,2016-05-01,Latur,475
pigeon pea (tur),2016,June,216,8337,8755,8563,2016-06-01,Latur,418
pigeon pea (tur),2016,July,134,8225,8510,8382,2016-07-01,Latur,285
pigeon pea (tur),2016,August,527,5850,6419,6232,2016-08-01,Latur,569
pigeon pea (tur),2016,September,254,6144,6753,6432,2016-09-01,Latur,609
pigeon pea (tur),2016,October,145,5033,6337,5642,2016-10-01,Latur,1304
pigeon pea (tur),2016,November,93,4336,5321,4807,2016-11-01,Latur,985
