Commodity,Year,Month,arrivals_in_qtl,min_price,max_price,modal_price,date,district_name,diff_price
cowpea,2015,June,35,5817,6200,6200,2015-06-01,Ahmadnagar,383
cowpea,2015,July,3,5250,5250,5250,2015-07-01,Ahmadnagar,0
cowpea,2015,August,3,4967,4967,4967,2015-08-01,Ahmadnagar,0
cowpea,2015,September,2,5000,5500,5335,2015-09-01,Ahmadnagar,500
cowpea,2015,November,2,5000,5000,5000,2015-11-01,Ahmadnagar,0
cowpea,2015,December,3,4250,4250,4250,2015-12-01,Ahmadnagar,0
cowpea,2016,January,15,4200,4200,4200,2016-01-01,Ahmadnagar,0
cowpea,2016,February,1,4500,4500,4500,2016-02-01,Ahmadnagar,0
cowpea,2016,March,1,3300,3300,3300,2016-03-01,Ahmadnagar,0
