Commodity,Year,Month,arrivals_in_qtl,min_price,max_price,modal_price,date,district_name,diff_price
tamarind seed,2015,April,8,1480,1480,1480,2015-04-01,Ahmadnagar,0
tamarind seed,2015,June,19,1664,1664,1664,2015-06-01,Ahmadnagar,0
tamarind seed,2015,July,2,1600,1600,1600,2015-07-01,Ahmadnagar,0
tamarind seed,2016,February,9,1600,1600,1600,2016-02-01,Ahmadnagar,0
tamarind seed,2016,April,215,1804,1804,1804,2016-04-01,Ahmadnagar,0
tamarind seed,2016,May,39,1857,1857,1857,2016-05-01,Ahmadnagar,0
tamarind seed,2016,August,1,1100,1100,1100,2016-08-01,Ahmadnagar,0
