Commodity,Year,Month,arrivals_in_qtl,min_price,max_price,modal_price,date,district_name,diff_price
brinjal,2015,June,174,471,1814,1143,2015-06-01,Ahmadnagar,1343
brinjal,2015,July,187,811,1633,1256,2015-07-01,Ahmadnagar,822
brinjal,2015,August,141,1033,2033,1533,2015-08-01,Ahmadnagar,1000
brinjal,2015,September,177,900,1860,1380,2015-09-01,Ahmadnagar,960
brinjal,2015,October,341,1273,2873,2073,2015-10-01,Ahmadnagar,1600
brinjal,2015,November,325,950,2700,1835,2015-11-01,Ahmadnagar,1750
brinjal,2015,December,373,773,2909,1841,2015-12-01,Ahmadnagar,2136
brinjal,2016,January,255,1350,4550,2900,2016-01-01,Ahmadnagar,3200
brinjal,2016,February,207,450,1450,1033,2016-02-01,Ahmadnagar,1000
brinjal,2016,April,120,625,2625,2000,2016-04-01,Ahmadnagar,2000
brinjal,2016,May,261,529,2971,1761,2016-05-01,Ahmadnagar,2442
brinjal,2016,June,401,542,2958,1750,2016-06-01,Ahmadnagar,2416
brinjal,2016,July,431,429,1983,1271,2016-07-01,Ahmadnagar,1554
brinjal,2016,August,366,629,2500,1540,2016-08-01,Ahmadnagar,1871
brinjal,2016,September,440,405,1714,1060,2016-09-01,Ahmadnagar,1309
brinjal,2016,October,197,918,3882,2400,2016-10-01,Ahmadnagar,2964
brinjal,2016,November,222,333,1617,975,2016-11-01,Ahmadnagar,1284
