Commodity,Year,Month,arrivals_in_qtl,min_price,max_price,modal_price,date,district_name,diff_price
turmeric,2014,September,96,5000,5233,5117,2014-09-01,Hingoli,233
turmeric,2014,October,15,5000,5300,5150,2014-10-01,Hingoli,300
turmeric,2014,November,9,5000,5300,5150,2014-11-01,Hingoli,300
turmeric,2015,March,223,6533,7267,6900,2015-03-01,Hingoli,734
turmeric,2015,April,53,6750,7500,7125,2015-04-01,Hingoli,750
turmeric,2015,June,122,6375,6950,6663,2015-06-01,Hingoli,575
turmeric,2015,July,32,5750,6250,5875,2015-07-01,Hingoli,500
turmeric,2015,August,39,6000,6500,6250,2015-08-01,Hingoli,500
turmeric,2015,September,13,6000,6500,6250,2015-09-01,Hingoli,500
turmeric,2015,October,47,6500,7400,6950,2015-10-01,Hingoli,900
turmeric,2015,December,57,7000,7500,7250,2015-12-01,Hingoli,500
turmeric,2016,March,41,8500,9500,9000,2016-03-01,Hingoli,1000
turmeric,2016,April,57,9167,10667,9917,2016-04-01,Hingoli,1500
turmeric,2016,May,66,7875,8425,8150,2016-05-01,Hingoli,550
turmeric,2016,June,55,8500,9250,8875,2016-06-01,Hingoli,750
turmeric,2016,July,12,9000,10000,9500,2016-07-01,Hingoli,1000
