Commodity,Year,Month,arrivals_in_qtl,min_price,max_price,modal_price,date,district_name,diff_price
gram,2014,September,128,3140,3260,3200,2014-09-01,Hingoli,120
gram,2014,October,253,3120,3280,3200,2014-10-01,Hingoli,160
gram,2014,November,61,3000,3100,3083,2014-11-01,Hingoli,100
gram,2014,December,430,3000,3100,3079,2014-12-01,Hingoli,100
gram,2015,January,236,3060,3180,3110,2015-01-01,Hingoli,120
gram,2015,February,125,3113,3194,3153,2015-02-01,Hingoli,81
gram,2015,March,1146,3090,3270,3180,2015-03-01,Hingoli,180
gram,2015,April,401,3013,3200,3106,2015-04-01,Hingoli,187
gram,2015,June,344,3463,3800,3631,2015-06-01,Hingoli,337
gram,2015,July,86,3400,3550,3475,2015-07-01,Hingoli,150
gram,2015,August,181,3435,3617,3525,2015-08-01,Hingoli,182
gram,2015,September,72,3200,3350,3275,2015-09-01,Hingoli,150
gram,2015,October,161,4000,4250,4113,2015-10-01,Hingoli,250
gram,2015,November,35,4100,4250,4175,2015-11-01,Hingoli,150
gram,2015,December,157,3300,3500,3400,2015-12-01,Hingoli,200
gram,2016,January,343,3475,3700,3575,2016-01-01,Hingoli,225
gram,2016,February,2489,3711,3978,3844,2016-02-01,Hingoli,267
gram,2016,March,4151,3730,3953,3846,2016-03-01,Hingoli,223
gram,2016,April,439,3886,4057,3971,2016-04-01,Hingoli,171
gram,2016,May,543,3600,3740,3670,2016-05-01,Hingoli,140
gram,2016,June,233,5100,5320,5210,2016-06-01,Hingoli,220
gram,2016,July,296,6933,7233,7083,2016-07-01,Hingoli,300
gram,2016,August,204,6520,6840,6680,2016-08-01,Hingoli,320
gram,2016,September,44,8000,8200,8100,2016-09-01,Hingoli,200
gram,2016,October,103,7500,8500,8000,2016-10-01,Hingoli,1000
gram,2016,November,72,6000,6300,6150,2016-11-01,Hingoli,300
