Commodity,Year,Month,arrivals_in_qtl,min_price,max_price,modal_price,date,district_name,diff_price
cotton,2014,November,711,4009,4159,4070,2014-11-01,Hingoli,150
cotton,2014,December,2706,4000,4138,4069,2014-12-01,Hingoli,138
cotton,2015,January,863,4000,4107,4077,2015-01-01,Hingoli,107
cotton,2015,February,1664,3925,4022,3980,2015-02-01,Hingoli,97
cotton,2015,March,3068,3909,4055,3982,2015-03-01,Hingoli,146
cotton,2015,October,119,4060,4220,4140,2015-10-01,Hingoli,160
cotton,2015,November,1887,4065,4212,4138,2015-11-01,Hingoli,147
cotton,2015,December,1250,4044,4142,4093,2015-12-01,Hingoli,98
cotton,2016,January,967,4367,4553,4460,2016-01-01,Hingoli,186
cotton,2016,February,532,4356,4522,4439,2016-02-01,Hingoli,166
cotton,2016,March,179,4300,4500,4400,2016-03-01,Hingoli,200
cotton,2016,November,762,4722,4922,4825,2016-11-01,Hingoli,200
