Commodity,Year,Month,arrivals_in_qtl,min_price,max_price,modal_price,date,district_name,diff_price
castor seed,2015,April,60,3000,3200,3100,2015-04-01,Hingoli,200
castor seed,2015,June,90,3060,3320,3190,2015-06-01,Hingoli,260
castor seed,2015,July,16,3100,3200,3150,2015-07-01,Hingoli,100
castor seed,2016,March,162,2840,3000,2920,2016-03-01,Hingoli,160
castor seed,2016,April,38,2900,3000,2950,2016-04-01,Hingoli,100
castor seed,2016,May,52,2900,3000,2950,2016-05-01,Hingoli,100
castor seed,2016,June,33,3050,3125,3088,2016-06-01,Hingoli,75
