Commodity,Year,Month,arrivals_in_qtl,min_price,max_price,modal_price,date,district_name,diff_price
wheat(husked),2015,April,400,1200,1500,1400,2015-04-01,Nandurbar,300
wheat(husked),2015,May,350,1200,1400,1350,2015-05-01,Nandurbar,200
wheat(husked),2015,October,200,1200,1450,1400,2015-10-01,Nandurbar,250
wheat(husked),2015,November,230,1300,1450,1400,2015-11-01,Nandurbar,150
wheat(husked),2016,February,645,1450,1600,1500,2016-02-01,Nandurbar,150
wheat(husked),2016,March,810,1450,1550,1500,2016-03-01,Nandurbar,100
