Commodity,Year,Month,arrivals_in_qtl,min_price,max_price,modal_price,date,district_name,diff_price
sorgum(jawar),2015,April,100,1200,1750,1500,2015-04-01,Nandurbar,550
sorgum(jawar),2015,October,278,1200,1400,1350,2015-10-01,Nandurbar,200
sorgum(jawar),2015,November,1165,1150,1350,1275,2015-11-01,Nandurbar,200
sorgum(jawar),2015,December,286,1350,1410,1377,2015-12-01,Nandurbar,60
sorgum(jawar),2016,February,1312,1300,1400,1360,2016-02-01,Nandurbar,100
sorgum(jawar),2016,March,100,1300,1350,1330,2016-03-01,Nandurbar,50
sorgum(jawar),2016,November,115,1340,1350,1345,2016-11-01,Nandurbar,10
