Commodity,Year,Month,arrivals_in_qtl,min_price,max_price,modal_price,date,district_name,diff_price
green gram,2014,September,2872,5323,7043,6406,2014-09-01,Solapur,1720
green gram,2014,October,881,6195,7433,6788,2014-10-01,Solapur,1238
green gram,2014,December,3,7200,7200,7200,2014-12-01,Solapur,0
green gram,2015,March,3,6800,6800,6800,2015-03-01,Solapur,0
green gram,2015,August,169,7658,8003,7850,2015-08-01,Solapur,345
green gram,2015,September,115,7889,8327,8140,2015-09-01,Solapur,438
green gram,2015,October,25,7951,9201,8586,2015-10-01,Solapur,1250
green gram,2015,November,11,7800,8600,8200,2015-11-01,Solapur,800
green gram,2016,August,3184,4413,4903,4712,2016-08-01,Solapur,490
green gram,2016,September,1334,4481,5076,4856,2016-09-01,Solapur,595
green gram,2016,October,714,4621,5334,4948,2016-10-01,Solapur,713
green gram,2016,November,11,4450,4500,4475,2016-11-01,Solapur,50
