Commodity,Year,Month,arrivals_in_qtl,min_price,max_price,modal_price,date,district_name,diff_price
wheat(husked),2014,October,25,1451,1481,1456,2014-10-01,Solapur,30
wheat(husked),2015,March,5,1450,1450,1450,2015-03-01,Solapur,0
wheat(husked),2015,October,15,1400,2001,1725,2015-10-01,Solapur,601
wheat(husked),2015,November,10,1430,1860,1600,2015-11-01,Solapur,430
wheat(husked),2016,April,6,2026,2201,2100,2016-04-01,Solapur,175
wheat(husked),2016,October,14,1250,2166,1425,2016-10-01,Solapur,916
