Commodity,Year,Month,arrivals_in_qtl,min_price,max_price,modal_price,date,district_name,diff_price
gram,2014,October,72,2201,3176,2601,2014-10-01,Solapur,975
gram,2014,December,3,2700,2700,2700,2014-12-01,Solapur,0
gram,2015,January,4502,3308,3524,3399,2015-01-01,Solapur,216
gram,2015,February,6346,3495,3809,3609,2015-02-01,Solapur,314
gram,2015,March,2051,3506,3802,3622,2015-03-01,Solapur,296
gram,2015,April,533,3463,3880,3666,2015-04-01,Solapur,417
gram,2015,May,23,3800,4055,3925,2015-05-01,Solapur,255
gram,2015,October,12,4000,5111,4220,2015-10-01,Solapur,1111
gram,2015,November,15,4000,5001,4600,2015-11-01,Solapur,1001
gram,2015,December,516,4505,4839,4658,2015-12-01,Solapur,334
gram,2016,January,7594,4360,4743,4565,2016-01-01,Solapur,383
gram,2016,February,4849,4220,4614,4385,2016-02-01,Solapur,394
gram,2016,March,2045,4375,4671,4511,2016-03-01,Solapur,296
gram,2016,April,979,5075,5485,5213,2016-04-01,Solapur,410
gram,2016,May,941,5544,5834,5625,2016-05-01,Solapur,290
gram,2016,June,256,6250,6595,6350,2016-06-01,Solapur,345
gram,2016,September,6,9400,9400,9400,2016-09-01,Solapur,0
gram,2016,October,92,7800,9444,8817,2016-10-01,Solapur,1644
