Commodity,Year,Month,arrivals_in_qtl,min_price,max_price,modal_price,date,district_name,diff_price
pigeon pea (tur),2014,October,57,4200,5201,5001,2014-10-01,Solapur,1001
pigeon pea (tur),2014,December,27304,5001,5363,5208,2014-12-01,Solapur,362
pigeon pea (tur),2015,January,47305,5198,5442,5315,2015-01-01,Solapur,244
pigeon pea (tur),2015,February,8277,5568,6043,5876,2015-02-01,Solapur,475
pigeon pea (tur),2015,March,128,6003,6300,6150,2015-03-01,Solapur,297
pigeon pea (tur),2015,April,109,5840,6520,6220,2015-04-01,Solapur,680
pigeon pea (tur),2015,September,2,9410,9410,9410,2015-09-01,Solapur,0
pigeon pea (tur),2015,October,12,11001,13200,12920,2015-10-01,Solapur,2199
pigeon pea (tur),2015,November,632,10859,12070,11450,2015-11-01,Solapur,1211
pigeon pea (tur),2015,December,7928,9806,10575,10245,2015-12-01,Solapur,769
pigeon pea (tur),2016,January,2229,9029,9641,9368,2016-01-01,Solapur,612
pigeon pea (tur),2016,February,775,8115,8646,8408,2016-02-01,Solapur,531
pigeon pea (tur),2016,March,77,8060,8480,8260,2016-03-01,Solapur,420
pigeon pea (tur),2016,April,662,8746,9342,9188,2016-04-01,Solapur,596
pigeon pea (tur),2016,May,174,9033,9372,9250,2016-05-01,Solapur,339
pigeon pea (tur),2016,June,13,8700,9100,8900,2016-06-01,Solapur,400
pigeon pea (tur),2016,October,58,5956,6331,6181,2016-10-01,Solapur,375
pigeon pea (tur),2016,November,1209,5650,6140,6090,2016-11-01,Solapur,490
