Commodity,Year,Month,arrivals_in_qtl,min_price,max_price,modal_price,date,district_name,diff_price
wheat(unhusked),2014,October,96,2701,3876,2976,2014-10-01,Solapur,1175
wheat(unhusked),2015,March,283,2801,3311,3100,2015-03-01,Solapur,510
wheat(unhusked),2015,April,522,2620,3098,2930,2015-04-01,Solapur,478
wheat(unhusked),2015,May,6,2800,3000,2900,2015-05-01,Solapur,200
wheat(unhusked),2015,June,4,2200,2800,2700,2015-06-01,Solapur,600
wheat(unhusked),2015,September,3,4045,4045,4045,2015-09-01,Solapur,0
wheat(unhusked),2015,October,32,3301,3901,3451,2015-10-01,Solapur,600
wheat(unhusked),2015,November,32,3300,4001,3800,2015-11-01,Solapur,701
wheat(unhusked),2016,February,66,3163,3400,3275,2016-02-01,Solapur,237
wheat(unhusked),2016,March,278,2886,3050,2969,2016-03-01,Solapur,164
wheat(unhusked),2016,April,103,2700,3602,3200,2016-04-01,Solapur,902
wheat(unhusked),2016,June,7,3500,3700,3600,2016-06-01,Solapur,200
wheat(unhusked),2016,October,155,2900,3231,3150,2016-10-01,Solapur,331
