Commodity,Year,Month,arrivals_in_qtl,min_price,max_price,modal_price,date,district_name,diff_price
bajri,2014,October,262,1370,1429,1408,2014-10-01,Solapur,59
bajri,2014,December,3,1350,1350,1350,2014-12-01,Solapur,0
bajri,2015,August,3,1451,1451,1451,2015-08-01,Solapur,0
bajri,2015,October,24,1301,1611,1451,2015-10-01,Solapur,310
bajri,2015,November,68,1450,1600,1533,2015-11-01,Solapur,150
bajri,2015,December,5,1635,1635,1635,2015-12-01,Solapur,0
bajri,2016,September,38,1455,1472,1464,2016-09-01,Solapur,17
bajri,2016,October,1032,1296,1465,1350,2016-10-01,Solapur,169
bajri,2016,November,67,1438,1438,1438,2016-11-01,Solapur,0
