Commodity,Year,Month,arrivals_in_qtl,min_price,max_price,modal_price,date,district_name,diff_price
gram,2014,September,45,2271,2427,2388,2014-09-01,Solapur,156
gram,2014,October,3,2335,2335,2335,2014-10-01,Solapur,0
gram,2014,November,12,2363,2363,2363,2014-11-01,Solapur,0
gram,2014,December,12,2226,2226,2226,2014-12-01,Solapur,0
gram,2015,January,5,2300,2400,2400,2015-01-01,Solapur,100
gram,2015,February,17,3400,3500,3500,2015-02-01,Solapur,100
gram,2015,March,100,3230,3283,3274,2015-03-01,Solapur,53
gram,2015,April,636,3200,3544,3375,2015-04-01,Solapur,344
gram,2015,May,27,4024,4067,4067,2015-05-01,Solapur,43
gram,2015,June,10,3756,3860,3860,2015-06-01,Solapur,104
gram,2015,July,15,3913,3913,3913,2015-07-01,Solapur,0
gram,2015,September,5,3681,4005,4005,2015-09-01,Solapur,324
gram,2015,December,24,4000,4000,4000,2015-12-01,Solapur,0
gram,2016,March,175,4000,4151,4151,2016-03-01,Solapur,151
gram,2016,April,12,5100,5100,5100,2016-04-01,Solapur,0
gram,2016,May,46,5170,5210,5210,2016-05-01,Solapur,40
gram,2016,June,13,6600,6600,6600,2016-06-01,Solapur,0
