Commodity,Year,Month,arrivals_in_qtl,min_price,max_price,modal_price,date,district_name,diff_price
chikoo,2014,September,161,1680,2620,2130,2014-09-01,Solapur,940
chikoo,2014,October,117,1825,2650,2300,2014-10-01,Solapur,825
chikoo,2014,November,245,2113,2907,2510,2014-11-01,Solapur,794
chikoo,2014,December,192,2041,2894,2524,2014-12-01,Solapur,853
chikoo,2015,January,438,1511,2311,1922,2015-01-01,Solapur,800
chikoo,2015,February,198,1525,2113,1825,2015-02-01,Solapur,588
chikoo,2015,March,435,1185,1977,1600,2015-03-01,Solapur,792
chikoo,2015,April,583,1172,1861,1567,2015-04-01,Solapur,689
chikoo,2015,May,310,1358,1858,1625,2015-05-01,Solapur,500
chikoo,2015,June,386,1725,2494,2250,2015-06-01,Solapur,769
chikoo,2015,July,155,1718,2636,2636,2015-07-01,Solapur,918
chikoo,2015,August,330,1853,2747,2747,2015-08-01,Solapur,894
chikoo,2015,September,165,1900,3227,3227,2015-09-01,Solapur,1327
chikoo,2015,October,124,1953,3533,3533,2015-10-01,Solapur,1580
chikoo,2015,November,125,2038,3462,3462,2015-11-01,Solapur,1424
chikoo,2015,December,336,1744,2822,2822,2015-12-01,Solapur,1078
chikoo,2016,January,290,1838,2963,2963,2016-01-01,Solapur,1125
chikoo,2016,February,393,1480,2880,2880,2016-02-01,Solapur,1400
chikoo,2016,March,518,1213,2569,2569,2016-03-01,Solapur,1356
chikoo,2016,April,189,1429,2800,2800,2016-04-01,Solapur,1371
chikoo,2016,May,393,1618,3035,3035,2016-05-01,Solapur,1417
chikoo,2016,June,282,1657,2976,2976,2016-06-01,Solapur,1319
chikoo,2016,July,285,1585,2870,2870,2016-07-01,Solapur,1285
chikoo,2016,August,236,2024,3443,3443,2016-08-01,Solapur,1419
chikoo,2016,September,60,2222,3667,3056,2016-09-01,Solapur,1445
chikoo,2016,October,14,2000,4500,3000,2016-10-01,Solapur,2500
chikoo,2016,November,62,3500,5014,4300,2016-11-01,Solapur,1514
