Commodity,Year,Month,arrivals_in_qtl,min_price,max_price,modal_price,date,district_name,diff_price
potato,2014,December,553,1779,2679,2171,2014-12-01,Solapur,900
potato,2015,January,685,1017,1636,1362,2015-01-01,Solapur,619
potato,2015,February,605,840,1430,1170,2015-02-01,Solapur,590
potato,2015,March,865,594,994,828,2015-03-01,Solapur,400
potato,2015,April,696,672,989,833,2015-04-01,Solapur,317
potato,2015,May,510,762,1000,908,2015-05-01,Solapur,238
potato,2015,June,635,905,1095,1053,2015-06-01,Solapur,190
potato,2015,July,444,813,1027,1027,2015-07-01,Solapur,214
potato,2015,August,745,844,1050,1050,2015-08-01,Solapur,206
potato,2015,September,630,818,1047,1047,2015-09-01,Solapur,229
potato,2015,October,570,863,1056,1056,2015-10-01,Solapur,193
potato,2015,November,580,967,1353,1353,2015-11-01,Solapur,386
potato,2015,December,725,984,1463,1463,2015-12-01,Solapur,479
potato,2016,January,777,989,1289,1289,2016-01-01,Solapur,300
potato,2016,February,875,994,1306,1306,2016-02-01,Solapur,312
potato,2016,March,751,1038,1331,1331,2016-03-01,Solapur,293
potato,2016,April,553,1133,1478,1478,2016-04-01,Solapur,345
potato,2016,May,825,1361,1728,1722,2016-05-01,Solapur,367
potato,2016,June,838,1405,1771,1771,2016-06-01,Solapur,366
potato,2016,July,805,1610,2005,2005,2016-07-01,Solapur,395
potato,2016,August,801,1668,1992,1992,2016-08-01,Solapur,324
potato,2016,September,575,1424,1910,1705,2016-09-01,Solapur,486
potato,2016,October,698,1121,1695,1468,2016-10-01,Solapur,574
potato,2016,November,837,886,1541,1286,2016-11-01,Solapur,655
