Commodity,Year,Month,arrivals_in_qtl,min_price,max_price,modal_price,date,district_name,diff_price
water melon,2014,September,100,680,1280,990,2014-09-01,Solapur,600
water melon,2014,October,70,167,433,300,2014-10-01,Solapur,266
water melon,2015,January,129,222,511,378,2015-01-01,Solapur,289
water melon,2015,February,65,250,650,500,2015-02-01,Solapur,400
water melon,2015,March,415,267,500,388,2015-03-01,Solapur,233
water melon,2015,April,780,195,426,300,2015-04-01,Solapur,231
water melon,2015,May,415,308,554,438,2015-05-01,Solapur,246
water melon,2015,June,257,573,940,840,2015-06-01,Solapur,367
water melon,2015,July,177,427,818,818,2015-07-01,Solapur,391
water melon,2015,August,203,444,756,756,2015-08-01,Solapur,312
water melon,2015,September,130,390,750,750,2015-09-01,Solapur,360
water melon,2015,October,201,333,653,653,2015-10-01,Solapur,320
water melon,2015,November,144,320,690,690,2015-11-01,Solapur,370
water melon,2015,December,325,341,659,659,2015-12-01,Solapur,318
water melon,2016,January,296,336,679,679,2016-01-01,Solapur,343
water melon,2016,February,487,271,543,543,2016-02-01,Solapur,272
water melon,2016,March,563,388,825,825,2016-03-01,Solapur,437
water melon,2016,April,302,543,1243,1243,2016-04-01,Solapur,700
water melon,2016,May,565,606,1138,1131,2016-05-01,Solapur,532
water melon,2016,June,391,527,967,967,2016-06-01,Solapur,440
water melon,2016,July,460,335,675,675,2016-07-01,Solapur,340
water melon,2016,August,1760,274,583,583,2016-08-01,Solapur,309
water melon,2016,September,359,242,553,408,2016-09-01,Solapur,311
water melon,2016,October,393,253,565,412,2016-10-01,Solapur,312
water melon,2016,November,55,475,1000,750,2016-11-01,Solapur,525
