Commodity,Year,Month,arrivals_in_qtl,min_price,max_price,modal_price,date,district_name,diff_price
carrot,2014,October,2,1000,1700,1500,2014-10-01,Solapur,700
carrot,2014,December,69,1062,2008,1585,2014-12-01,Solapur,946
carrot,2015,January,136,744,1322,1028,2015-01-01,Solapur,578
carrot,2015,February,57,500,944,722,2015-02-01,Solapur,444
carrot,2015,March,90,640,973,780,2015-03-01,Solapur,333
carrot,2015,April,89,553,953,742,2015-04-01,Solapur,400
carrot,2015,May,33,789,1178,978,2015-05-01,Solapur,389
carrot,2015,June,45,2082,3038,2838,2015-06-01,Solapur,956
carrot,2015,July,24,2278,3500,3500,2015-07-01,Solapur,1222
carrot,2015,August,48,2116,2974,2974,2015-08-01,Solapur,858
carrot,2015,September,42,1947,3067,3067,2015-09-01,Solapur,1120
carrot,2015,October,9,1000,2000,2000,2015-10-01,Solapur,1000
carrot,2015,December,79,1206,2469,2469,2015-12-01,Solapur,1263
carrot,2016,January,112,1273,2147,2147,2016-01-01,Solapur,874
carrot,2016,February,173,567,1173,1173,2016-02-01,Solapur,606
carrot,2016,March,154,1308,2631,2631,2016-03-01,Solapur,1323
carrot,2016,April,120,1467,3111,3111,2016-04-01,Solapur,1644
carrot,2016,May,171,1482,3065,3065,2016-05-01,Solapur,1583
carrot,2016,June,56,2050,3450,3450,2016-06-01,Solapur,1400
carrot,2016,July,49,1650,2970,2970,2016-07-01,Solapur,1320
carrot,2016,August,71,1229,2321,2321,2016-08-01,Solapur,1092
carrot,2016,September,47,1225,2125,1838,2016-09-01,Solapur,900
carrot,2016,October,6,1450,2500,2000,2016-10-01,Solapur,1050
carrot,2016,November,49,900,1551,1258,2016-11-01,Solapur,651
