Commodity,Year,Month,arrivals_in_qtl,min_price,max_price,modal_price,date,district_name,diff_price
brinjal,2014,September,171,1546,2323,1944,2014-09-01,Solapur,777
brinjal,2014,October,90,1469,2342,1931,2014-10-01,Solapur,873
brinjal,2014,November,92,2865,4253,3794,2014-11-01,Solapur,1388
brinjal,2014,December,94,2106,3189,2667,2014-12-01,Solapur,1083
brinjal,2015,January,95,1205,2084,1600,2015-01-01,Solapur,879
brinjal,2015,February,83,680,1380,1020,2015-02-01,Solapur,700
brinjal,2015,March,145,525,881,719,2015-03-01,Solapur,356
brinjal,2015,April,145,689,1221,1016,2015-04-01,Solapur,532
brinjal,2015,May,98,1138,1808,1523,2015-05-01,Solapur,670
brinjal,2015,June,172,1274,2000,1826,2015-06-01,Solapur,726
brinjal,2015,July,152,1006,1713,1713,2015-07-01,Solapur,707
brinjal,2015,August,218,956,1611,1611,2015-08-01,Solapur,655
brinjal,2015,September,256,929,1588,1588,2015-09-01,Solapur,659
brinjal,2015,October,139,1019,1844,1844,2015-10-01,Solapur,825
brinjal,2015,November,112,1107,1947,1947,2015-11-01,Solapur,840
brinjal,2015,December,127,1128,2022,2022,2015-12-01,Solapur,894
brinjal,2016,January,111,1119,1894,1894,2016-01-01,Solapur,775
brinjal,2016,February,124,831,1331,1331,2016-02-01,Solapur,500
brinjal,2016,March,108,1267,2213,2213,2016-03-01,Solapur,946
brinjal,2016,April,82,1333,2389,2356,2016-04-01,Solapur,1056
brinjal,2016,May,147,1129,2082,2053,2016-05-01,Solapur,953
brinjal,2016,June,195,1424,2418,2418,2016-06-01,Solapur,994
brinjal,2016,July,174,1510,2571,2571,2016-07-01,Solapur,1061
brinjal,2016,August,168,1629,2842,2842,2016-08-01,Solapur,1213
brinjal,2016,September,126,1162,2038,1686,2016-09-01,Solapur,876
brinjal,2016,October,105,1942,3189,2684,2016-10-01,Solapur,1247
brinjal,2016,November,180,840,1395,1150,2016-11-01,Solapur,555
