Commodity,Year,Month,arrivals_in_qtl,min_price,max_price,modal_price,date,district_name,diff_price
cabbage,2014,September,211,543,886,700,2014-09-01,Solapur,343
cabbage,2014,October,175,400,725,584,2014-10-01,Solapur,325
cabbage,2014,November,117,480,787,611,2014-11-01,Solapur,307
cabbage,2014,December,133,300,682,488,2014-12-01,Solapur,382
cabbage,2015,January,99,379,774,579,2015-01-01,Solapur,395
cabbage,2015,February,56,420,790,640,2015-02-01,Solapur,370
cabbage,2015,March,87,377,685,546,2015-03-01,Solapur,308
cabbage,2015,April,102,250,550,394,2015-04-01,Solapur,300
cabbage,2015,May,60,385,685,538,2015-05-01,Solapur,300
cabbage,2015,June,82,553,867,800,2015-06-01,Solapur,314
cabbage,2015,July,114,482,827,827,2015-07-01,Solapur,345
cabbage,2015,August,213,584,942,942,2015-08-01,Solapur,358
cabbage,2015,September,144,475,842,825,2015-09-01,Solapur,367
cabbage,2015,October,130,400,740,740,2015-10-01,Solapur,340
cabbage,2015,November,112,331,692,692,2015-11-01,Solapur,361
cabbage,2015,December,147,429,835,835,2015-12-01,Solapur,406
cabbage,2016,January,144,475,856,856,2016-01-01,Solapur,381
cabbage,2016,February,138,333,647,647,2016-02-01,Solapur,314
cabbage,2016,March,135,338,677,677,2016-03-01,Solapur,339
cabbage,2016,April,90,344,744,733,2016-04-01,Solapur,400
cabbage,2016,May,128,350,743,743,2016-05-01,Solapur,393
cabbage,2016,June,216,795,1300,1300,2016-06-01,Solapur,505
cabbage,2016,July,252,938,1552,1552,2016-07-01,Solapur,614
cabbage,2016,August,291,932,1500,1500,2016-08-01,Solapur,568
cabbage,2016,September,249,325,673,508,2016-09-01,Solapur,348
cabbage,2016,October,331,278,561,433,2016-10-01,Solapur,283
cabbage,2016,November,390,267,571,433,2016-11-01,Solapur,304
