Commodity,Year,Month,arrivals_in_qtl,min_price,max_price,modal_price,date,district_name,diff_price
tomato,2014,September,266,1364,2157,1711,2014-09-01,Solapur,793
tomato,2014,October,148,1338,2069,1754,2014-10-01,Solapur,731
tomato,2014,November,192,835,1344,1118,2014-11-01,Solapur,509
tomato,2014,December,156,939,1539,1222,2014-12-01,Solapur,600
tomato,2015,January,106,958,1633,1339,2015-01-01,Solapur,675
tomato,2015,February,55,867,1422,1144,2015-02-01,Solapur,555
tomato,2015,March,117,573,907,713,2015-03-01,Solapur,334
tomato,2015,April,168,555,1042,818,2015-04-01,Solapur,487
tomato,2015,May,98,700,1062,869,2015-05-01,Solapur,362
tomato,2015,June,155,1063,1679,1537,2015-06-01,Solapur,616
tomato,2015,July,141,1108,1823,1823,2015-07-01,Solapur,715
tomato,2015,August,247,724,1100,1100,2015-08-01,Solapur,376
tomato,2015,September,252,775,1131,1131,2015-09-01,Solapur,356
tomato,2015,October,196,881,1338,1338,2015-10-01,Solapur,457
tomato,2015,November,157,1679,3036,3036,2015-11-01,Solapur,1357
tomato,2015,December,225,1235,2241,2241,2015-12-01,Solapur,1006
tomato,2016,January,181,1280,2097,2097,2016-01-01,Solapur,817
tomato,2016,February,195,806,1363,1363,2016-02-01,Solapur,557
tomato,2016,March,218,864,1429,1429,2016-03-01,Solapur,565
tomato,2016,April,116,1225,2525,2525,2016-04-01,Solapur,1300
tomato,2016,May,256,1311,2589,2589,2016-05-01,Solapur,1278
tomato,2016,June,223,3000,4857,4857,2016-06-01,Solapur,1857
tomato,2016,July,258,2575,4280,4280,2016-07-01,Solapur,1705
tomato,2016,August,376,824,1380,1380,2016-08-01,Solapur,556
tomato,2016,September,243,492,984,761,2016-09-01,Solapur,492
tomato,2016,October,197,626,1158,855,2016-10-01,Solapur,532
tomato,2016,November,209,470,855,670,2016-11-01,Solapur,385
