Commodity,Year,Month,arrivals_in_qtl,min_price,max_price,modal_price,date,district_name,diff_price
ladies finger,2014,September,72,1700,2536,2157,2014-09-01,Solapur,836
ladies finger,2014,October,56,942,1400,1192,2014-10-01,Solapur,458
ladies finger,2014,November,93,2153,2912,2544,2014-11-01,Solapur,759
ladies finger,2014,December,79,2211,3483,2883,2014-12-01,Solapur,1272
ladies finger,2015,January,66,2389,3753,3105,2015-01-01,Solapur,1364
ladies finger,2015,February,38,2450,3600,3090,2015-02-01,Solapur,1150
ladies finger,2015,March,60,2075,2938,2550,2015-03-01,Solapur,863
ladies finger,2015,April,80,1432,2111,1792,2015-04-01,Solapur,679
ladies finger,2015,May,59,1392,1892,1646,2015-05-01,Solapur,500
ladies finger,2015,June,118,1868,2868,2637,2015-06-01,Solapur,1000
ladies finger,2015,July,88,1267,2000,2000,2015-07-01,Solapur,733
ladies finger,2015,August,127,989,1572,1572,2015-08-01,Solapur,583
ladies finger,2015,September,145,1065,1700,1700,2015-09-01,Solapur,635
ladies finger,2015,October,69,1375,2644,2644,2015-10-01,Solapur,1269
ladies finger,2015,November,69,1467,2667,2667,2015-11-01,Solapur,1200
ladies finger,2015,December,86,1747,3289,3289,2015-12-01,Solapur,1542
ladies finger,2016,January,65,1883,3206,3178,2016-01-01,Solapur,1323
ladies finger,2016,February,65,1587,2713,2713,2016-02-01,Solapur,1126
ladies finger,2016,March,56,1694,2963,2963,2016-03-01,Solapur,1269
ladies finger,2016,April,31,1971,3471,3471,2016-04-01,Solapur,1500
ladies finger,2016,May,52,2100,3821,3821,2016-05-01,Solapur,1721
ladies finger,2016,June,79,2468,4173,4173,2016-06-01,Solapur,1705
ladies finger,2016,July,106,2045,3535,3535,2016-07-01,Solapur,1490
ladies finger,2016,August,201,1012,1692,1692,2016-08-01,Solapur,680
ladies finger,2016,September,116,715,1265,1040,2016-09-01,Solapur,550
ladies finger,2016,October,4586,1158,2011,1605,2016-10-01,Solapur,853
ladies finger,2016,November,156,1068,1791,1505,2016-11-01,Solapur,723
