Commodity,Year,Month,arrivals_in_qtl,min_price,max_price,modal_price,date,district_name,diff_price
bitter gourd,2014,September,70,1971,2750,2393,2014-09-01,Solapur,779
bitter gourd,2014,October,48,1208,1815,1546,2014-10-01,Solapur,607
bitter gourd,2014,November,77,2818,3800,3291,2014-11-01,Solapur,982
bitter gourd,2014,December,61,2122,3467,2806,2014-12-01,Solapur,1345
bitter gourd,2015,January,60,2100,3395,2758,2015-01-01,Solapur,1295
bitter gourd,2015,February,35,2310,3350,2820,2015-02-01,Solapur,1040
bitter gourd,2015,March,55,2125,3100,2725,2015-03-01,Solapur,975
bitter gourd,2015,April,72,1768,2563,2224,2015-04-01,Solapur,795
bitter gourd,2015,May,60,1750,2475,2125,2015-05-01,Solapur,725
bitter gourd,2015,June,71,2628,3472,3244,2015-06-01,Solapur,844
bitter gourd,2015,July,65,2171,3357,3357,2015-07-01,Solapur,1186
bitter gourd,2015,August,100,2139,3128,3128,2015-08-01,Solapur,989
bitter gourd,2015,September,98,1231,2000,2031,2015-09-01,Solapur,769
bitter gourd,2015,October,63,1469,2644,2644,2015-10-01,Solapur,1175
bitter gourd,2015,November,44,1892,3208,3208,2015-11-01,Solapur,1316
bitter gourd,2015,December,80,1826,3221,3221,2015-12-01,Solapur,1395
bitter gourd,2016,January,68,1739,3261,3178,2016-01-01,Solapur,1522
bitter gourd,2016,February,69,1563,2763,2763,2016-02-01,Solapur,1200
bitter gourd,2016,March,60,1638,2863,2863,2016-03-01,Solapur,1225
bitter gourd,2016,April,41,1667,3211,3211,2016-04-01,Solapur,1544
bitter gourd,2016,May,69,2244,4050,4006,2016-05-01,Solapur,1806
bitter gourd,2016,June,77,3218,5441,5350,2016-06-01,Solapur,2223
bitter gourd,2016,July,136,3005,4943,4943,2016-07-01,Solapur,1938
bitter gourd,2016,August,175,1532,2500,2500,2016-08-01,Solapur,968
bitter gourd,2016,September,204,705,1214,957,2016-09-01,Solapur,509
bitter gourd,2016,October,96,1268,2116,1768,2016-10-01,Solapur,848
bitter gourd,2016,November,144,1110,1833,1543,2016-11-01,Solapur,723
