Commodity,Year,Month,arrivals_in_qtl,min_price,max_price,modal_price,date,district_name,diff_price
bor,2014,September,12,1150,1850,1500,2014-09-01,Solapur,700
bor,2014,October,111,1183,1717,1483,2014-10-01,Solapur,534
bor,2014,November,342,1371,1921,1679,2014-11-01,Solapur,550
bor,2014,December,635,682,1329,1000,2014-12-01,Solapur,647
bor,2015,January,772,716,1332,989,2015-01-01,Solapur,616
bor,2015,February,265,663,1238,913,2015-02-01,Solapur,575
bor,2015,March,8,800,1500,1200,2015-03-01,Solapur,700
bor,2015,August,5585,1475,2188,2188,2015-08-01,Solapur,713
bor,2015,September,114,1045,2000,2000,2015-09-01,Solapur,955
bor,2015,October,77,971,1807,1807,2015-10-01,Solapur,836
bor,2015,November,190,950,1475,1475,2015-11-01,Solapur,525
bor,2015,December,461,882,1535,1535,2015-12-01,Solapur,653
bor,2016,January,360,931,1408,1408,2016-01-01,Solapur,477
bor,2016,February,356,573,1200,1200,2016-02-01,Solapur,627
bor,2016,March,51,725,1500,1500,2016-03-01,Solapur,775
bor,2016,August,3,1000,2000,2000,2016-08-01,Solapur,1000
bor,2016,September,73,1138,1913,1550,2016-09-01,Solapur,775
bor,2016,November,141,1415,2400,1969,2016-11-01,Solapur,985
