Commodity,Year,Month,arrivals_in_qtl,min_price,max_price,modal_price,date,district_name,diff_price
bajri,2014,September,9,1517,1564,1564,2014-09-01,Solapur,47
bajri,2014,October,37,1526,1638,1638,2014-10-01,Solapur,112
bajri,2014,November,135,1434,1513,1481,2014-11-01,Solapur,79
bajri,2014,December,6,1351,1351,1351,2014-12-01,Solapur,0
bajri,2015,January,26,1456,1458,1458,2015-01-01,Solapur,2
bajri,2015,February,42,1100,1100,1100,2015-02-01,Solapur,0
bajri,2015,May,10,1401,1401,1401,2015-05-01,Solapur,0
bajri,2015,June,12,1330,1330,1330,2015-06-01,Solapur,0
bajri,2015,July,9,1383,1383,1383,2015-07-01,Solapur,0
bajri,2016,February,3,1600,1600,1600,2016-02-01,Solapur,0
bajri,2016,May,13,1646,1646,1646,2016-05-01,Solapur,0
bajri,2016,September,14,1506,1706,1556,2016-09-01,Solapur,200
