Commodity,Year,Month,arrivals_in_qtl,min_price,max_price,modal_price,date,district_name,diff_price
sorgum(jawar),2014,September,17,1588,1850,1638,2014-09-01,Solapur,262
sorgum(jawar),2014,October,25,1530,2400,2400,2014-10-01,Solapur,870
sorgum(jawar),2014,November,45,2126,2126,2126,2014-11-01,Solapur,0
sorgum(jawar),2015,January,17,1411,1411,1411,2015-01-01,Solapur,0
sorgum(jawar),2015,February,9,1750,1750,1750,2015-02-01,Solapur,0
sorgum(jawar),2015,March,8,1918,1918,1918,2015-03-01,Solapur,0
sorgum(jawar),2015,April,55,1622,1622,1622,2015-04-01,Solapur,0
sorgum(jawar),2015,May,75,1590,1600,1600,2015-05-01,Solapur,10
sorgum(jawar),2015,June,18,1181,1251,1251,2015-06-01,Solapur,70
sorgum(jawar),2015,July,125,1571,1706,1706,2015-07-01,Solapur,135
sorgum(jawar),2015,September,10,2005,2005,2005,2015-09-01,Solapur,0
sorgum(jawar),2015,December,11,1700,1700,1700,2015-12-01,Solapur,0
sorgum(jawar),2016,February,7,1601,1601,1601,2016-02-01,Solapur,0
sorgum(jawar),2016,May,15,1902,1907,1907,2016-05-01,Solapur,5
