Commodity,Year,Month,arrivals_in_qtl,min_price,max_price,modal_price,date,district_name,diff_price
maize,2014,September,85,1360,1445,1415,2014-09-01,Solapur,85
maize,2014,October,101,1197,1217,1217,2014-10-01,Solapur,20
maize,2014,November,421,1205,1220,1219,2014-11-01,Solapur,15
maize,2014,December,705,1179,1187,1186,2014-12-01,Solapur,8
maize,2015,January,532,1221,1243,1239,2015-01-01,Solapur,22
maize,2015,February,261,1234,1235,1235,2015-02-01,Solapur,1
maize,2015,March,182,1289,1293,1293,2015-03-01,Solapur,4
maize,2015,April,215,1328,1340,1337,2015-04-01,Solapur,12
maize,2015,May,311,1307,1310,1310,2015-05-01,Solapur,3
maize,2015,June,281,1302,1316,1314,2015-06-01,Solapur,14
maize,2015,July,66,1413,1417,1417,2015-07-01,Solapur,4
maize,2015,August,50,1487,1487,1487,2015-08-01,Solapur,0
maize,2015,September,71,1551,1551,1551,2015-09-01,Solapur,0
maize,2015,October,104,1398,1408,1408,2015-10-01,Solapur,10
maize,2015,November,16,1505,1505,1505,2015-11-01,Solapur,0
maize,2015,December,53,1520,1540,1540,2015-12-01,Solapur,20
maize,2016,January,86,1518,1525,1525,2016-01-01,Solapur,7
maize,2016,February,201,1460,1472,1472,2016-02-01,Solapur,12
maize,2016,March,141,1420,1433,1433,2016-03-01,Solapur,13
maize,2016,April,38,1458,1458,1458,2016-04-01,Solapur,0
maize,2016,May,445,1518,1519,1519,2016-05-01,Solapur,1
maize,2016,June,73,1678,1678,1678,2016-06-01,Solapur,0
maize,2016,July,150,1725,1770,1770,2016-07-01,Solapur,45
maize,2016,August,73,1700,1700,1700,2016-08-01,Solapur,0
