Commodity,Year,Month,arrivals_in_qtl,min_price,max_price,modal_price,date,district_name,diff_price
wheat(husked),2014,October,1894,1436,1567,1502,2014-10-01,Akola,131
wheat(husked),2014,November,4138,1449,1605,1527,2014-11-01,Akola,156
wheat(husked),2014,December,3021,1447,1682,1565,2014-12-01,Akola,235
wheat(husked),2015,January,1038,1454,1641,1549,2015-01-01,Akola,187
wheat(husked),2015,February,679,1419,1561,1494,2015-02-01,Akola,142
wheat(husked),2015,March,2677,1347,1477,1411,2015-03-01,Akola,130
wheat(husked),2015,April,3471,1316,1734,1541,2015-04-01,Akola,418
wheat(husked),2015,June,3086,1376,1880,1638,2015-06-01,Akola,504
wheat(husked),2015,July,1932,1418,1776,1600,2015-07-01,Akola,358
wheat(husked),2015,August,1823,1438,1734,1527,2015-08-01,Akola,296
wheat(husked),2015,September,1717,1401,1802,1479,2015-09-01,Akola,401
wheat(husked),2015,October,1830,1435,1707,1569,2015-10-01,Akola,272
wheat(husked),2015,November,1182,1452,1734,1545,2015-11-01,Akola,282
wheat(husked),2015,December,1481,1533,1801,1636,2015-12-01,Akola,268
wheat(husked),2016,January,359,1508,1726,1626,2016-01-01,Akola,218
wheat(husked),2016,February,873,1512,1708,1611,2016-02-01,Akola,196
wheat(husked),2016,March,2320,1540,1823,1677,2016-03-01,Akola,283
wheat(husked),2016,April,1213,1669,2075,1856,2016-04-01,Akola,406
wheat(husked),2016,May,1446,1753,2046,1898,2016-05-01,Akola,293
wheat(husked),2016,June,2620,1919,2388,2152,2016-06-01,Akola,469
wheat(husked),2016,July,656,2083,2594,2338,2016-07-01,Akola,511
wheat(husked),2016,August,936,1991,2734,2368,2016-08-01,Akola,743
wheat(husked),2016,September,1167,2062,2545,2304,2016-09-01,Akola,483
wheat(husked),2016,October,1760,1773,2696,2234,2016-10-01,Akola,923
wheat(husked),2016,November,1696,2057,2861,2439,2016-11-01,Akola,804
