Commodity,Year,Month,arrivals_in_qtl,min_price,max_price,modal_price,date,district_name,diff_price
bajri,2015,March,3,1700,1700,1700,2015-03-01,Akola,0
bajri,2015,April,9,1350,1350,1350,2015-04-01,Akola,0
bajri,2015,July,12,1275,1275,1275,2015-07-01,Akola,0
bajri,2015,August,10,1200,1250,1225,2015-08-01,Akola,50
bajri,2015,September,20,1000,1300,1300,2015-09-01,Akola,300
bajri,2015,November,50,1531,1825,1683,2015-11-01,Akola,294
bajri,2015,December,138,1567,1794,1692,2015-12-01,Akola,227
bajri,2016,January,85,1563,1793,1655,2016-01-01,Akola,230
bajri,2016,February,11,1575,1600,1580,2016-02-01,Akola,25
bajri,2016,March,10,1650,1900,1775,2016-03-01,Akola,250
bajri,2016,June,29,1750,1750,1750,2016-06-01,Akola,0
bajri,2016,August,11,1940,2025,1983,2016-08-01,Akola,85
bajri,2016,September,9,1200,1200,1200,2016-09-01,Akola,0
bajri,2016,November,29,1738,1888,1813,2016-11-01,Akola,150
