Commodity,Year,Month,arrivals_in_qtl,min_price,max_price,modal_price,date,district_name,diff_price
sunflower,2015,February,3,2500,2500,2500,2015-02-01,Akola,0
sunflower,2015,April,29,3450,3450,3450,2015-04-01,Akola,0
sunflower,2015,November,33,3300,5200,4600,2015-11-01,Akola,1900
sunflower,2015,December,1707,3306,3598,3418,2015-12-01,Akola,292
sunflower,2016,January,79,3340,3700,3517,2016-01-01,Akola,360
sunflower,2016,March,53,5487,5487,5487,2016-03-01,Akola,0
sunflower,2016,April,92,4177,4660,4418,2016-04-01,Akola,483
sunflower,2016,May,471,2957,3123,3040,2016-05-01,Akola,166
sunflower,2016,June,124,3250,3250,3250,2016-06-01,Akola,0
