Commodity,Year,Month,arrivals_in_qtl,min_price,max_price,modal_price,date,district_name,diff_price
wheat(husked),2014,September,60,1475,1900,1706,2014-09-01,Ahmadnagar,425
wheat(husked),2014,October,80,1460,1840,1675,2014-10-01,Ahmadnagar,380
wheat(husked),2014,November,620,1494,1875,1663,2014-11-01,Ahmadnagar,381
wheat(husked),2014,December,55,1500,1900,1675,2014-12-01,Ahmadnagar,400
wheat(husked),2015,January,118,1460,1960,1670,2015-01-01,Ahmadnagar,500
wheat(husked),2015,February,5130,1076,1401,1258,2015-02-01,Ahmadnagar,325
wheat(husked),2015,March,97,1475,1925,1688,2015-03-01,Ahmadnagar,450
wheat(husked),2015,April,164,1450,1975,1644,2015-04-01,Ahmadnagar,525
wheat(husked),2015,May,163,1425,2000,1625,2015-05-01,Ahmadnagar,575
wheat(husked),2015,June,112,1450,2025,1638,2015-06-01,Ahmadnagar,575
wheat(husked),2015,July,178,1500,1960,1680,2015-07-01,Ahmadnagar,460
wheat(husked),2015,August,137,1475,1975,1681,2015-08-01,Ahmadnagar,500
wheat(husked),2015,September,99,1467,2000,1650,2015-09-01,Ahmadnagar,533
wheat(husked),2015,October,444,1500,1980,1675,2015-10-01,Ahmadnagar,480
wheat(husked),2015,November,253,1475,1975,1663,2015-11-01,Ahmadnagar,500
wheat(husked),2015,December,207,1475,1900,1663,2015-12-01,Ahmadnagar,425
wheat(husked),2016,January,214,1480,1900,1660,2016-01-01,Ahmadnagar,420
wheat(husked),2016,February,97,1475,1900,1638,2016-02-01,Ahmadnagar,425
wheat(husked),2016,March,86,1513,1975,1650,2016-03-01,Ahmadnagar,462
wheat(husked),2016,April,115,1517,2150,1725,2016-04-01,Ahmadnagar,633
wheat(husked),2016,May,101,1519,2200,1725,2016-05-01,Ahmadnagar,681
wheat(husked),2016,June,85,1475,2200,1788,2016-06-01,Ahmadnagar,725
wheat(husked),2016,July,57,1550,2400,1819,2016-07-01,Ahmadnagar,850
wheat(husked),2016,August,41,1533,2300,1800,2016-08-01,Ahmadnagar,767
wheat(husked),2016,September,68,1500,2160,1705,2016-09-01,Ahmadnagar,660
wheat(husked),2016,October,205,1500,2150,1731,2016-10-01,Ahmadnagar,650
wheat(husked),2016,November,111,1500,2200,1713,2016-11-01,Ahmadnagar,700
