Commodity,Year,Month,arrivals_in_qtl,min_price,max_price,modal_price,date,district_name,diff_price
bajri,2014,September,25,1467,1733,1650,2014-09-01,Ahmadnagar,266
bajri,2014,October,30,1390,1700,1560,2014-10-01,Ahmadnagar,310
bajri,2014,November,67,1400,1700,1550,2014-11-01,Ahmadnagar,300
bajri,2014,December,40,1375,1750,1563,2014-12-01,Ahmadnagar,375
bajri,2015,January,74,1395,1840,1580,2015-01-01,Ahmadnagar,445
bajri,2015,February,4855,1014,1351,1196,2015-02-01,Ahmadnagar,337
bajri,2015,March,144,1375,1750,1538,2015-03-01,Ahmadnagar,375
bajri,2015,April,52,1357,1800,1525,2015-04-01,Ahmadnagar,443
bajri,2015,May,9,1375,1900,1775,2015-05-01,Ahmadnagar,525
bajri,2015,June,16,1388,1800,1588,2015-06-01,Ahmadnagar,412
bajri,2015,July,27,1300,1800,1488,2015-07-01,Ahmadnagar,500
bajri,2015,August,12,1400,1800,1625,2015-08-01,Ahmadnagar,400
bajri,2015,September,13,1400,1800,1563,2015-09-01,Ahmadnagar,400
bajri,2015,October,37,1425,1800,1558,2015-10-01,Ahmadnagar,375
bajri,2015,November,101,1394,1850,1569,2015-11-01,Ahmadnagar,456
bajri,2015,December,37,1350,1850,1619,2015-12-01,Ahmadnagar,500
bajri,2016,January,64,1430,1860,1575,2016-01-01,Ahmadnagar,430
bajri,2016,February,39,1433,1833,1575,2016-02-01,Ahmadnagar,400
bajri,2016,March,369,1433,1867,1600,2016-03-01,Ahmadnagar,434
bajri,2016,April,75,1460,1960,1685,2016-04-01,Ahmadnagar,500
bajri,2016,May,17,1483,2000,1683,2016-05-01,Ahmadnagar,517
bajri,2016,June,52,1467,2000,1617,2016-06-01,Ahmadnagar,533
bajri,2016,July,32,1450,2200,1719,2016-07-01,Ahmadnagar,750
bajri,2016,August,31,1433,2033,1675,2016-08-01,Ahmadnagar,600
bajri,2016,September,29,1456,1975,1600,2016-09-01,Ahmadnagar,519
bajri,2016,October,114,1444,2000,1594,2016-10-01,Ahmadnagar,556
bajri,2016,November,60,1450,1950,1588,2016-11-01,Ahmadnagar,500
