Commodity,Year,Month,arrivals_in_qtl,min_price,max_price,modal_price,date,district_name,diff_price
onion,2014,September,13366,200,2222,1250,2014-09-01,Ahmadnagar,2022
onion,2014,October,4115,186,1980,1230,2014-10-01,Ahmadnagar,1794
onion,2014,November,1564,175,1931,1052,2014-11-01,Ahmadnagar,1756
onion,2014,December,1624,238,2075,1204,2014-12-01,Ahmadnagar,1837
onion,2015,January,6398,138,1332,738,2015-01-01,Ahmadnagar,1194
onion,2015,February,15584,223,1506,1222,2015-02-01,Ahmadnagar,1283
onion,2015,March,51693,200,1585,1278,2015-03-01,Ahmadnagar,1385
onion,2015,April,105645,106,1389,849,2015-04-01,Ahmadnagar,1283
onion,2015,May,64231,131,1827,1015,2015-05-01,Ahmadnagar,1696
onion,2015,June,35556,294,2374,1651,2015-06-01,Ahmadnagar,2080
onion,2015,July,20927,611,2814,2134,2015-07-01,Ahmadnagar,2203
onion,2015,August,8619,1200,5361,3982,2015-08-01,Ahmadnagar,4161
onion,2015,September,896,1182,5144,4037,2015-09-01,Ahmadnagar,3962
onion,2015,October,904,780,3720,2337,2015-10-01,Ahmadnagar,2940
onion,2015,November,1672,150,2802,1464,2015-11-01,Ahmadnagar,2652
onion,2015,December,1957,148,1615,929,2015-12-01,Ahmadnagar,1467
onion,2016,January,1225,113,1418,802,2016-01-01,Ahmadnagar,1305
onion,2016,February,16929,120,1240,768,2016-02-01,Ahmadnagar,1120
onion,2016,March,40874,128,974,712,2016-03-01,Ahmadnagar,846
onion,2016,April,56372,150,973,662,2016-04-01,Ahmadnagar,823
onion,2016,May,50142,108,978,612,2016-05-01,Ahmadnagar,870
onion,2016,June,57133,159,1264,754,2016-06-01,Ahmadnagar,1105
onion,2016,July,23897,125,1136,697,2016-07-01,Ahmadnagar,1011
onion,2016,August,22971,120,1086,682,2016-08-01,Ahmadnagar,966
onion,2016,September,7538,50,771,485,2016-09-01,Ahmadnagar,721
onion,2016,October,11001,78,949,589,2016-10-01,Ahmadnagar,871
onion,2016,November,5936,143,1271,660,2016-11-01,Ahmadnagar,1128
