Commodity,Year,Month,arrivals_in_qtl,min_price,max_price,modal_price,date,district_name,diff_price
soybean,2014,September,35,3000,3200,3100,2014-09-01,Ahmadnagar,200
soybean,2014,October,109,2750,2960,2860,2014-10-01,Ahmadnagar,210
soybean,2014,November,1167,2825,3125,3000,2014-11-01,Ahmadnagar,300
soybean,2014,December,975,2825,3125,3000,2014-12-01,Ahmadnagar,300
soybean,2015,January,803,2860,3190,3025,2015-01-01,Ahmadnagar,330
soybean,2015,February,9381,2178,2406,2270,2015-02-01,Ahmadnagar,228
soybean,2015,March,406,2825,3125,2975,2015-03-01,Ahmadnagar,300
soybean,2015,April,285,3000,3450,3250,2015-04-01,Ahmadnagar,450
soybean,2015,May,204,3250,3775,3475,2015-05-01,Ahmadnagar,525
soybean,2015,June,215,3000,3400,3250,2015-06-01,Ahmadnagar,400
soybean,2015,July,283,2880,3240,3130,2015-07-01,Ahmadnagar,360
soybean,2015,August,141,2825,3138,3000,2015-08-01,Ahmadnagar,313
soybean,2015,September,113,2833,3167,3000,2015-09-01,Ahmadnagar,334
soybean,2015,October,2204,2960,3440,3120,2015-10-01,Ahmadnagar,480
soybean,2015,November,1353,3000,3575,3250,2015-11-01,Ahmadnagar,575
soybean,2015,December,741,3000,3500,3250,2015-12-01,Ahmadnagar,500
soybean,2016,January,753,3000,3540,3300,2016-01-01,Ahmadnagar,540
soybean,2016,February,335,3000,3600,3375,2016-02-01,Ahmadnagar,600
soybean,2016,March,334,3000,3563,3375,2016-03-01,Ahmadnagar,563
soybean,2016,April,378,3400,3883,3683,2016-04-01,Ahmadnagar,483
soybean,2016,May,203,3300,3800,3525,2016-05-01,Ahmadnagar,500
soybean,2016,June,100,3200,3725,3500,2016-06-01,Ahmadnagar,525
soybean,2016,July,146,3300,3625,3475,2016-07-01,Ahmadnagar,325
soybean,2016,August,87,3250,3525,3425,2016-08-01,Ahmadnagar,275
soybean,2016,September,58,2880,3145,3000,2016-09-01,Ahmadnagar,265
soybean,2016,October,306,2815,3000,2875,2016-10-01,Ahmadnagar,185
soybean,2016,November,836,2781,2925,2806,2016-11-01,Ahmadnagar,144
