Commodity,Year,Month,arrivals_in_qtl,min_price,max_price,modal_price,date,district_name,diff_price
sesamum,2015,February,3,5600,5600,5600,2015-02-01,Akola,0
sesamum,2015,March,1,7000,7000,7000,2015-03-01,Akola,0
sesamum,2015,June,20,6200,6200,6200,2015-06-01,Akola,0
sesamum,2015,October,2,7000,7000,7000,2015-10-01,Akola,0
sesamum,2015,November,2,5500,6600,6600,2015-11-01,Akola,1100
sesamum,2015,December,2,5400,6200,5800,2015-12-01,Akola,800
sesamum,2016,January,2,5000,6500,6500,2016-01-01,Akola,1500
sesamum,2016,October,2,4800,4800,4800,2016-10-01,Akola,0
sesamum,2016,November,2,6000,6700,6350,2016-11-01,Akola,700
