Commodity,Year,Month,arrivals_in_qtl,min_price,max_price,modal_price,date,district_name,diff_price
maize,2014,November,4,1375,1400,1390,2014-11-01,Ahmadnagar,25
maize,2015,October,52,1380,1600,1475,2015-10-01,Ahmadnagar,220
maize,2015,November,152,1400,1600,1492,2015-11-01,Ahmadnagar,200
maize,2015,December,49,1367,1533,1433,2015-12-01,Ahmadnagar,166
maize,2016,January,47,1400,1575,1488,2016-01-01,Ahmadnagar,175
maize,2016,February,313,1388,1550,1450,2016-02-01,Ahmadnagar,162
maize,2016,October,51,1388,1600,1463,2016-10-01,Ahmadnagar,212
maize,2016,November,143,1392,1567,1500,2016-11-01,Ahmadnagar,175
