Commodity,Year,Month,arrivals_in_qtl,min_price,max_price,modal_price,date,district_name,diff_price
paddy-unhusked,2014,September,119,1450,1900,1681,2014-09-01,Ahmadnagar,450
paddy-unhusked,2014,October,103,1425,1900,1669,2014-10-01,Ahmadnagar,475
paddy-unhusked,2014,November,204,1450,1800,1625,2014-11-01,Ahmadnagar,350
paddy-unhusked,2014,December,346,1400,1800,1625,2014-12-01,Ahmadnagar,400
paddy-unhusked,2015,January,403,1395,1860,1600,2015-01-01,Ahmadnagar,465
paddy-unhusked,2015,February,5432,936,1335,1108,2015-02-01,Ahmadnagar,399
paddy-unhusked,2015,March,129,1400,1850,1613,2015-03-01,Ahmadnagar,450
paddy-unhusked,2015,April,113,1450,1925,1625,2015-04-01,Ahmadnagar,475
paddy-unhusked,2015,May,54,1425,1950,1681,2015-05-01,Ahmadnagar,525
paddy-unhusked,2015,June,62,1467,2067,1692,2015-06-01,Ahmadnagar,600
paddy-unhusked,2015,July,87,1440,1880,1595,2015-07-01,Ahmadnagar,440
paddy-unhusked,2015,August,58,1475,2000,1625,2015-08-01,Ahmadnagar,525
paddy-unhusked,2015,September,93,1500,1967,1700,2015-09-01,Ahmadnagar,467
paddy-unhusked,2015,October,198,1488,1975,1675,2015-10-01,Ahmadnagar,487
paddy-unhusked,2015,November,190,1488,1900,1638,2015-11-01,Ahmadnagar,412
paddy-unhusked,2015,December,358,1475,1825,1607,2015-12-01,Ahmadnagar,350
paddy-unhusked,2016,January,338,1490,1900,1625,2016-01-01,Ahmadnagar,410
paddy-unhusked,2016,February,452,1475,1975,1669,2016-02-01,Ahmadnagar,500
paddy-unhusked,2016,March,417,1500,1925,1619,2016-03-01,Ahmadnagar,425
paddy-unhusked,2016,April,448,1500,2017,1704,2016-04-01,Ahmadnagar,517
paddy-unhusked,2016,May,227,1500,2000,1675,2016-05-01,Ahmadnagar,500
paddy-unhusked,2016,June,200,1500,2000,1669,2016-06-01,Ahmadnagar,500
paddy-unhusked,2016,July,95,1500,2000,1663,2016-07-01,Ahmadnagar,500
paddy-unhusked,2016,August,93,1500,2200,1700,2016-08-01,Ahmadnagar,700
paddy-unhusked,2016,September,213,1500,2130,1645,2016-09-01,Ahmadnagar,630
paddy-unhusked,2016,October,240,1500,2113,1650,2016-10-01,Ahmadnagar,613
paddy-unhusked,2016,November,170,1505,2013,1613,2016-11-01,Ahmadnagar,508
