Commodity,Year,Month,arrivals_in_qtl,min_price,max_price,modal_price,date,district_name,diff_price
sorgum(jawar),2014,October,170,1074,1195,1135,2014-10-01,Akola,121
sorgum(jawar),2014,November,10997,1304,1569,1439,2014-11-01,Akola,265
sorgum(jawar),2014,December,7093,1316,1672,1492,2014-12-01,Akola,356
sorgum(jawar),2015,January,2203,1321,1596,1458,2015-01-01,Akola,275
sorgum(jawar),2015,February,992,1279,1512,1403,2015-02-01,Akola,233
sorgum(jawar),2015,March,443,1307,1482,1396,2015-03-01,Akola,175
sorgum(jawar),2015,April,612,1164,1530,1409,2015-04-01,Akola,366
sorgum(jawar),2015,June,670,1123,1316,1227,2015-06-01,Akola,193
sorgum(jawar),2015,July,495,1119,1336,1254,2015-07-01,Akola,217
sorgum(jawar),2015,August,619,1197,1451,1314,2015-08-01,Akola,254
sorgum(jawar),2015,September,724,1210,1421,1300,2015-09-01,Akola,211
sorgum(jawar),2015,October,6306,1189,1320,1254,2015-10-01,Akola,131
sorgum(jawar),2015,November,4424,1275,1522,1382,2015-11-01,Akola,247
sorgum(jawar),2015,December,2077,1318,1526,1399,2015-12-01,Akola,208
sorgum(jawar),2016,January,1312,1321,1485,1404,2016-01-01,Akola,164
sorgum(jawar),2016,February,641,1285,1448,1365,2016-02-01,Akola,163
sorgum(jawar),2016,March,665,1294,1459,1384,2016-03-01,Akola,165
sorgum(jawar),2016,April,349,1349,1563,1433,2016-04-01,Akola,214
sorgum(jawar),2016,May,237,1336,1467,1404,2016-05-01,Akola,131
sorgum(jawar),2016,June,506,1437,1733,1565,2016-06-01,Akola,296
sorgum(jawar),2016,July,119,1690,1899,1795,2016-07-01,Akola,209
sorgum(jawar),2016,August,566,1585,1929,1754,2016-08-01,Akola,344
sorgum(jawar),2016,September,487,1575,1856,1716,2016-09-01,Akola,281
sorgum(jawar),2016,October,1560,1305,1706,1505,2016-10-01,Akola,401
sorgum(jawar),2016,November,9345,1283,1843,1565,2016-11-01,Akola,560
