Commodity,Year,Month,arrivals_in_qtl,min_price,max_price,modal_price,date,district_name,diff_price
maize,2015,June,327,1120,1342,1239,2015-06-01,Akola,222
maize,2015,July,161,1063,1238,1173,2015-07-01,Akola,175
maize,2015,August,66,1320,1340,1330,2015-08-01,Akola,20
maize,2015,October,28,1500,1500,1500,2015-10-01,Akola,0
maize,2015,November,91,1305,1425,1360,2015-11-01,Akola,120
maize,2015,December,75,1395,1492,1443,2015-12-01,Akola,97
maize,2016,January,89,1481,1615,1550,2016-01-01,Akola,134
maize,2016,February,116,1456,1576,1516,2016-02-01,Akola,120
maize,2016,March,148,1430,1516,1473,2016-03-01,Akola,86
maize,2016,April,29,1222,1222,1222,2016-04-01,Akola,0
maize,2016,May,209,1304,1421,1363,2016-05-01,Akola,117
maize,2016,June,145,1440,1605,1522,2016-06-01,Akola,165
maize,2016,August,9,1700,1717,1708,2016-08-01,Akola,17
maize,2016,September,11,1450,1550,1500,2016-09-01,Akola,100
maize,2016,October,106,1639,1757,1698,2016-10-01,Akola,118
maize,2016,November,120,1470,1508,1483,2016-11-01,Akola,38
