Commodity,Year,Month,arrivals_in_qtl,min_price,max_price,modal_price,date,district_name,diff_price
bhagar-vari,2014,September,2,2000,3000,2500,2014-09-01,Ahmadnagar,1000
bhagar-vari,2014,October,4,2000,2600,2400,2014-10-01,Ahmadnagar,600
bhagar-vari,2014,November,8,2000,2600,2400,2014-11-01,Ahmadnagar,600
bhagar-vari,2014,December,59,2000,2600,2400,2014-12-01,Ahmadnagar,600
bhagar-vari,2015,January,5,2700,3000,2850,2015-01-01,Ahmadnagar,300
bhagar-vari,2016,January,20,2550,3200,3000,2016-01-01,Ahmadnagar,650
