Commodity,Year,Month,arrivals_in_qtl,min_price,max_price,modal_price,date,district_name,diff_price
maize,2015,January,45,1000,1300,1275,2015-01-01,Akola,300
maize,2015,April,150,1005,1165,1085,2015-04-01,Akola,160
maize,2015,June,140,901,1046,1179,2015-06-01,Akola,145
maize,2015,July,225,931,1090,1011,2015-07-01,Akola,159
maize,2015,October,555,1102,1236,1142,2015-10-01,Akola,134
maize,2015,November,743,1144,1294,1226,2015-11-01,Akola,150
maize,2015,December,88,1265,1378,1322,2015-12-01,Akola,113
maize,2016,January,15,1265,1300,1283,2016-01-01,Akola,35
maize,2016,February,170,1000,1112,1056,2016-02-01,Akola,112
maize,2016,March,45,1050,1135,1093,2016-03-01,Akola,85
maize,2016,April,3134,1094,1278,1186,2016-04-01,Akola,184
maize,2016,May,8430,1070,1373,1222,2016-05-01,Akola,303
maize,2016,June,507,1324,1472,1398,2016-06-01,Akola,148
maize,2016,September,10,1529,1605,1567,2016-09-01,Akola,76
maize,2016,October,1010,1140,1368,1254,2016-10-01,Akola,228
maize,2016,November,740,1124,1255,1190,2016-11-01,Akola,131
