Commodity,Year,Month,arrivals_in_qtl,min_price,max_price,modal_price,date,district_name,diff_price
green gram,2015,January,17,7500,7953,6750,2015-01-01,Akola,453
green gram,2015,August,90,7457,7816,7636,2015-08-01,Akola,359
green gram,2015,September,755,7037,7966,7502,2015-09-01,Akola,929
green gram,2015,October,515,8011,8726,8369,2015-10-01,Akola,715
green gram,2015,November,583,6738,7542,7140,2015-11-01,Akola,804
green gram,2015,December,536,6742,7299,7021,2015-12-01,Akola,557
green gram,2016,January,33,6900,7113,7007,2016-01-01,Akola,213
green gram,2016,April,320,1085,1230,1158,2016-04-01,Akola,145
green gram,2016,May,152,5357,6681,6019,2016-05-01,Akola,1324
green gram,2016,June,596,5353,6131,5742,2016-06-01,Akola,778
green gram,2016,July,120,4254,4840,4547,2016-07-01,Akola,586
green gram,2016,August,1049,4014,4469,4235,2016-08-01,Akola,455
green gram,2016,September,16365,4176,5173,4773,2016-09-01,Akola,997
green gram,2016,October,7515,4080,4776,4428,2016-10-01,Akola,696
green gram,2016,November,3815,4177,4759,4466,2016-11-01,Akola,582
