Commodity,Year,Month,arrivals_in_qtl,min_price,max_price,modal_price,date,district_name,diff_price
thymol-lovage,2015,April,105,7825,10325,9075,2015-04-01,Akola,2500
thymol-lovage,2015,June,190,7271,10296,8859,2015-06-01,Akola,3025
thymol-lovage,2015,July,120,7875,10350,9112,2015-07-01,Akola,2475
thymol-lovage,2015,September,115,7500,9300,8400,2015-09-01,Akola,1800
thymol-lovage,2015,December,31,9894,11511,10703,2015-12-01,Akola,1617
thymol-lovage,2016,January,96,10910,13090,12000,2016-01-01,Akola,2180
thymol-lovage,2016,February,755,12845,14317,13581,2016-02-01,Akola,1472
thymol-lovage,2016,March,130,14488,16113,15301,2016-03-01,Akola,1625
thymol-lovage,2016,April,130,13264,16575,14920,2016-04-01,Akola,3311
thymol-lovage,2016,May,311,14356,17244,15800,2016-05-01,Akola,2888
thymol-lovage,2016,June,63,12795,15783,14289,2016-06-01,Akola,2988
thymol-lovage,2016,July,30,10000,12500,11250,2016-07-01,Akola,2500
thymol-lovage,2016,August,81,11917,15329,13623,2016-08-01,Akola,3412
thymol-lovage,2016,September,45,13000,15250,14125,2016-09-01,Akola,2250
