Commodity,Year,Month,arrivals_in_qtl,min_price,max_price,modal_price,date,district_name,diff_price
wheat(husked),2015,January,133,1400,1550,1420,2015-01-01,Akola,150
wheat(husked),2015,April,6860,1272,1509,1400,2015-04-01,Akola,237
wheat(husked),2015,June,2080,1305,1471,1397,2015-06-01,Akola,166
wheat(husked),2015,July,2495,1399,1550,1475,2015-07-01,Akola,151
wheat(husked),2015,August,1920,1324,1521,1462,2015-08-01,Akola,197
wheat(husked),2015,September,725,1369,1488,1428,2015-09-01,Akola,119
wheat(husked),2015,October,450,1375,1546,1460,2015-10-01,Akola,171
wheat(husked),2015,November,1185,1407,1510,1459,2015-11-01,Akola,103
wheat(husked),2015,December,561,1413,1516,1465,2015-12-01,Akola,103
wheat(husked),2016,January,315,1375,1515,1445,2016-01-01,Akola,140
wheat(husked),2016,February,602,1439,1598,1518,2016-02-01,Akola,159
wheat(husked),2016,March,2238,1560,1691,1626,2016-03-01,Akola,131
wheat(husked),2016,April,9194,1548,1753,1647,2016-04-01,Akola,205
wheat(husked),2016,May,2901,1563,1753,1658,2016-05-01,Akola,190
wheat(husked),2016,June,1864,1668,1853,1761,2016-06-01,Akola,185
wheat(husked),2016,July,1077,1648,1807,1727,2016-07-01,Akola,159
wheat(husked),2016,August,1943,1705,1810,1756,2016-08-01,Akola,105
wheat(husked),2016,September,1705,1690,1823,1756,2016-09-01,Akola,133
wheat(husked),2016,October,995,1572,1777,1671,2016-10-01,Akola,205
wheat(husked),2016,November,625,1680,1920,1801,2016-11-01,Akola,240
