Commodity,Year,Month,arrivals_in_qtl,min_price,max_price,modal_price,date,district_name,diff_price
sesamum,2015,September,20,6000,6450,6225,2015-09-01,Akola,450
sesamum,2015,November,15,5350,5500,5425,2015-11-01,Akola,150
sesamum,2015,December,72,5867,6746,6306,2015-12-01,Akola,879
sesamum,2016,January,12,5075,6050,5563,2016-01-01,Akola,975
sesamum,2016,April,6,5000,5125,5063,2016-04-01,Akola,125
sesamum,2016,July,9,4500,4935,4718,2016-07-01,Akola,435
sesamum,2016,November,15,5000,6400,5700,2016-11-01,Akola,1400
