Commodity,Year,Month,arrivals_in_qtl,min_price,max_price,modal_price,date,district_name,diff_price
sunflower,2015,June,75,2895,3055,2975,2015-06-01,Akola,160
sunflower,2015,July,75,2825,2975,2900,2015-07-01,Akola,150
sunflower,2015,November,2722,2722,3307,3014,2015-11-01,Akola,585
sunflower,2015,December,4681,2988,3385,3187,2015-12-01,Akola,397
sunflower,2016,January,110,3053,3208,3131,2016-01-01,Akola,155
sunflower,2016,April,135,2587,2836,2712,2016-04-01,Akola,249
sunflower,2016,May,250,2952,3257,3104,2016-05-01,Akola,305
