Commodity,Year,Month,arrivals_in_qtl,min_price,max_price,modal_price,date,district_name,diff_price
soybean,2015,January,2360,3120,3300,3070,2015-01-01,Akola,180
soybean,2015,April,2320,3344,3542,3449,2015-04-01,Akola,198
soybean,2015,June,3310,3323,3488,3413,2015-06-01,Akola,165
soybean,2015,July,5075,3213,3386,3299,2015-07-01,Akola,173
soybean,2015,August,3015,3100,3351,3225,2015-08-01,Akola,251
soybean,2015,September,970,3099,3303,3201,2015-09-01,Akola,204
soybean,2015,October,5090,3293,3604,3514,2015-10-01,Akola,311
soybean,2015,November,12655,2872,3616,3244,2015-11-01,Akola,744
soybean,2015,December,11814,2733,3551,3144,2015-12-01,Akola,818
soybean,2016,January,8114,3046,3520,3283,2016-01-01,Akola,474
soybean,2016,February,10077,3024,3566,3295,2016-02-01,Akola,542
soybean,2016,March,1247,3148,3605,3378,2016-03-01,Akola,457
soybean,2016,April,6012,3471,3931,3701,2016-04-01,Akola,460
soybean,2016,May,4028,3265,3823,3544,2016-05-01,Akola,558
soybean,2016,June,4650,3318,3770,3534,2016-06-01,Akola,452
soybean,2016,July,1285,2961,3442,3220,2016-07-01,Akola,481
soybean,2016,August,2083,3002,3458,3225,2016-08-01,Akola,456
soybean,2016,September,2450,2782,3188,2989,2016-09-01,Akola,406
soybean,2016,October,25395,2241,2937,2589,2016-10-01,Akola,696
soybean,2016,November,24350,2389,2884,2640,2016-11-01,Akola,495
