Commodity,Year,Month,arrivals_in_qtl,min_price,max_price,modal_price,date,district_name,diff_price
paddy-unhusked,2015,June,370,1467,1675,1571,2015-06-01,Raigad,208
paddy-unhusked,2015,July,780,1415,1623,1519,2015-07-01,Raigad,208
paddy-unhusked,2015,August,715,1478,1678,1578,2015-08-01,Raigad,200
paddy-unhusked,2015,September,665,1500,1700,1600,2015-09-01,Raigad,200
paddy-unhusked,2015,October,757,1580,1792,1686,2015-10-01,Raigad,212
paddy-unhusked,2015,November,784,1500,1700,1679,2015-11-01,Raigad,200
paddy-unhusked,2015,December,836,1500,1700,1600,2015-12-01,Raigad,200
paddy-unhusked,2016,January,750,1454,1562,1508,2016-01-01,Raigad,108
paddy-unhusked,2016,February,725,1450,1550,1502,2016-02-01,Raigad,100
paddy-unhusked,2016,March,760,1450,1538,1495,2016-03-01,Raigad,88
paddy-unhusked,2016,April,910,1450,1500,1475,2016-04-01,Raigad,50
paddy-unhusked,2016,May,750,1440,1542,1517,2016-05-01,Raigad,102
paddy-unhusked,2016,June,695,1500,1550,1525,2016-06-01,Raigad,50
paddy-unhusked,2016,July,720,1500,1550,1525,2016-07-01,Raigad,50
paddy-unhusked,2016,August,722,1499,1548,1524,2016-08-01,Raigad,49
paddy-unhusked,2016,September,690,1543,1634,1588,2016-09-01,Raigad,91
paddy-unhusked,2016,October,750,1489,1526,1508,2016-10-01,Raigad,37
paddy-unhusked,2016,November,690,1480,1500,1490,2016-11-01,Raigad,20
