Commodity,Year,Month,arrivals_in_qtl,min_price,max_price,modal_price,date,district_name,diff_price
sesamum,2014,October,4,9800,11001,10400,2014-10-01,Jalgaon,1201
sesamum,2015,December,3,3500,4000,4000,2015-12-01,Jalgaon,500
sesamum,2016,June,58,5050,5483,5483,2016-06-01,Jalgaon,433
sesamum,2016,July,4,5550,5550,5550,2016-07-01,Jalgaon,0
sesamum,2016,August,13,5717,6217,6217,2016-08-01,Jalgaon,500
sesamum,2016,September,134,5693,6079,6079,2016-09-01,Jalgaon,386
sesamum,2016,October,81,4786,5472,5472,2016-10-01,Jalgaon,686
sesamum,2016,November,18,4275,4775,4775,2016-11-01,Jalgaon,500
