Commodity,Year,Month,arrivals_in_qtl,min_price,max_price,modal_price,date,district_name,diff_price
coriander (dry),2014,September,17,7000,8000,7500,2014-09-01,Jalgaon,1000
coriander (dry),2014,October,64,6760,7790,7270,2014-10-01,Jalgaon,1030
coriander (dry),2014,November,4,6500,7200,6850,2014-11-01,Jalgaon,700
coriander (dry),2015,June,111,6442,8833,8767,2015-06-01,Jalgaon,2391
coriander (dry),2015,July,36,7180,7980,7980,2015-07-01,Jalgaon,800
coriander (dry),2015,September,3,8500,8500,8500,2015-09-01,Jalgaon,0
coriander (dry),2015,November,6,7750,9100,9100,2015-11-01,Jalgaon,1350
coriander (dry),2015,December,14,8750,9375,9375,2015-12-01,Jalgaon,625
coriander (dry),2016,January,16,8100,9260,9260,2016-01-01,Jalgaon,1160
coriander (dry),2016,February,25,7833,10650,10525,2016-02-01,Jalgaon,2817
coriander (dry),2016,March,21,7800,8750,8275,2016-03-01,Jalgaon,950
coriander (dry),2016,April,14,7837,8420,7920,2016-04-01,Jalgaon,583
coriander (dry),2016,May,39,7114,8400,8400,2016-05-01,Jalgaon,1286
coriander (dry),2016,June,86,8586,8852,8852,2016-06-01,Jalgaon,266
coriander (dry),2016,July,38,8350,8476,8476,2016-07-01,Jalgaon,126
coriander (dry),2016,August,5,7500,7500,7500,2016-08-01,Jalgaon,0
coriander (dry),2016,September,2,4000,7500,7500,2016-09-01,Jalgaon,3500
