Commodity,Year,Month,arrivals_in_qtl,min_price,max_price,modal_price,date,district_name,diff_price
black gram,2014,September,11,3167,3429,3298,2014-09-01,Jalgaon,262
black gram,2014,October,97,4309,4830,4569,2014-10-01,Jalgaon,521
black gram,2014,November,3,4551,4551,4551,2014-11-01,Jalgaon,0
black gram,2015,July,3,4500,4500,4500,2015-07-01,Jalgaon,0
black gram,2015,September,74,9300,9700,9700,2015-09-01,Jalgaon,400
black gram,2015,November,3,9500,9500,9500,2015-11-01,Jalgaon,0
black gram,2015,December,15,7114,7360,7360,2015-12-01,Jalgaon,246
black gram,2016,January,12,9525,9800,9800,2016-01-01,Jalgaon,275
black gram,2016,March,1,84,84,84,2016-03-01,Jalgaon,0
black gram,2016,April,3,7000,7000,7000,2016-04-01,Jalgaon,0
black gram,2016,May,6,10663,10663,10663,2016-05-01,Jalgaon,0
black gram,2016,June,9,8500,11000,11000,2016-06-01,Jalgaon,2500
black gram,2016,July,3,12600,12600,12600,2016-07-01,Jalgaon,0
black gram,2016,August,5,6128,6550,6550,2016-08-01,Jalgaon,422
black gram,2016,September,1853,6567,7296,7295,2016-09-01,Jalgaon,729
black gram,2016,October,1710,5225,7109,7109,2016-10-01,Jalgaon,1884
black gram,2016,November,490,5007,6497,6497,2016-11-01,Jalgaon,1490
