Commodity,Year,Month,arrivals_in_qtl,min_price,max_price,modal_price,date,district_name,diff_price
wheat(husked),2014,September,1444,1400,1841,1470,2014-09-01,Jalgaon,441
wheat(husked),2014,October,1012,1391,1543,1466,2014-10-01,Jalgaon,152
wheat(husked),2014,November,122,1450,1576,1513,2014-11-01,Jalgaon,126
wheat(husked),2015,June,1818,1256,1448,1448,2015-06-01,Jalgaon,192
wheat(husked),2015,July,341,1368,1513,1513,2015-07-01,Jalgaon,145
wheat(husked),2015,August,336,1380,1569,1569,2015-08-01,Jalgaon,189
wheat(husked),2015,September,46,1440,1504,1504,2015-09-01,Jalgaon,64
wheat(husked),2015,November,217,1498,1726,1726,2015-11-01,Jalgaon,228
wheat(husked),2015,December,240,1527,1810,1798,2015-12-01,Jalgaon,283
wheat(husked),2016,January,92,1498,1735,1721,2016-01-01,Jalgaon,237
wheat(husked),2016,February,1799,1515,1775,1705,2016-02-01,Jalgaon,260
wheat(husked),2016,March,15947,1502,1813,1658,2016-03-01,Jalgaon,311
wheat(husked),2016,April,9940,1533,1813,1808,2016-04-01,Jalgaon,280
wheat(husked),2016,May,3703,1622,1823,1810,2016-05-01,Jalgaon,201
wheat(husked),2016,June,869,1738,1914,1911,2016-06-01,Jalgaon,176
wheat(husked),2016,July,97,1826,1955,1955,2016-07-01,Jalgaon,129
wheat(husked),2016,August,194,1614,1826,1826,2016-08-01,Jalgaon,212
wheat(husked),2016,September,446,1639,1904,1904,2016-09-01,Jalgaon,265
wheat(husked),2016,October,697,1648,1822,1822,2016-10-01,Jalgaon,174
wheat(husked),2016,November,552,1730,1923,1923,2016-11-01,Jalgaon,193
