Commodity,Year,Month,arrivals_in_qtl,min_price,max_price,modal_price,date,district_name,diff_price
ground nut pods (dry),2016,May,14,5426,5452,5452,2016-05-01,Jalgaon,26
ground nut pods (dry),2016,June,364,5134,5644,5644,2016-06-01,Jalgaon,510
ground nut pods (dry),2016,July,3,5951,5951,5951,2016-07-01,Jalgaon,0
ground nut pods (dry),2016,August,37,5640,5720,5720,2016-08-01,Jalgaon,80
ground nut pods (dry),2016,September,16,4282,4402,4402,2016-09-01,Jalgaon,120
ground nut pods (dry),2016,October,26,4120,4795,4795,2016-10-01,Jalgaon,675
ground nut pods (dry),2016,November,35,4028,4213,4213,2016-11-01,Jalgaon,185
