Commodity,Year,Month,arrivals_in_qtl,min_price,max_price,modal_price,date,district_name,diff_price
gram,2014,September,268,2180,2334,2252,2014-09-01,Jalgaon,154
gram,2014,October,918,2322,2525,2423,2014-10-01,Jalgaon,203
gram,2014,November,200,2451,2451,2451,2014-11-01,Jalgaon,0
gram,2015,June,688,3729,4106,4013,2015-06-01,Jalgaon,377
gram,2015,July,80,3870,4066,4056,2015-07-01,Jalgaon,196
gram,2015,August,23,3717,4084,4084,2015-08-01,Jalgaon,367
gram,2015,September,6,3000,4251,4251,2015-09-01,Jalgaon,1251
gram,2015,November,611,3445,3825,3825,2015-11-01,Jalgaon,380
gram,2015,December,465,3638,3900,3864,2015-12-01,Jalgaon,262
gram,2016,January,178,3784,4326,4322,2016-01-01,Jalgaon,542
gram,2016,February,528,3738,4327,4070,2016-02-01,Jalgaon,589
gram,2016,March,5448,4122,4290,4206,2016-03-01,Jalgaon,168
gram,2016,April,3893,4881,5078,5069,2016-04-01,Jalgaon,197
gram,2016,May,1569,5081,5546,5496,2016-05-01,Jalgaon,465
gram,2016,June,159,6179,6382,6382,2016-06-01,Jalgaon,203
gram,2016,July,12,6867,7084,7084,2016-07-01,Jalgaon,217
gram,2016,August,23,5217,5617,5617,2016-08-01,Jalgaon,400
gram,2016,October,116,7685,8878,8878,2016-10-01,Jalgaon,1193
gram,2016,November,90,7460,9040,9040,2016-11-01,Jalgaon,1580
