Commodity,Year,Month,arrivals_in_qtl,min_price,max_price,modal_price,date,district_name,diff_price
sorgum(jawar),2014,September,915,1343,1561,1452,2014-09-01,Jalgaon,218
sorgum(jawar),2014,October,3341,1300,1576,1443,2014-10-01,Jalgaon,276
sorgum(jawar),2014,November,2377,1300,1690,1495,2014-11-01,Jalgaon,390
sorgum(jawar),2015,June,3339,1238,1455,1436,2015-06-01,Jalgaon,217
sorgum(jawar),2015,July,586,1255,1379,1372,2015-07-01,Jalgaon,124
sorgum(jawar),2015,August,201,1200,1334,1334,2015-08-01,Jalgaon,134
sorgum(jawar),2015,September,121,1200,1476,1476,2015-09-01,Jalgaon,276
sorgum(jawar),2015,November,2953,1384,1571,1568,2015-11-01,Jalgaon,187
sorgum(jawar),2015,December,2811,1391,1580,1580,2015-12-01,Jalgaon,189
sorgum(jawar),2016,January,541,1395,1488,1488,2016-01-01,Jalgaon,93
sorgum(jawar),2016,February,1074,1511,1914,1821,2016-02-01,Jalgaon,403
sorgum(jawar),2016,March,13544,1581,2134,1858,2016-03-01,Jalgaon,553
sorgum(jawar),2016,April,8222,1580,2046,2039,2016-04-01,Jalgaon,466
sorgum(jawar),2016,May,8734,1645,2046,2003,2016-05-01,Jalgaon,401
sorgum(jawar),2016,June,1050,1654,1906,1881,2016-06-01,Jalgaon,252
sorgum(jawar),2016,July,125,1718,1818,1818,2016-07-01,Jalgaon,100
sorgum(jawar),2016,August,363,1580,1710,1710,2016-08-01,Jalgaon,130
sorgum(jawar),2016,September,837,1571,1750,1750,2016-09-01,Jalgaon,179
sorgum(jawar),2016,October,20888,1453,1828,1828,2016-10-01,Jalgaon,375
sorgum(jawar),2016,November,18532,1645,2094,2094,2016-11-01,Jalgaon,449
