Commodity,Year,Month,arrivals_in_qtl,min_price,max_price,modal_price,date,district_name,diff_price
pigeon pea (tur),2014,September,16,4600,4995,4763,2014-09-01,Amaravathi,395
pigeon pea (tur),2014,November,3,5000,5225,5100,2014-11-01,Amaravathi,225
pigeon pea (tur),2014,December,51,4824,5071,4930,2014-12-01,Amaravathi,247
pigeon pea (tur),2015,January,66,4934,5425,5336,2015-01-01,Amaravathi,491
pigeon pea (tur),2015,February,39,5523,5975,5910,2015-02-01,Amaravathi,452
pigeon pea (tur),2015,March,6,5850,6186,6150,2015-03-01,Amaravathi,336
pigeon pea (tur),2015,April,48,6391,6691,6481,2015-04-01,Amaravathi,300
pigeon pea (tur),2015,May,72,7029,7313,7152,2015-05-01,Amaravathi,284
pigeon pea (tur),2015,June,54,7192,7450,7306,2015-06-01,Amaravathi,258
pigeon pea (tur),2015,July,27,7350,7675,7453,2015-07-01,Amaravathi,325
pigeon pea (tur),2015,August,39,8773,9315,8905,2015-08-01,Amaravathi,542
pigeon pea (tur),2015,September,51,9315,9859,9463,2015-09-01,Amaravathi,544
pigeon pea (tur),2015,October,54,10797,11791,11072,2015-10-01,Amaravathi,994
pigeon pea (tur),2015,November,51,8488,9213,8798,2015-11-01,Amaravathi,725
pigeon pea (tur),2015,December,7683,8146,9547,8823,2015-12-01,Amaravathi,1401
pigeon pea (tur),2016,January,114860,8713,9271,8983,2016-01-01,Amaravathi,558
pigeon pea (tur),2016,February,38241,8130,8586,8357,2016-02-01,Amaravathi,456
pigeon pea (tur),2016,March,15737,7989,8331,8161,2016-03-01,Amaravathi,342
pigeon pea (tur),2016,April,55274,8837,9196,9014,2016-04-01,Amaravathi,359
pigeon pea (tur),2016,May,39852,8701,8891,8796,2016-05-01,Amaravathi,190
pigeon pea (tur),2016,June,49939,8687,8889,8788,2016-06-01,Amaravathi,202
pigeon pea (tur),2016,July,9581,8352,8573,8462,2016-07-01,Amaravathi,221
pigeon pea (tur),2016,August,14719,6215,6494,6356,2016-08-01,Amaravathi,279
pigeon pea (tur),2016,September,38317,6676,6972,6821,2016-09-01,Amaravathi,296
pigeon pea (tur),2016,October,30406,6525,6741,6633,2016-10-01,Amaravathi,216
pigeon pea (tur),2016,November,22451,5774,6003,5888,2016-11-01,Amaravathi,229
