Commodity,Year,Month,arrivals_in_qtl,min_price,max_price,modal_price,date,district_name,diff_price
cabbage,2014,December,39,2377,2631,2512,2014-12-01,Amaravathi,254
cabbage,2015,January,27,2033,2267,2207,2015-01-01,Amaravathi,234
cabbage,2015,February,48,1138,1350,1317,2015-02-01,Amaravathi,212
cabbage,2015,March,27,1022,1222,1176,2015-03-01,Amaravathi,200
cabbage,2015,August,6,800,1000,863,2015-08-01,Amaravathi,200
cabbage,2015,September,27,833,1000,886,2015-09-01,Amaravathi,167
cabbage,2015,October,24,875,1075,942,2015-10-01,Amaravathi,200
cabbage,2015,November,11,1000,1200,1070,2015-11-01,Amaravathi,200
cabbage,2015,December,409,1354,1585,1469,2015-12-01,Amaravathi,231
cabbage,2016,January,988,1958,2147,2047,2016-01-01,Amaravathi,189
cabbage,2016,February,1132,553,688,621,2016-02-01,Amaravathi,135
cabbage,2016,March,232,1146,1323,1235,2016-03-01,Amaravathi,177
cabbage,2016,April,115,1580,1740,1660,2016-04-01,Amaravathi,160
cabbage,2016,May,141,2083,2333,2208,2016-05-01,Amaravathi,250
cabbage,2016,June,135,2973,3273,3123,2016-06-01,Amaravathi,300
cabbage,2016,July,78,3186,3600,3393,2016-07-01,Amaravathi,414
cabbage,2016,August,261,2533,2794,2664,2016-08-01,Amaravathi,261
cabbage,2016,September,158,1860,2040,1950,2016-09-01,Amaravathi,180
cabbage,2016,October,132,2075,2383,2229,2016-10-01,Amaravathi,308
