Commodity,Year,Month,arrivals_in_qtl,min_price,max_price,modal_price,date,district_name,diff_price
bitter gourd,2015,August,6,1900,2100,1970,2015-08-01,Amaravathi,200
bitter gourd,2015,September,27,1800,2000,1858,2015-09-01,Amaravathi,200
bitter gourd,2015,October,32,2211,2422,2273,2015-10-01,Amaravathi,211
bitter gourd,2015,November,9,2400,2600,2484,2015-11-01,Amaravathi,200
bitter gourd,2015,December,76,2800,3050,2925,2015-12-01,Amaravathi,250
bitter gourd,2016,January,232,3155,3453,3303,2016-01-01,Amaravathi,298
bitter gourd,2016,February,151,3119,3375,3247,2016-02-01,Amaravathi,256
bitter gourd,2016,March,145,3400,3711,3556,2016-03-01,Amaravathi,311
bitter gourd,2016,April,227,3318,3659,3488,2016-04-01,Amaravathi,341
bitter gourd,2016,May,162,2917,3196,3057,2016-05-01,Amaravathi,279
bitter gourd,2016,June,138,3827,4236,4032,2016-06-01,Amaravathi,409
bitter gourd,2016,July,47,3800,4186,3993,2016-07-01,Amaravathi,386
bitter gourd,2016,August,183,2006,2222,2114,2016-08-01,Amaravathi,216
bitter gourd,2016,September,153,1240,1433,1337,2016-09-01,Amaravathi,193
bitter gourd,2016,October,94,2000,2220,2110,2016-10-01,Amaravathi,220
