Commodity,Year,Month,arrivals_in_qtl,min_price,max_price,modal_price,date,district_name,diff_price
brinjal,2016,January,340,900,1033,967,2016-01-01,Amaravathi,133
brinjal,2016,February,860,586,721,657,2016-02-01,Amaravathi,135
brinjal,2016,March,88,1133,1267,1200,2016-03-01,Amaravathi,134
brinjal,2016,April,605,1171,1400,1285,2016-04-01,Amaravathi,229
brinjal,2016,May,142,1073,1355,1214,2016-05-01,Amaravathi,282
brinjal,2016,June,323,1440,1704,1572,2016-06-01,Amaravathi,264
brinjal,2016,July,356,1308,1500,1402,2016-07-01,Amaravathi,192
brinjal,2016,August,397,1958,2250,2110,2016-08-01,Amaravathi,292
brinjal,2016,September,395,1059,1241,1150,2016-09-01,Amaravathi,182
brinjal,2016,October,272,1667,1850,1758,2016-10-01,Amaravathi,183
brinjal,2016,November,1181,769,923,846,2016-11-01,Amaravathi,154
