Commodity,Year,Month,arrivals_in_qtl,min_price,max_price,modal_price,date,district_name,diff_price
cluster bean,2015,August,3,1800,2000,1890,2015-08-01,Amaravathi,200
cluster bean,2015,September,18,2050,2233,2092,2015-09-01,Amaravathi,183
cluster bean,2015,October,24,2988,3325,3087,2015-10-01,Amaravathi,337
cluster bean,2015,November,6,2250,2500,2340,2015-11-01,Amaravathi,250
cluster bean,2015,December,85,2880,3090,2985,2015-12-01,Amaravathi,210
cluster bean,2016,January,117,3644,4050,3841,2016-01-01,Amaravathi,406
cluster bean,2016,February,105,3380,3807,3593,2016-02-01,Amaravathi,427
cluster bean,2016,March,78,3676,4159,3918,2016-03-01,Amaravathi,483
cluster bean,2016,April,109,2956,3250,3103,2016-04-01,Amaravathi,294
cluster bean,2016,May,134,3382,3659,3519,2016-05-01,Amaravathi,277
cluster bean,2016,June,116,4118,4500,4309,2016-06-01,Amaravathi,382
cluster bean,2016,July,36,3500,3714,3607,2016-07-01,Amaravathi,214
cluster bean,2016,August,129,2610,2880,2745,2016-08-01,Amaravathi,270
cluster bean,2016,September,109,1727,1933,1830,2016-09-01,Amaravathi,206
cluster bean,2016,October,80,3075,3400,3238,2016-10-01,Amaravathi,325
