Commodity,Year,Month,arrivals_in_qtl,min_price,max_price,modal_price,date,district_name,diff_price
onion,2016,January,1700,771,1286,1029,2016-01-01,Amaravathi,515
onion,2016,February,4840,659,1141,899,2016-02-01,Amaravathi,482
onion,2016,March,1500,367,883,625,2016-03-01,Amaravathi,516
onion,2016,April,9100,300,694,511,2016-04-01,Amaravathi,394
onion,2016,May,10300,206,475,330,2016-05-01,Amaravathi,269
onion,2016,June,9050,341,691,503,2016-06-01,Amaravathi,350
onion,2016,July,6463,317,684,515,2016-07-01,Amaravathi,367
onion,2016,August,9140,246,754,517,2016-08-01,Amaravathi,508
onion,2016,September,5490,352,896,658,2016-09-01,Amaravathi,544
onion,2016,October,2788,424,1137,797,2016-10-01,Amaravathi,713
onion,2016,November,5048,992,1508,1277,2016-11-01,Amaravathi,516
