Commodity,Year,Month,arrivals_in_qtl,min_price,max_price,modal_price,date,district_name,diff_price
orange,2014,December,39,1046,1300,1173,2014-12-01,Amaravathi,254
orange,2015,January,37,878,1311,1227,2015-01-01,Amaravathi,433
orange,2015,February,54,1428,1939,1891,2015-02-01,Amaravathi,511
orange,2015,March,24,1275,1675,1625,2015-03-01,Amaravathi,400
orange,2015,August,3,1000,1500,1175,2015-08-01,Amaravathi,500
orange,2015,September,15,800,1120,880,2015-09-01,Amaravathi,320
orange,2015,October,121,813,1150,918,2015-10-01,Amaravathi,337
orange,2015,November,82,860,1120,981,2015-11-01,Amaravathi,260
orange,2015,December,5403,479,797,646,2015-12-01,Amaravathi,318
orange,2016,January,2115,595,941,761,2016-01-01,Amaravathi,346
orange,2016,February,201,725,1075,900,2016-02-01,Amaravathi,350
orange,2016,March,165,1131,1838,1484,2016-03-01,Amaravathi,707
orange,2016,April,30,1667,2833,2250,2016-04-01,Amaravathi,1166
orange,2016,June,300,3000,4000,3500,2016-06-01,Amaravathi,1000
orange,2016,October,427,1846,2823,2335,2016-10-01,Amaravathi,977
