Commodity,Year,Month,arrivals_in_qtl,min_price,max_price,modal_price,date,district_name,diff_price
apple,2016,January,590,3286,5857,4679,2016-01-01,Amaravathi,2571
apple,2016,February,595,3808,6167,5117,2016-02-01,Amaravathi,2359
apple,2016,March,47,4167,7333,5667,2016-03-01,Amaravathi,3166
apple,2016,April,20,5000,8000,6500,2016-04-01,Amaravathi,3000
apple,2016,May,221,6574,11983,9422,2016-05-01,Amaravathi,5409
apple,2016,June,210,7091,13364,10136,2016-06-01,Amaravathi,6273
apple,2016,July,488,5455,10727,8091,2016-07-01,Amaravathi,5272
apple,2016,August,2493,4123,9000,6692,2016-08-01,Amaravathi,4877
apple,2016,September,1889,3368,7368,5487,2016-09-01,Amaravathi,4000
apple,2016,October,1337,3167,6833,5233,2016-10-01,Amaravathi,3666
apple,2016,November,3503,4178,7635,5988,2016-11-01,Amaravathi,3457
