Commodity,Year,Month,arrivals_in_qtl,min_price,max_price,modal_price,date,district_name,diff_price
pumpkin,2015,September,9,800,1000,849,2015-09-01,Amaravathi,200
pumpkin,2015,October,24,1075,1275,1136,2015-10-01,Amaravathi,200
pumpkin,2015,December,95,1433,1550,1492,2015-12-01,Amaravathi,117
pumpkin,2016,January,271,1433,1540,1483,2016-01-01,Amaravathi,107
pumpkin,2016,February,294,1063,1250,1156,2016-02-01,Amaravathi,187
pumpkin,2016,March,161,1027,1227,1127,2016-03-01,Amaravathi,200
pumpkin,2016,April,161,914,1114,1014,2016-04-01,Amaravathi,200
pumpkin,2016,May,158,867,1067,967,2016-05-01,Amaravathi,200
pumpkin,2016,June,152,1155,1355,1257,2016-06-01,Amaravathi,200
pumpkin,2016,July,80,1286,1486,1386,2016-07-01,Amaravathi,200
pumpkin,2016,August,358,750,906,828,2016-08-01,Amaravathi,156
pumpkin,2016,September,266,529,650,589,2016-09-01,Amaravathi,121
pumpkin,2016,October,141,667,800,733,2016-10-01,Amaravathi,133
