Commodity,Year,Month,arrivals_in_qtl,min_price,max_price,modal_price,date,district_name,diff_price
sorgum(jawar),2014,September,16,1475,1788,1613,2014-09-01,Amaravathi,313
sorgum(jawar),2014,November,3,1500,1850,1650,2014-11-01,Amaravathi,350
sorgum(jawar),2014,December,50,1468,1794,1640,2014-12-01,Amaravathi,326
sorgum(jawar),2015,January,69,1509,1844,1771,2015-01-01,Amaravathi,335
sorgum(jawar),2015,February,45,1593,1886,1846,2015-02-01,Amaravathi,293
sorgum(jawar),2015,March,6,1575,1875,1825,2015-03-01,Amaravathi,300
sorgum(jawar),2015,April,48,1522,1847,1616,2015-04-01,Amaravathi,325
sorgum(jawar),2015,May,72,1510,1846,1654,2015-05-01,Amaravathi,336
sorgum(jawar),2015,June,54,1506,1833,1649,2015-06-01,Amaravathi,327
sorgum(jawar),2015,July,30,1500,1838,1626,2015-07-01,Amaravathi,338
sorgum(jawar),2015,August,39,1515,1821,1615,2015-08-01,Amaravathi,306
sorgum(jawar),2015,September,51,1509,1837,1608,2015-09-01,Amaravathi,328
sorgum(jawar),2015,October,57,1503,1800,1587,2015-10-01,Amaravathi,297
sorgum(jawar),2015,November,142,1514,1854,1641,2015-11-01,Amaravathi,340
sorgum(jawar),2015,December,694,1543,1843,1696,2015-12-01,Amaravathi,300
sorgum(jawar),2016,January,282,1548,1849,1689,2016-01-01,Amaravathi,301
sorgum(jawar),2016,February,627,1548,1827,1686,2016-02-01,Amaravathi,279
sorgum(jawar),2016,March,62,1544,1866,1708,2016-03-01,Amaravathi,322
sorgum(jawar),2016,April,919,1613,1925,1769,2016-04-01,Amaravathi,312
sorgum(jawar),2016,May,70,1800,3021,1950,2016-05-01,Amaravathi,1221
sorgum(jawar),2016,June,112,1810,2158,1987,2016-06-01,Amaravathi,348
sorgum(jawar),2016,July,42,1763,2138,1950,2016-07-01,Amaravathi,375
sorgum(jawar),2016,August,117,1708,1943,1825,2016-08-01,Amaravathi,235
sorgum(jawar),2016,September,143,1768,2103,1933,2016-09-01,Amaravathi,335
sorgum(jawar),2016,October,184,1718,2083,1894,2016-10-01,Amaravathi,365
sorgum(jawar),2016,November,361,1771,2121,1946,2016-11-01,Amaravathi,350
