Commodity,Year,Month,arrivals_in_qtl,min_price,max_price,modal_price,date,district_name,diff_price
garlic,2016,January,800,6857,11143,9071,2016-01-01,Amaravathi,4286
garlic,2016,February,1205,3536,7500,5500,2016-02-01,Amaravathi,3964
garlic,2016,March,270,2333,5333,3833,2016-03-01,Amaravathi,3000
garlic,2016,April,2550,3194,6000,4389,2016-04-01,Amaravathi,2806
garlic,2016,May,1015,4786,8571,6679,2016-05-01,Amaravathi,3785
garlic,2016,June,1803,5500,9720,7610,2016-06-01,Amaravathi,4220
garlic,2016,July,1635,6630,11087,8728,2016-07-01,Amaravathi,4457
garlic,2016,August,1917,6500,12130,9194,2016-08-01,Amaravathi,5630
garlic,2016,September,1134,6000,12643,9107,2016-09-01,Amaravathi,6643
garlic,2016,October,1449,6035,12150,9420,2016-10-01,Amaravathi,6115
garlic,2016,November,2257,5614,11035,8243,2016-11-01,Amaravathi,5421
