Commodity,Year,Month,arrivals_in_qtl,min_price,max_price,modal_price,date,district_name,diff_price
coriander  ,2016,April,157,2106,2431,2272,2016-04-01,Amaravathi,325
coriander  ,2016,May,63,2363,2800,2569,2016-05-01,Amaravathi,437
coriander  ,2016,June,140,3478,3896,3698,2016-06-01,Amaravathi,418
coriander  ,2016,July,162,3463,4067,3763,2016-07-01,Amaravathi,604
coriander  ,2016,August,135,1379,1700,1553,2016-08-01,Amaravathi,321
coriander  ,2016,September,112,1882,2294,2138,2016-09-01,Amaravathi,412
coriander  ,2016,October,198,2606,3053,2879,2016-10-01,Amaravathi,447
