Commodity,Year,Month,arrivals_in_qtl,min_price,max_price,modal_price,date,district_name,diff_price
cucumber,2015,October,8,1400,1600,1500,2015-10-01,Amaravathi,200
cucumber,2015,November,10,800,1000,900,2015-11-01,Amaravathi,200
cucumber,2015,December,212,1508,1675,1592,2015-12-01,Amaravathi,167
cucumber,2016,January,496,1689,1844,1767,2016-01-01,Amaravathi,155
cucumber,2016,February,352,1712,1882,1797,2016-02-01,Amaravathi,170
cucumber,2016,March,145,1688,1913,1800,2016-03-01,Amaravathi,225
cucumber,2016,April,172,1750,1943,1846,2016-04-01,Amaravathi,193
cucumber,2016,May,169,1960,2160,2060,2016-05-01,Amaravathi,200
cucumber,2016,June,159,2600,2864,2732,2016-06-01,Amaravathi,264
cucumber,2016,July,81,1371,1550,1461,2016-07-01,Amaravathi,179
cucumber,2016,August,348,483,589,536,2016-08-01,Amaravathi,106
cucumber,2016,September,223,760,907,833,2016-09-01,Amaravathi,147
cucumber,2016,October,153,1148,1308,1228,2016-10-01,Amaravathi,160
