Commodity,Year,Month,arrivals_in_qtl,min_price,max_price,modal_price,date,district_name,diff_price
spinach,2015,January,24,625,750,709,2015-01-01,Amaravathi,125
spinach,2015,February,51,465,565,539,2015-02-01,Amaravathi,100
spinach,2015,March,30,470,570,524,2015-03-01,Amaravathi,100
spinach,2015,August,6,1600,1800,1680,2015-08-01,Amaravathi,200
spinach,2015,September,27,1889,2144,1959,2015-09-01,Amaravathi,255
spinach,2015,October,24,1288,1450,1334,2015-10-01,Amaravathi,162
spinach,2015,November,11,1100,1300,1183,2015-11-01,Amaravathi,200
spinach,2015,December,250,833,1025,929,2015-12-01,Amaravathi,192
spinach,2016,January,553,400,528,464,2016-01-01,Amaravathi,128
spinach,2016,February,422,367,467,417,2016-02-01,Amaravathi,100
spinach,2016,March,156,940,1147,1043,2016-03-01,Amaravathi,207
spinach,2016,April,460,638,763,700,2016-04-01,Amaravathi,125
spinach,2016,May,249,914,1086,1000,2016-05-01,Amaravathi,172
spinach,2016,June,173,2005,2245,2125,2016-06-01,Amaravathi,240
spinach,2016,July,53,2214,2429,2321,2016-07-01,Amaravathi,215
spinach,2016,August,146,1974,2274,2129,2016-08-01,Amaravathi,300
spinach,2016,September,120,1440,1660,1550,2016-09-01,Amaravathi,220
spinach,2016,October,82,2417,2850,2633,2016-10-01,Amaravathi,433
