Commodity,Year,Month,arrivals_in_qtl,min_price,max_price,modal_price,date,district_name,diff_price
chikoo,2016,January,97,1286,1629,1457,2016-01-01,Amaravathi,343
chikoo,2016,February,123,1118,1664,1391,2016-02-01,Amaravathi,546
chikoo,2016,March,37,1567,2567,2067,2016-03-01,Amaravathi,1000
chikoo,2016,May,352,2069,2823,2438,2016-05-01,Amaravathi,754
chikoo,2016,June,1170,2026,2889,2484,2016-06-01,Amaravathi,863
chikoo,2016,July,201,1326,1964,1652,2016-07-01,Amaravathi,638
chikoo,2016,August,281,1259,1793,1544,2016-08-01,Amaravathi,534
chikoo,2016,September,207,1553,2426,2016,2016-09-01,Amaravathi,873
chikoo,2016,October,269,1487,2260,1918,2016-10-01,Amaravathi,773
chikoo,2016,November,283,1565,2120,1849,2016-11-01,Amaravathi,555
