Commodity,Year,Month,arrivals_in_qtl,min_price,max_price,modal_price,date,district_name,diff_price
potato,2014,December,36,1208,1642,1450,2014-12-01,Amaravathi,434
potato,2015,January,30,750,1230,1131,2015-01-01,Amaravathi,480
potato,2015,February,54,689,1039,999,2015-02-01,Amaravathi,350
potato,2015,March,30,580,900,850,2015-03-01,Amaravathi,320
potato,2015,August,3,600,800,675,2015-08-01,Amaravathi,200
potato,2015,September,42,679,896,736,2015-09-01,Amaravathi,217
potato,2015,October,448,912,1129,975,2015-10-01,Amaravathi,217
potato,2015,November,1109,783,1017,894,2015-11-01,Amaravathi,234
potato,2015,December,5150,679,971,832,2015-12-01,Amaravathi,292
potato,2016,January,7060,765,1070,918,2016-01-01,Amaravathi,305
potato,2016,February,3866,658,1011,834,2016-02-01,Amaravathi,353
potato,2016,March,5709,667,937,805,2016-03-01,Amaravathi,270
potato,2016,April,5300,947,1259,1103,2016-04-01,Amaravathi,312
potato,2016,May,7600,1226,1452,1339,2016-05-01,Amaravathi,226
potato,2016,June,6653,1434,1605,1519,2016-06-01,Amaravathi,171
potato,2016,July,1840,1464,1650,1557,2016-07-01,Amaravathi,186
potato,2016,August,4257,1470,1695,1583,2016-08-01,Amaravathi,225
potato,2016,September,2990,1333,1520,1427,2016-09-01,Amaravathi,187
potato,2016,October,2565,1215,1454,1335,2016-10-01,Amaravathi,239
