Commodity,Year,Month,arrivals_in_qtl,min_price,max_price,modal_price,date,district_name,diff_price
flower,2015,August,6,1600,1800,1683,2015-08-01,Amaravathi,200
flower,2015,September,27,2078,2289,2142,2015-09-01,Amaravathi,211
flower,2015,October,24,2125,2388,2203,2015-10-01,Amaravathi,263
flower,2015,November,3,1500,1600,1525,2015-11-01,Amaravathi,100
flower,2016,January,50,1200,1400,1300,2016-01-01,Amaravathi,200
flower,2016,February,3,800,1000,900,2016-02-01,Amaravathi,200
flower,2016,April,48,3100,3300,3200,2016-04-01,Amaravathi,200
flower,2016,May,37,2450,2750,2588,2016-05-01,Amaravathi,300
