Commodity,Year,Month,arrivals_in_qtl,min_price,max_price,modal_price,date,district_name,diff_price
tomato,2014,December,33,1291,1436,1364,2014-12-01,Amaravathi,145
tomato,2015,January,30,1180,1360,1312,2015-01-01,Amaravathi,180
tomato,2015,February,54,1028,1222,1181,2015-02-01,Amaravathi,194
tomato,2015,March,30,940,1140,1090,2015-03-01,Amaravathi,200
tomato,2015,August,6,1000,1200,1093,2015-08-01,Amaravathi,200
tomato,2015,September,30,1150,1370,1210,2015-09-01,Amaravathi,220
tomato,2015,October,24,1350,1550,1415,2015-10-01,Amaravathi,200
tomato,2015,November,25,2600,2800,2697,2015-11-01,Amaravathi,200
tomato,2015,December,1242,1537,1726,1632,2015-12-01,Amaravathi,189
tomato,2016,January,2840,1465,1710,1588,2016-01-01,Amaravathi,245
tomato,2016,February,2689,556,761,658,2016-02-01,Amaravathi,205
tomato,2016,March,922,486,629,557,2016-03-01,Amaravathi,143
tomato,2016,April,955,1159,1347,1253,2016-04-01,Amaravathi,188
tomato,2016,May,264,1541,1727,1634,2016-05-01,Amaravathi,186
tomato,2016,June,314,3082,3486,3284,2016-06-01,Amaravathi,404
tomato,2016,July,359,2671,3157,2914,2016-07-01,Amaravathi,486
tomato,2016,August,3006,1258,1442,1350,2016-08-01,Amaravathi,184
tomato,2016,September,1870,747,920,833,2016-09-01,Amaravathi,173
tomato,2016,October,1170,862,1031,946,2016-10-01,Amaravathi,169
