Commodity,Year,Month,arrivals_in_qtl,min_price,max_price,modal_price,date,district_name,diff_price
pomegranate,2016,January,67,2000,4333,3167,2016-01-01,Amaravathi,2333
pomegranate,2016,February,278,2333,5444,3869,2016-02-01,Amaravathi,3111
pomegranate,2016,March,15,2000,5000,3500,2016-03-01,Amaravathi,3000
pomegranate,2016,April,20,2000,4500,3250,2016-04-01,Amaravathi,2500
pomegranate,2016,May,715,1591,4045,2795,2016-05-01,Amaravathi,2454
pomegranate,2016,June,155,2444,5222,3722,2016-06-01,Amaravathi,2778
pomegranate,2016,July,164,1964,4536,3232,2016-07-01,Amaravathi,2572
pomegranate,2016,August,330,2471,5853,4162,2016-08-01,Amaravathi,3382
pomegranate,2016,September,199,3250,7688,5406,2016-09-01,Amaravathi,4438
pomegranate,2016,October,153,3333,6778,5056,2016-10-01,Amaravathi,3445
pomegranate,2016,November,1080,3640,6855,5206,2016-11-01,Amaravathi,3215
