Commodity,Year,Month,arrivals_in_qtl,min_price,max_price,modal_price,date,district_name,diff_price
chillies(red),2015,August,6,6500,10000,7125,2015-08-01,Amaravathi,3500
chillies(red),2015,September,24,6750,10000,7608,2015-09-01,Amaravathi,3250
chillies(red),2015,October,21,6571,10000,7513,2015-10-01,Amaravathi,3429
chillies(red),2015,November,3,7000,10500,7895,2015-11-01,Amaravathi,3500
chillies(red),2015,December,3,8000,10500,9250,2015-12-01,Amaravathi,2500
chillies(red),2016,January,306,7000,11500,9417,2016-01-01,Amaravathi,4500
chillies(red),2016,February,3,7000,12000,9500,2016-02-01,Amaravathi,5000
chillies(red),2016,April,9,7333,12333,9833,2016-04-01,Amaravathi,5000
chillies(red),2016,May,119,7333,13333,9975,2016-05-01,Amaravathi,6000
chillies(red),2016,June,125,8895,13579,11026,2016-06-01,Amaravathi,4684
chillies(red),2016,July,59,7000,12400,9700,2016-07-01,Amaravathi,5400
chillies(red),2016,August,67,7000,12773,9659,2016-08-01,Amaravathi,5773
chillies(red),2016,September,115,7000,12654,9827,2016-09-01,Amaravathi,5654
