Commodity,Year,Month,arrivals_in_qtl,min_price,max_price,modal_price,date,district_name,diff_price
orange,2016,January,130,529,914,721,2016-01-01,Amaravathi,385
orange,2016,February,265,685,1008,846,2016-02-01,Amaravathi,323
orange,2016,March,30,2000,2533,2267,2016-03-01,Amaravathi,533
orange,2016,April,25,2250,3300,2775,2016-04-01,Amaravathi,1050
orange,2016,June,400,3000,4000,3500,2016-06-01,Amaravathi,1000
orange,2016,July,70,4000,8000,6000,2016-07-01,Amaravathi,4000
orange,2016,September,15,3500,6500,5000,2016-09-01,Amaravathi,3000
orange,2016,October,554,1694,2538,2134,2016-10-01,Amaravathi,844
orange,2016,November,2098,1536,2671,2094,2016-11-01,Amaravathi,1135
