Commodity,Year,Month,arrivals_in_qtl,min_price,max_price,modal_price,date,district_name,diff_price
potato,2016,January,3700,657,1043,850,2016-01-01,Amaravathi,386
potato,2016,February,5990,667,1027,847,2016-02-01,Amaravathi,360
potato,2016,March,2200,800,1267,1033,2016-03-01,Amaravathi,467
potato,2016,April,8800,1089,1350,1208,2016-04-01,Amaravathi,261
potato,2016,May,7400,1180,1473,1323,2016-05-01,Amaravathi,293
potato,2016,June,11160,1429,1635,1535,2016-06-01,Amaravathi,206
potato,2016,July,8060,2070,2406,2239,2016-07-01,Amaravathi,336
potato,2016,August,6410,1482,1981,1742,2016-08-01,Amaravathi,499
potato,2016,September,5025,1321,1538,1424,2016-09-01,Amaravathi,217
potato,2016,October,4830,1155,1445,1320,2016-10-01,Amaravathi,290
potato,2016,November,6126,939,1335,1143,2016-11-01,Amaravathi,396
