Commodity,Year,Month,arrivals_in_qtl,min_price,max_price,modal_price,date,district_name,diff_price
cabbage,2016,January,195,1483,1633,1558,2016-01-01,Amaravathi,150
cabbage,2016,February,820,731,931,831,2016-02-01,Amaravathi,200
cabbage,2016,March,122,1633,1933,1783,2016-03-01,Amaravathi,300
cabbage,2016,April,610,2782,3029,2918,2016-04-01,Amaravathi,247
cabbage,2016,May,113,2273,2582,2427,2016-05-01,Amaravathi,309
cabbage,2016,June,296,2446,2800,2623,2016-06-01,Amaravathi,354
cabbage,2016,July,254,2508,2796,2648,2016-07-01,Amaravathi,288
cabbage,2016,August,474,1610,1845,1728,2016-08-01,Amaravathi,235
cabbage,2016,September,273,953,1100,1026,2016-09-01,Amaravathi,147
cabbage,2016,October,259,1329,1543,1437,2016-10-01,Amaravathi,214
cabbage,2016,November,676,927,1089,1007,2016-11-01,Amaravathi,162
