Commodity,Year,Month,arrivals_in_qtl,min_price,max_price,modal_price,date,district_name,diff_price
linseed,2015,April,48,5353,5484,5409,2015-04-01,Amaravathi,131
linseed,2015,May,72,5325,5471,5395,2015-05-01,Amaravathi,146
linseed,2015,June,51,5168,5315,5237,2015-06-01,Amaravathi,147
linseed,2015,July,24,5038,5156,5077,2015-07-01,Amaravathi,118
linseed,2015,August,39,5054,5204,5097,2015-08-01,Amaravathi,150
linseed,2015,September,48,5006,5106,5031,2015-09-01,Amaravathi,100
linseed,2015,October,54,5000,5103,5027,2015-10-01,Amaravathi,103
linseed,2015,November,15,5000,5100,5039,2015-11-01,Amaravathi,100
linseed,2015,December,21,5343,5579,5461,2015-12-01,Amaravathi,236
linseed,2016,January,63,4295,4554,4421,2016-01-01,Amaravathi,259
linseed,2016,February,57,4605,4743,4673,2016-02-01,Amaravathi,138
linseed,2016,March,39,4388,4590,4489,2016-03-01,Amaravathi,202
linseed,2016,April,48,4453,4750,4602,2016-04-01,Amaravathi,297
linseed,2016,May,97,4920,5179,5023,2016-05-01,Amaravathi,259
linseed,2016,June,78,5012,5174,5093,2016-06-01,Amaravathi,162
linseed,2016,July,18,6767,7250,7008,2016-07-01,Amaravathi,483
linseed,2016,August,6,5500,6000,5750,2016-08-01,Amaravathi,500
linseed,2016,September,12,5200,5625,5388,2016-09-01,Amaravathi,425
