Commodity,Year,Month,arrivals_in_qtl,min_price,max_price,modal_price,date,district_name,diff_price
ginger (fresh),2014,December,36,3058,3625,3342,2014-12-01,Amaravathi,567
ginger (fresh),2015,January,30,3050,4000,3811,2015-01-01,Amaravathi,950
ginger (fresh),2015,February,54,2528,3306,3245,2015-02-01,Amaravathi,778
ginger (fresh),2015,March,24,2625,3500,3431,2015-03-01,Amaravathi,875
ginger (fresh),2015,August,6,2500,3500,2730,2015-08-01,Amaravathi,1000
ginger (fresh),2015,September,33,2536,3464,2753,2015-09-01,Amaravathi,928
ginger (fresh),2015,October,24,2563,3313,2781,2015-10-01,Amaravathi,750
ginger (fresh),2015,November,3,3000,4500,3365,2015-11-01,Amaravathi,1500
ginger (fresh),2015,December,120,2900,3250,3075,2015-12-01,Amaravathi,350
ginger (fresh),2016,January,540,2833,3333,3083,2016-01-01,Amaravathi,500
ginger (fresh),2016,February,916,2394,2918,2656,2016-02-01,Amaravathi,524
ginger (fresh),2016,March,952,2115,3538,2827,2016-03-01,Amaravathi,1423
ginger (fresh),2016,April,1203,1900,2719,2309,2016-04-01,Amaravathi,819
ginger (fresh),2016,May,2333,1778,2930,2365,2016-05-01,Amaravathi,1152
ginger (fresh),2016,June,1740,2595,3209,2902,2016-06-01,Amaravathi,614
ginger (fresh),2016,July,116,3214,3929,3571,2016-07-01,Amaravathi,715
ginger (fresh),2016,August,973,2705,3320,3013,2016-08-01,Amaravathi,615
ginger (fresh),2016,September,666,2093,3347,2387,2016-09-01,Amaravathi,1254
ginger (fresh),2016,October,722,2058,2683,2371,2016-10-01,Amaravathi,625
