Commodity,Year,Month,arrivals_in_qtl,min_price,max_price,modal_price,date,district_name,diff_price
papai,2016,January,340,514,643,579,2016-01-01,Amaravathi,129
papai,2016,February,420,1220,1830,1525,2016-02-01,Amaravathi,610
papai,2016,March,65,500,800,650,2016-03-01,Amaravathi,300
papai,2016,April,20,600,800,700,2016-04-01,Amaravathi,200
papai,2016,May,251,871,1210,1036,2016-05-01,Amaravathi,339
papai,2016,June,95,1660,2280,1970,2016-06-01,Amaravathi,620
papai,2016,July,233,1821,2307,2071,2016-07-01,Amaravathi,486
papai,2016,August,560,1532,1848,1700,2016-08-01,Amaravathi,316
papai,2016,September,425,1600,1990,1818,2016-09-01,Amaravathi,390
papai,2016,October,279,1721,1986,1864,2016-10-01,Amaravathi,265
papai,2016,November,288,1559,1950,1761,2016-11-01,Amaravathi,391
