Commodity,Year,Month,arrivals_in_qtl,min_price,max_price,modal_price,date,district_name,diff_price
sunflower,2015,January,33,2718,2918,2864,2015-01-01,Amaravathi,200
sunflower,2015,April,45,2750,2928,2805,2015-04-01,Amaravathi,178
sunflower,2015,May,69,2750,2950,2846,2015-05-01,Amaravathi,200
sunflower,2015,June,54,2742,2947,2843,2015-06-01,Amaravathi,205
sunflower,2015,July,21,2729,2932,2786,2015-07-01,Amaravathi,203
sunflower,2015,August,27,2733,2944,2815,2015-08-01,Amaravathi,211
sunflower,2015,September,18,2742,2913,2781,2015-09-01,Amaravathi,171
sunflower,2015,November,3,6300,6650,6475,2015-11-01,Amaravathi,350
sunflower,2015,December,3,6300,6500,6400,2015-12-01,Amaravathi,200
sunflower,2016,October,1439,5500,5875,5688,2016-10-01,Amaravathi,375
sunflower,2016,November,15,4870,5609,5239,2016-11-01,Amaravathi,739
