Commodity,Year,Month,arrivals_in_qtl,min_price,max_price,modal_price,date,district_name,diff_price
garlic,2014,December,39,2154,3692,2977,2014-12-01,Amaravathi,1538
garlic,2015,January,30,3300,5650,5310,2015-01-01,Amaravathi,2350
garlic,2015,February,54,2778,5250,5079,2015-02-01,Amaravathi,2472
garlic,2015,March,30,2500,4600,4465,2015-03-01,Amaravathi,2100
garlic,2015,August,6,5000,9000,6145,2015-08-01,Amaravathi,4000
garlic,2015,September,36,4333,7167,5060,2015-09-01,Amaravathi,2834
garlic,2015,October,121,4625,8250,5956,2015-10-01,Amaravathi,3625
garlic,2015,November,109,6500,11000,8475,2015-11-01,Amaravathi,4500
garlic,2015,December,1240,8933,13667,11333,2015-12-01,Amaravathi,4734
garlic,2016,January,1933,6140,10455,8273,2016-01-01,Amaravathi,4315
garlic,2016,February,1296,3000,6611,4806,2016-02-01,Amaravathi,3611
garlic,2016,March,985,2467,7660,3710,2016-03-01,Amaravathi,5193
garlic,2016,April,1993,3559,6382,4971,2016-04-01,Amaravathi,2823
garlic,2016,May,1822,4619,8024,6327,2016-05-01,Amaravathi,3405
garlic,2016,June,1377,5568,9682,7625,2016-06-01,Amaravathi,4114
garlic,2016,July,563,7000,10250,8625,2016-07-01,Amaravathi,3250
garlic,2016,August,1496,6525,12250,9388,2016-08-01,Amaravathi,5725
garlic,2016,September,949,6071,12750,9379,2016-09-01,Amaravathi,6679
garlic,2016,October,1170,5846,12500,9173,2016-10-01,Amaravathi,6654
