Commodity,Year,Month,arrivals_in_qtl,min_price,max_price,modal_price,date,district_name,diff_price
gram,2014,September,12,2517,2850,2667,2014-09-01,Amaravathi,333
gram,2014,November,3,2500,2750,2600,2014-11-01,Amaravathi,250
gram,2014,December,51,2488,2888,2672,2014-12-01,Amaravathi,400
gram,2015,January,57,2684,3167,3079,2015-01-01,Amaravathi,483
gram,2015,February,36,3521,3748,3698,2015-02-01,Amaravathi,227
gram,2015,March,6,3500,3775,3725,2015-03-01,Amaravathi,275
gram,2015,April,48,3886,4094,3953,2015-04-01,Amaravathi,208
gram,2015,May,72,4439,4601,4515,2015-05-01,Amaravathi,162
gram,2015,June,54,4331,4445,4384,2015-06-01,Amaravathi,114
gram,2015,July,24,4369,4452,4398,2015-07-01,Amaravathi,83
gram,2015,August,39,4614,4705,4639,2015-08-01,Amaravathi,91
gram,2015,September,48,4719,4811,4741,2015-09-01,Amaravathi,92
gram,2015,October,51,4897,5006,4929,2015-10-01,Amaravathi,109
gram,2015,November,135,4806,10403,10347,2015-11-01,Amaravathi,5597
gram,2015,December,1762,4531,4700,4746,2015-12-01,Amaravathi,169
gram,2016,January,8674,4380,4570,4472,2016-01-01,Amaravathi,190
gram,2016,February,15673,4113,4348,4228,2016-02-01,Amaravathi,235
gram,2016,March,23985,4197,4338,4267,2016-03-01,Amaravathi,141
gram,2016,April,34157,5209,5370,5292,2016-04-01,Amaravathi,161
gram,2016,May,16490,5721,5864,5792,2016-05-01,Amaravathi,143
gram,2016,June,9952,6582,6760,6673,2016-06-01,Amaravathi,178
gram,2016,July,1131,7650,7941,7795,2016-07-01,Amaravathi,291
gram,2016,August,2524,6557,6958,6737,2016-08-01,Amaravathi,401
gram,2016,September,4547,7714,8116,7915,2016-09-01,Amaravathi,402
gram,2016,October,8372,8935,9313,9125,2016-10-01,Amaravathi,378
gram,2016,November,2268,9309,10086,9698,2016-11-01,Amaravathi,777
