Commodity,Year,Month,arrivals_in_qtl,min_price,max_price,modal_price,date,district_name,diff_price
lemon,2015,August,6,800,1000,882,2015-08-01,Amaravathi,200
lemon,2015,September,15,1860,2140,1936,2015-09-01,Amaravathi,280
lemon,2015,October,21,2033,2300,2124,2015-10-01,Amaravathi,267
lemon,2015,November,16,1825,2100,1958,2015-11-01,Amaravathi,275
lemon,2015,December,70,1218,1909,1564,2015-12-01,Amaravathi,691
lemon,2016,January,134,1979,3189,2589,2016-01-01,Amaravathi,1210
lemon,2016,February,147,2000,2969,2484,2016-02-01,Amaravathi,969
lemon,2016,March,106,2121,3036,2579,2016-03-01,Amaravathi,915
lemon,2016,April,110,2767,3933,3357,2016-04-01,Amaravathi,1166
lemon,2016,May,168,3441,4441,3941,2016-05-01,Amaravathi,1000
lemon,2016,June,230,2373,3318,2845,2016-06-01,Amaravathi,945
lemon,2016,July,53,1721,2293,2007,2016-07-01,Amaravathi,572
lemon,2016,August,130,1256,1950,1600,2016-08-01,Amaravathi,694
lemon,2016,September,87,2107,3357,2732,2016-09-01,Amaravathi,1250
lemon,2016,October,117,2018,3064,2495,2016-10-01,Amaravathi,1046
