Commodity,Year,Month,arrivals_in_qtl,min_price,max_price,modal_price,date,district_name,diff_price
wheat(husked),2014,September,16,1700,1925,1800,2014-09-01,Amaravathi,225
wheat(husked),2014,November,3,1550,1850,1700,2014-11-01,Amaravathi,300
wheat(husked),2014,December,51,1496,1751,1625,2014-12-01,Amaravathi,255
wheat(husked),2015,January,66,1626,1909,1850,2015-01-01,Amaravathi,283
wheat(husked),2015,February,36,1667,1925,1878,2015-02-01,Amaravathi,258
wheat(husked),2015,March,6,1588,1888,1850,2015-03-01,Amaravathi,300
wheat(husked),2015,April,48,1530,1845,1625,2015-04-01,Amaravathi,315
wheat(husked),2015,May,72,1546,1843,1650,2015-05-01,Amaravathi,297
wheat(husked),2015,June,54,1532,1839,1650,2015-06-01,Amaravathi,307
wheat(husked),2015,July,27,1586,1856,1677,2015-07-01,Amaravathi,270
wheat(husked),2015,August,39,1637,1858,1717,2015-08-01,Amaravathi,221
wheat(husked),2015,September,60,1590,1838,1660,2015-09-01,Amaravathi,248
wheat(husked),2015,October,114,1604,1830,1668,2015-10-01,Amaravathi,226
wheat(husked),2015,November,206,1674,1892,1759,2015-11-01,Amaravathi,218
wheat(husked),2015,December,2120,1732,1935,1824,2015-12-01,Amaravathi,203
wheat(husked),2016,January,1493,1727,1902,1805,2016-01-01,Amaravathi,175
wheat(husked),2016,February,2434,1703,1883,1788,2016-02-01,Amaravathi,180
wheat(husked),2016,March,8333,1670,1858,1771,2016-03-01,Amaravathi,188
wheat(husked),2016,April,11034,1719,1983,1850,2016-04-01,Amaravathi,264
wheat(husked),2016,May,4944,1763,2072,1918,2016-05-01,Amaravathi,309
wheat(husked),2016,June,6351,1839,2156,1993,2016-06-01,Amaravathi,317
wheat(husked),2016,July,772,1795,2062,1924,2016-07-01,Amaravathi,267
wheat(husked),2016,August,1669,1758,2000,1879,2016-08-01,Amaravathi,242
wheat(husked),2016,September,1693,1834,2153,1993,2016-09-01,Amaravathi,319
wheat(husked),2016,October,1019,1799,2145,1971,2016-10-01,Amaravathi,346
wheat(husked),2016,November,805,1843,2159,2001,2016-11-01,Amaravathi,316
