Commodity,Year,Month,arrivals_in_qtl,min_price,max_price,modal_price,date,district_name,diff_price
maize,2014,November,647,896,1174,962,2014-11-01,Jalna,278
maize,2014,December,822,872,1021,938,2014-12-01,Jalna,149
maize,2015,January,63,1041,1163,1070,2015-01-01,Jalna,122
maize,2015,February,12,970,1611,1050,2015-02-01,Jalna,641
maize,2015,December,997,1191,1398,1270,2015-12-01,Jalna,207
maize,2016,January,35,1300,1396,1366,2016-01-01,Jalna,96
maize,2016,June,3,1850,2351,1900,2016-06-01,Jalna,501
maize,2016,October,262,839,1172,901,2016-10-01,Jalna,333
maize,2016,November,1323,969,1219,1084,2016-11-01,Jalna,250
