Commodity,Year,Month,arrivals_in_qtl,min_price,max_price,modal_price,date,district_name,diff_price
pigeon pea (tur),2014,December,185,4869,5350,5222,2014-12-01,Jalna,481
pigeon pea (tur),2015,January,47,5226,5657,5550,2015-01-01,Jalna,431
pigeon pea (tur),2015,February,1212,5080,5735,5258,2015-02-01,Jalna,655
pigeon pea (tur),2015,June,128,5527,6631,6004,2015-06-01,Jalna,1104
pigeon pea (tur),2015,August,20,8572,8700,8600,2015-08-01,Jalna,128
pigeon pea (tur),2015,December,4934,7422,8767,8254,2015-12-01,Jalna,1345
pigeon pea (tur),2016,January,1008,7613,8033,7770,2016-01-01,Jalna,420
pigeon pea (tur),2016,March,1100,7051,8253,7795,2016-03-01,Jalna,1202
pigeon pea (tur),2016,April,845,7803,8933,8489,2016-04-01,Jalna,1130
pigeon pea (tur),2016,May,395,8071,8883,8485,2016-05-01,Jalna,812
pigeon pea (tur),2016,June,275,7924,9219,8399,2016-06-01,Jalna,1295
pigeon pea (tur),2016,July,44,7780,8436,8180,2016-07-01,Jalna,656
