Commodity,Year,Month,arrivals_in_qtl,min_price,max_price,modal_price,date,district_name,diff_price
bajri,2014,November,1679,1226,1619,1418,2014-11-01,Jalna,393
bajri,2014,December,1637,1229,1606,1395,2014-12-01,Jalna,377
bajri,2015,January,156,1170,1538,1413,2015-01-01,Jalna,368
bajri,2015,February,449,1160,1585,1388,2015-02-01,Jalna,425
bajri,2015,June,910,1027,1411,1235,2015-06-01,Jalna,384
bajri,2015,July,314,1106,1481,1307,2015-07-01,Jalna,375
bajri,2015,August,668,1230,1570,1405,2015-08-01,Jalna,340
bajri,2015,September,1802,1307,1702,1480,2015-09-01,Jalna,395
bajri,2015,December,2210,1277,1666,1442,2015-12-01,Jalna,389
bajri,2016,January,96,1200,1633,1400,2016-01-01,Jalna,433
bajri,2016,March,1162,1511,1817,1601,2016-03-01,Jalna,306
bajri,2016,April,1367,1582,1962,1736,2016-04-01,Jalna,380
bajri,2016,May,1434,1645,1910,1760,2016-05-01,Jalna,265
bajri,2016,June,1066,1511,1789,1634,2016-06-01,Jalna,278
bajri,2016,July,715,1595,1915,1728,2016-07-01,Jalna,320
bajri,2016,August,893,1470,1797,1641,2016-08-01,Jalna,327
bajri,2016,September,1348,1440,1768,1553,2016-09-01,Jalna,328
bajri,2016,October,4951,1273,1674,1387,2016-10-01,Jalna,401
bajri,2016,November,1352,1165,1748,1271,2016-11-01,Jalna,583
