Commodity,Year,Month,arrivals_in_qtl,min_price,max_price,modal_price,date,district_name,diff_price
pigeon pea (tur),2014,September,136,3450,4388,4062,2014-09-01,Beed,938
pigeon pea (tur),2014,October,28,3754,4215,4037,2014-10-01,Beed,461
pigeon pea (tur),2014,November,8,4025,4175,4113,2014-11-01,Beed,150
pigeon pea (tur),2014,December,26,5000,5328,5190,2014-12-01,Beed,328
pigeon pea (tur),2015,January,671,5004,5585,5412,2015-01-01,Beed,581
pigeon pea (tur),2015,February,1392,4811,5952,5559,2015-02-01,Beed,1141
pigeon pea (tur),2015,March,723,5055,6123,5323,2015-03-01,Beed,1068
pigeon pea (tur),2015,April,671,5212,6487,6167,2015-04-01,Beed,1275
pigeon pea (tur),2015,May,450,5198,6848,6391,2015-05-01,Beed,1650
pigeon pea (tur),2015,June,271,5350,6917,6393,2015-06-01,Beed,1567
pigeon pea (tur),2015,July,71,5634,10145,6258,2015-07-01,Beed,4511
pigeon pea (tur),2015,August,44,6986,8343,7865,2015-08-01,Beed,1357
pigeon pea (tur),2015,September,49,7531,9216,8351,2015-09-01,Beed,1685
pigeon pea (tur),2015,October,31,7620,8650,8190,2015-10-01,Beed,1030
pigeon pea (tur),2015,November,7,6700,7200,7000,2015-11-01,Beed,500
pigeon pea (tur),2015,December,352,8091,8866,8406,2015-12-01,Beed,775
pigeon pea (tur),2016,January,980,7431,9110,8471,2016-01-01,Beed,1679
pigeon pea (tur),2016,February,209,6731,7807,7265,2016-02-01,Beed,1076
pigeon pea (tur),2016,March,515,6824,8194,7571,2016-03-01,Beed,1370
pigeon pea (tur),2016,April,366,7413,9069,8494,2016-04-01,Beed,1656
pigeon pea (tur),2016,May,280,7359,8638,8270,2016-05-01,Beed,1279
pigeon pea (tur),2016,June,190,7292,8504,8138,2016-06-01,Beed,1212
pigeon pea (tur),2016,July,69,6975,8380,8025,2016-07-01,Beed,1405
pigeon pea (tur),2016,August,30,5183,5333,5250,2016-08-01,Beed,150
pigeon pea (tur),2016,September,91,5764,6527,6214,2016-09-01,Beed,763
pigeon pea (tur),2016,October,26,5929,6225,6050,2016-10-01,Beed,296
pigeon pea (tur),2016,November,24,5287,5287,5287,2016-11-01,Beed,0
