Commodity,Year,Month,arrivals_in_qtl,min_price,max_price,modal_price,date,district_name,diff_price
sesamum,2014,October,31,9373,10408,9855,2014-10-01,Beed,1035
sesamum,2014,November,10,8936,9229,9046,2014-11-01,Beed,293
sesamum,2014,December,9,9800,10440,10080,2014-12-01,Beed,640
sesamum,2015,January,56,8608,9242,8948,2015-01-01,Beed,634
sesamum,2015,February,6,7875,7908,7883,2015-02-01,Beed,33
sesamum,2015,March,1,7510,7510,7510,2015-03-01,Beed,0
sesamum,2015,May,2,6750,6750,6750,2015-05-01,Beed,0
sesamum,2015,September,2,7036,7036,7036,2015-09-01,Beed,0
sesamum,2015,October,3,7400,7525,7400,2015-10-01,Beed,125
sesamum,2015,November,2,6500,7000,6500,2015-11-01,Beed,500
sesamum,2015,December,5,6388,6388,6388,2015-12-01,Beed,0
sesamum,2016,January,1,5000,5000,5000,2016-01-01,Beed,0
sesamum,2016,April,3,5000,5000,5000,2016-04-01,Beed,0
sesamum,2016,September,1,6960,6960,6960,2016-09-01,Beed,0
sesamum,2016,October,4,5150,5150,5150,2016-10-01,Beed,0
