Commodity,Year,Month,arrivals_in_qtl,min_price,max_price,modal_price,date,district_name,diff_price
sunflower,2014,September,6,2850,2850,2850,2014-09-01,Beed,0
sunflower,2014,October,6,2806,2806,2806,2014-10-01,Beed,0
sunflower,2014,November,33,3025,3098,3050,2014-11-01,Beed,73
sunflower,2014,December,17,3038,3061,3054,2014-12-01,Beed,23
sunflower,2015,January,9,3119,3119,3119,2015-01-01,Beed,0
sunflower,2015,February,1,3050,3050,3050,2015-02-01,Beed,0
sunflower,2015,March,5,3041,3041,3041,2015-03-01,Beed,0
sunflower,2015,June,1,3000,3000,3000,2015-06-01,Beed,0
sunflower,2015,October,1,3050,3050,3050,2015-10-01,Beed,0
sunflower,2015,November,20,3130,3210,3178,2015-11-01,Beed,80
sunflower,2015,December,8,3521,3521,3521,2015-12-01,Beed,0
sunflower,2016,January,3,3246,3246,3246,2016-01-01,Beed,0
