Commodity,Year,Month,arrivals_in_qtl,min_price,max_price,modal_price,date,district_name,diff_price
black gram,2014,September,4,4900,4900,4900,2014-09-01,Beed,0
black gram,2014,October,32,4171,4415,4274,2014-10-01,Beed,244
black gram,2014,November,14,4859,4916,4887,2014-11-01,Beed,57
black gram,2014,December,17,5323,5392,5361,2014-12-01,Beed,69
black gram,2015,January,12,5306,5401,5351,2015-01-01,Beed,95
black gram,2015,February,3,4967,4967,4967,2015-02-01,Beed,0
black gram,2015,March,2,4675,4675,4675,2015-03-01,Beed,0
black gram,2015,August,1,8000,8000,8000,2015-08-01,Beed,0
black gram,2015,September,16,8493,8518,8506,2015-09-01,Beed,25
black gram,2015,October,11,11289,11645,11464,2015-10-01,Beed,356
black gram,2015,November,7,6588,8850,8750,2015-11-01,Beed,2262
black gram,2015,December,1,9000,9000,9000,2015-12-01,Beed,0
black gram,2016,August,1,5400,5400,5400,2016-08-01,Beed,0
black gram,2016,September,14,6567,6644,6578,2016-09-01,Beed,77
black gram,2016,October,15,6001,6200,6091,2016-10-01,Beed,199
black gram,2016,November,5,6925,6925,6925,2016-11-01,Beed,0
