Commodity,Year,Month,arrivals_in_qtl,min_price,max_price,modal_price,date,district_name,diff_price
soybean,2014,September,1209,3005,3392,3227,2014-09-01,Beed,387
soybean,2014,October,18649,2798,3191,3078,2014-10-01,Beed,393
soybean,2014,November,43932,3076,3354,3289,2014-11-01,Beed,278
soybean,2014,December,34651,3059,3295,3245,2014-12-01,Beed,236
soybean,2015,January,15562,3134,3331,3282,2015-01-01,Beed,197
soybean,2015,February,12341,3186,3349,3284,2015-02-01,Beed,163
soybean,2015,March,7959,3105,3348,3252,2015-03-01,Beed,243
soybean,2015,April,22637,3451,3643,3584,2015-04-01,Beed,192
soybean,2015,May,12971,3684,3908,3831,2015-05-01,Beed,224
soybean,2015,June,8369,3468,3614,3554,2015-06-01,Beed,146
soybean,2015,July,2030,3399,3476,3441,2015-07-01,Beed,77
soybean,2015,August,1395,3223,3300,3276,2015-08-01,Beed,77
soybean,2015,September,1966,3277,3352,3317,2015-09-01,Beed,75
soybean,2015,October,27700,3385,3776,3695,2015-10-01,Beed,391
soybean,2015,November,18410,3501,3813,3700,2015-11-01,Beed,312
soybean,2015,December,11755,3500,3715,3630,2015-12-01,Beed,215
soybean,2016,January,10020,3614,3771,3717,2016-01-01,Beed,157
soybean,2016,February,9430,3613,3765,3706,2016-02-01,Beed,152
soybean,2016,March,6915,3578,3781,3707,2016-03-01,Beed,203
soybean,2016,April,16806,3875,4089,3976,2016-04-01,Beed,214
soybean,2016,May,9930,3717,3980,3898,2016-05-01,Beed,263
soybean,2016,June,6201,3626,3903,3788,2016-06-01,Beed,277
soybean,2016,July,700,3550,3733,3663,2016-07-01,Beed,183
soybean,2016,August,3170,3308,3494,3433,2016-08-01,Beed,186
soybean,2016,September,1729,3108,3401,3340,2016-09-01,Beed,293
soybean,2016,October,5614,2437,3007,2897,2016-10-01,Beed,570
soybean,2016,November,35350,2209,2898,2797,2016-11-01,Beed,689
