Commodity,Year,Month,arrivals_in_qtl,min_price,max_price,modal_price,date,district_name,diff_price
chillies(red),2014,September,48,7600,9600,8600,2014-09-01,Amaravathi,2000
chillies(red),2014,October,150,6000,7067,6533,2014-10-01,Amaravathi,1067
chillies(red),2014,November,495,7250,9750,8500,2014-11-01,Amaravathi,2500
chillies(red),2014,December,369,6582,8200,7271,2014-12-01,Amaravathi,1618
chillies(red),2015,January,300,8125,10000,9063,2015-01-01,Amaravathi,1875
chillies(red),2015,February,486,8875,9875,9375,2015-02-01,Amaravathi,1000
chillies(red),2015,March,453,8500,10100,9490,2015-03-01,Amaravathi,1600
chillies(red),2015,April,138,9667,10667,10000,2015-04-01,Amaravathi,1000
chillies(red),2015,May,150,10000,11250,10625,2015-05-01,Amaravathi,1250
chillies(red),2015,June,276,9000,11600,10200,2015-06-01,Amaravathi,2600
chillies(red),2015,July,134,9000,11250,10000,2015-07-01,Amaravathi,2250
chillies(red),2015,August,68,9500,10900,10100,2015-08-01,Amaravathi,1400
chillies(red),2015,September,13,6250,10000,6458,2015-09-01,Amaravathi,3750
chillies(red),2015,October,54,6750,10500,8416,2015-10-01,Amaravathi,3750
chillies(red),2015,November,42,9000,11250,10175,2015-11-01,Amaravathi,2250
chillies(red),2015,December,113,8000,40500,8400,2015-12-01,Amaravathi,32500
chillies(red),2016,January,177,7510,9620,8150,2016-01-01,Amaravathi,2110
chillies(red),2016,February,148,7850,8850,8315,2016-02-01,Amaravathi,1000
chillies(red),2016,March,83,8625,12250,10500,2016-03-01,Amaravathi,3625
chillies(red),2016,April,72,8375,10638,9825,2016-04-01,Amaravathi,2263
chillies(red),2016,May,58,7400,11100,10360,2016-05-01,Amaravathi,3700
chillies(red),2016,June,41,8750,29750,28000,2016-06-01,Amaravathi,21000
chillies(red),2016,July,2,9000,11000,10000,2016-07-01,Amaravathi,2000
chillies(red),2016,August,12,6500,8200,7300,2016-08-01,Amaravathi,1700
chillies(red),2016,September,12,7288,9000,8125,2016-09-01,Amaravathi,1712
chillies(red),2016,October,12,5375,8125,6375,2016-10-01,Amaravathi,2750
chillies(red),2016,November,355,5667,8333,7000,2016-11-01,Amaravathi,2666
