Commodity,Year,Month,arrivals_in_qtl,min_price,max_price,modal_price,date,district_name,diff_price
pigeon pea (tur),2014,September,816,4478,4870,4674,2014-09-01,Amaravathi,392
pigeon pea (tur),2014,October,741,4810,4980,4880,2014-10-01,Amaravathi,170
pigeon pea (tur),2014,November,210,4908,5167,5038,2014-11-01,Amaravathi,259
pigeon pea (tur),2014,December,207,4364,4845,4605,2014-12-01,Amaravathi,481
pigeon pea (tur),2015,January,12816,4768,5300,5034,2015-01-01,Amaravathi,532
pigeon pea (tur),2015,February,27990,4800,5771,5369,2015-02-01,Amaravathi,971
pigeon pea (tur),2015,March,9750,5140,5902,5540,2015-03-01,Amaravathi,762
pigeon pea (tur),2015,April,6975,5245,6339,5794,2015-04-01,Amaravathi,1094
pigeon pea (tur),2015,May,5875,6243,7220,6688,2015-05-01,Amaravathi,977
pigeon pea (tur),2015,June,2610,6365,7041,6762,2015-06-01,Amaravathi,676
pigeon pea (tur),2015,July,1112,6672,7279,7006,2015-07-01,Amaravathi,607
pigeon pea (tur),2015,August,412,8100,9020,8637,2015-08-01,Amaravathi,920
pigeon pea (tur),2015,September,172,8556,9122,8872,2015-09-01,Amaravathi,566
pigeon pea (tur),2015,October,98,9320,10740,9875,2015-10-01,Amaravathi,1420
pigeon pea (tur),2015,November,1,7400,8000,7650,2015-11-01,Amaravathi,600
pigeon pea (tur),2015,December,2536,7900,9078,8500,2015-12-01,Amaravathi,1178
pigeon pea (tur),2016,January,14157,7954,9004,8473,2016-01-01,Amaravathi,1050
pigeon pea (tur),2016,February,8174,7663,8265,7997,2016-02-01,Amaravathi,602
pigeon pea (tur),2016,March,5529,7704,8242,8010,2016-03-01,Amaravathi,538
pigeon pea (tur),2016,April,3387,8506,9050,8794,2016-04-01,Amaravathi,544
pigeon pea (tur),2016,May,2052,8338,8753,8538,2016-05-01,Amaravathi,415
pigeon pea (tur),2016,June,4805,8239,8780,8512,2016-06-01,Amaravathi,541
pigeon pea (tur),2016,July,1312,7644,8205,7906,2016-07-01,Amaravathi,561
pigeon pea (tur),2016,August,1007,5638,6240,6002,2016-08-01,Amaravathi,602
pigeon pea (tur),2016,September,1182,6214,6840,6486,2016-09-01,Amaravathi,626
pigeon pea (tur),2016,October,654,5556,6300,5928,2016-10-01,Amaravathi,744
pigeon pea (tur),2016,November,342,4920,5465,5163,2016-11-01,Amaravathi,545
