Commodity,Year,Month,arrivals_in_qtl,min_price,max_price,modal_price,date,district_name,diff_price
green gram,2014,September,45,6850,7250,7050,2014-09-01,Amaravathi,400
green gram,2014,October,468,6828,7133,6881,2014-10-01,Amaravathi,305
green gram,2014,November,102,7547,7869,7741,2014-11-01,Amaravathi,322
green gram,2014,December,84,7375,7489,7432,2014-12-01,Amaravathi,114
green gram,2015,February,15,9000,9000,9000,2015-02-01,Amaravathi,0
green gram,2015,August,4,4500,4500,4500,2015-08-01,Amaravathi,0
green gram,2015,September,236,7372,7852,7620,2015-09-01,Amaravathi,480
green gram,2015,October,179,8118,8537,8341,2015-10-01,Amaravathi,419
green gram,2015,November,101,6725,7459,7038,2015-11-01,Amaravathi,734
green gram,2015,December,16,7200,7425,7300,2015-12-01,Amaravathi,225
green gram,2016,August,12,4000,4398,4250,2016-08-01,Amaravathi,398
green gram,2016,September,1934,4175,5031,4644,2016-09-01,Amaravathi,856
green gram,2016,October,414,4050,4761,4411,2016-10-01,Amaravathi,711
green gram,2016,November,224,3950,4470,4205,2016-11-01,Amaravathi,520
