Commodity,Year,Month,arrivals_in_qtl,min_price,max_price,modal_price,date,district_name,diff_price
wheat(husked),2014,September,1434,1398,1598,1498,2014-09-01,Amaravathi,200
wheat(husked),2014,October,780,1393,1514,1454,2014-10-01,Amaravathi,121
wheat(husked),2014,November,1830,1425,1581,1491,2014-11-01,Amaravathi,156
wheat(husked),2014,December,1170,1404,1618,1511,2014-12-01,Amaravathi,214
wheat(husked),2015,January,870,1491,1791,1639,2015-01-01,Amaravathi,300
wheat(husked),2015,February,885,1529,1800,1664,2015-02-01,Amaravathi,271
wheat(husked),2015,March,720,1454,1754,1604,2015-03-01,Amaravathi,300
wheat(husked),2015,April,7275,1255,1705,1490,2015-04-01,Amaravathi,450
wheat(husked),2015,May,8220,1268,1708,1482,2015-05-01,Amaravathi,440
wheat(husked),2015,June,4902,1301,1602,1455,2015-06-01,Amaravathi,301
wheat(husked),2015,July,837,1329,1643,1446,2015-07-01,Amaravathi,314
wheat(husked),2015,August,1071,1335,1690,1460,2015-08-01,Amaravathi,355
wheat(husked),2015,September,1217,1328,1650,1466,2015-09-01,Amaravathi,322
wheat(husked),2015,October,841,1380,1711,1493,2015-10-01,Amaravathi,331
wheat(husked),2015,November,481,1407,1682,1496,2015-11-01,Amaravathi,275
wheat(husked),2015,December,380,1414,1794,1539,2015-12-01,Amaravathi,380
wheat(husked),2016,January,268,1394,1700,1528,2016-01-01,Amaravathi,306
wheat(husked),2016,February,293,1416,1850,1650,2016-02-01,Amaravathi,434
wheat(husked),2016,March,1520,1436,1759,1614,2016-03-01,Amaravathi,323
wheat(husked),2016,April,3797,1438,1800,1647,2016-04-01,Amaravathi,362
wheat(husked),2016,May,1114,1431,1831,1644,2016-05-01,Amaravathi,400
wheat(husked),2016,June,777,1463,1963,1713,2016-06-01,Amaravathi,500
wheat(husked),2016,July,237,1507,1971,1714,2016-07-01,Amaravathi,464
wheat(husked),2016,August,426,1439,1838,1625,2016-08-01,Amaravathi,399
wheat(husked),2016,September,353,1443,1836,1654,2016-09-01,Amaravathi,393
wheat(husked),2016,October,370,1429,1882,1618,2016-10-01,Amaravathi,453
wheat(husked),2016,November,239,1550,2113,1813,2016-11-01,Amaravathi,563
