Commodity,Year,Month,arrivals_in_qtl,min_price,max_price,modal_price,date,district_name,diff_price
soybean,2014,September,540,3022,3211,3111,2014-09-01,Amaravathi,189
soybean,2014,October,18135,2810,3025,2918,2014-10-01,Amaravathi,215
soybean,2014,November,82500,2817,3257,3141,2014-11-01,Amaravathi,440
soybean,2014,December,28425,3002,3237,3117,2014-12-01,Amaravathi,235
soybean,2015,January,8310,3014,3270,3142,2015-01-01,Amaravathi,256
soybean,2015,February,6330,2979,3273,3145,2015-02-01,Amaravathi,294
soybean,2015,March,3480,2960,3187,3076,2015-03-01,Amaravathi,227
soybean,2015,April,1323,3183,3506,3339,2015-04-01,Amaravathi,323
soybean,2015,May,2000,3433,3825,3610,2015-05-01,Amaravathi,392
soybean,2015,June,3147,3256,3450,3357,2015-06-01,Amaravathi,194
soybean,2015,July,1905,3185,3346,3259,2015-07-01,Amaravathi,161
soybean,2015,August,887,2958,3185,3102,2015-08-01,Amaravathi,227
soybean,2015,September,1738,2972,3239,3131,2015-09-01,Amaravathi,267
soybean,2015,October,14214,3229,3800,3544,2015-10-01,Amaravathi,571
soybean,2015,November,7609,3165,3698,3453,2015-11-01,Amaravathi,533
soybean,2015,December,4460,3189,3532,3330,2015-12-01,Amaravathi,343
soybean,2016,January,1754,3186,3525,3350,2016-01-01,Amaravathi,339
soybean,2016,February,1357,3029,3548,3319,2016-02-01,Amaravathi,519
soybean,2016,March,462,3075,3448,3267,2016-03-01,Amaravathi,373
soybean,2016,April,260,3339,3811,3567,2016-04-01,Amaravathi,472
soybean,2016,May,872,3250,3667,3454,2016-05-01,Amaravathi,417
soybean,2016,June,1843,3246,3727,3469,2016-06-01,Amaravathi,481
soybean,2016,July,944,2938,3466,3200,2016-07-01,Amaravathi,528
soybean,2016,August,613,2986,3373,3186,2016-08-01,Amaravathi,387
soybean,2016,September,791,2445,2927,2695,2016-09-01,Amaravathi,482
soybean,2016,October,25226,1950,2787,2361,2016-10-01,Amaravathi,837
soybean,2016,November,13372,2345,2782,2546,2016-11-01,Amaravathi,437
