Commodity,Year,Month,arrivals_in_qtl,min_price,max_price,modal_price,date,district_name,diff_price
gram,2014,September,732,2497,2708,2608,2014-09-01,Amaravathi,211
gram,2014,October,1650,2410,2630,2500,2014-10-01,Amaravathi,220
gram,2014,November,1665,2423,2827,2625,2014-11-01,Amaravathi,404
gram,2014,December,1470,2525,2898,2688,2014-12-01,Amaravathi,373
gram,2015,January,1200,2874,3166,3020,2015-01-01,Amaravathi,292
gram,2015,February,2415,2969,3440,3209,2015-02-01,Amaravathi,471
gram,2015,March,11850,2935,3371,3166,2015-03-01,Amaravathi,436
gram,2015,April,14535,3239,3889,3564,2015-04-01,Amaravathi,650
gram,2015,May,8802,3975,4466,4193,2015-05-01,Amaravathi,491
gram,2015,June,3939,3895,4136,4022,2015-06-01,Amaravathi,241
gram,2015,July,745,3788,4151,3998,2015-07-01,Amaravathi,363
gram,2015,August,270,4023,4495,4230,2015-08-01,Amaravathi,472
gram,2015,September,198,4133,4646,4353,2015-09-01,Amaravathi,513
gram,2015,October,312,4309,4941,4564,2015-10-01,Amaravathi,632
gram,2015,November,209,3944,4744,4406,2015-11-01,Amaravathi,800
gram,2015,December,190,4050,4517,4233,2015-12-01,Amaravathi,467
gram,2016,January,882,3980,4451,4228,2016-01-01,Amaravathi,471
gram,2016,February,6187,3824,4281,4086,2016-02-01,Amaravathi,457
gram,2016,March,7531,3914,4329,4155,2016-03-01,Amaravathi,415
gram,2016,April,3868,4850,5361,5083,2016-04-01,Amaravathi,511
gram,2016,May,1698,5279,5747,5529,2016-05-01,Amaravathi,468
gram,2016,June,1653,5900,6389,6135,2016-06-01,Amaravathi,489
gram,2016,July,435,7269,7839,7559,2016-07-01,Amaravathi,570
gram,2016,August,387,6190,6785,6520,2016-08-01,Amaravathi,595
gram,2016,September,93,6800,7522,7150,2016-09-01,Amaravathi,722
gram,2016,October,250,7438,9388,8356,2016-10-01,Amaravathi,1950
gram,2016,November,196,6930,9320,8135,2016-11-01,Amaravathi,2390
