Commodity,Year,Month,arrivals_in_qtl,min_price,max_price,modal_price,date,district_name,diff_price
sorgum(jawar),2014,September,132,1327,1531,1437,2014-09-01,Amaravathi,204
sorgum(jawar),2014,October,72,1375,1442,1404,2014-10-01,Amaravathi,67
sorgum(jawar),2014,November,1905,1272,1458,1359,2014-11-01,Amaravathi,186
sorgum(jawar),2014,December,1860,1283,1492,1393,2014-12-01,Amaravathi,209
sorgum(jawar),2015,January,1179,1327,1524,1441,2015-01-01,Amaravathi,197
sorgum(jawar),2015,February,810,1350,1586,1471,2015-02-01,Amaravathi,236
sorgum(jawar),2015,March,285,1333,1483,1408,2015-03-01,Amaravathi,150
sorgum(jawar),2015,April,249,1260,1530,1380,2015-04-01,Amaravathi,270
sorgum(jawar),2015,May,525,1260,1493,1380,2015-05-01,Amaravathi,233
sorgum(jawar),2015,June,291,1257,1449,1350,2015-06-01,Amaravathi,192
sorgum(jawar),2015,July,35,1193,1350,1283,2015-07-01,Amaravathi,157
sorgum(jawar),2015,August,28,1240,1440,1320,2015-08-01,Amaravathi,200
sorgum(jawar),2015,September,60,1286,1452,1325,2015-09-01,Amaravathi,166
sorgum(jawar),2015,October,2170,1113,1336,1197,2015-10-01,Amaravathi,223
sorgum(jawar),2015,November,1238,1168,1356,1250,2015-11-01,Amaravathi,188
sorgum(jawar),2015,December,892,1244,1449,1331,2015-12-01,Amaravathi,205
sorgum(jawar),2016,January,397,1238,1439,1319,2016-01-01,Amaravathi,201
sorgum(jawar),2016,February,193,1213,1513,1375,2016-02-01,Amaravathi,300
sorgum(jawar),2016,March,140,1228,1467,1347,2016-03-01,Amaravathi,239
sorgum(jawar),2016,April,52,1250,1509,1356,2016-04-01,Amaravathi,259
sorgum(jawar),2016,May,46,1228,1500,1325,2016-05-01,Amaravathi,272
sorgum(jawar),2016,June,24,1293,1514,1393,2016-06-01,Amaravathi,221
sorgum(jawar),2016,July,30,1200,1543,1379,2016-07-01,Amaravathi,343
sorgum(jawar),2016,August,61,1294,1617,1442,2016-08-01,Amaravathi,323
sorgum(jawar),2016,September,64,1250,1579,1421,2016-09-01,Amaravathi,329
sorgum(jawar),2016,October,635,986,1536,1321,2016-10-01,Amaravathi,550
sorgum(jawar),2016,November,699,1088,1613,1363,2016-11-01,Amaravathi,525
