Commodity,Year,Month,arrivals_in_qtl,min_price,max_price,modal_price,date,district_name,diff_price
sunflower,2014,November,75,2000,2800,2400,2014-11-01,Amaravathi,800
sunflower,2014,December,1053,2821,2961,2891,2014-12-01,Amaravathi,140
sunflower,2015,January,144,2925,3075,3000,2015-01-01,Amaravathi,150
sunflower,2015,February,75,2900,3100,3050,2015-02-01,Amaravathi,200
sunflower,2015,November,48,2500,3050,2700,2015-11-01,Amaravathi,550
sunflower,2015,December,175,2825,3063,2975,2015-12-01,Amaravathi,238
sunflower,2016,January,20,2800,3000,2900,2016-01-01,Amaravathi,200
