Commodity,Year,Month,arrivals_in_qtl,min_price,max_price,modal_price,date,district_name,diff_price
paddy-unhusked,2014,September,3394,1911,2005,1959,2014-09-01,Gondiya,94
paddy-unhusked,2014,October,2437,1851,1929,1889,2014-10-01,Gondiya,78
paddy-unhusked,2014,November,6293,1465,1524,1494,2014-11-01,Gondiya,59
paddy-unhusked,2014,December,5343,1588,1654,1621,2014-12-01,Gondiya,66
paddy-unhusked,2015,January,3551,1620,1676,1648,2015-01-01,Gondiya,56
paddy-unhusked,2015,February,2233,1558,1593,1576,2015-02-01,Gondiya,35
paddy-unhusked,2015,March,2667,1512,1567,1539,2015-03-01,Gondiya,55
paddy-unhusked,2015,April,2004,1596,1670,1633,2015-04-01,Gondiya,74
paddy-unhusked,2015,May,15486,1492,1537,1515,2015-05-01,Gondiya,45
paddy-unhusked,2015,June,13908,1431,1454,1445,2015-06-01,Gondiya,23
paddy-unhusked,2015,July,4216,1429,1459,1459,2015-07-01,Gondiya,30
paddy-unhusked,2015,August,1077,1551,1608,1600,2015-08-01,Gondiya,57
paddy-unhusked,2015,September,989,2045,2125,2105,2015-09-01,Gondiya,80
paddy-unhusked,2015,October,167,1750,1825,1800,2015-10-01,Gondiya,75
paddy-unhusked,2015,November,5175,1530,1561,1560,2015-11-01,Gondiya,31
paddy-unhusked,2015,December,12616,1662,1704,1701,2015-12-01,Gondiya,42
paddy-unhusked,2016,January,4828,1597,1633,1633,2016-01-01,Gondiya,36
paddy-unhusked,2016,February,10322,1688,1723,1723,2016-02-01,Gondiya,35
paddy-unhusked,2016,March,8450,1714,1739,1739,2016-03-01,Gondiya,25
paddy-unhusked,2016,April,4973,1781,1815,1814,2016-04-01,Gondiya,34
paddy-unhusked,2016,May,8445,1782,1804,1804,2016-05-01,Gondiya,22
paddy-unhusked,2016,June,8221,1842,1875,1875,2016-06-01,Gondiya,33
paddy-unhusked,2016,July,8825,2061,2093,2093,2016-07-01,Gondiya,32
paddy-unhusked,2016,August,4320,1964,2002,2002,2016-08-01,Gondiya,38
paddy-unhusked,2016,September,4525,2024,2063,2063,2016-09-01,Gondiya,39
paddy-unhusked,2016,October,7039,1930,1958,1958,2016-10-01,Gondiya,28
paddy-unhusked,2016,November,11846,1563,1580,1580,2016-11-01,Gondiya,17
