Commodity,Year,Month,arrivals_in_qtl,min_price,max_price,modal_price,date,district_name,diff_price
ground nut pods (dry),2015,January,60,2636,3279,2856,2015-01-01,Gadchiroli,643
ground nut pods (dry),2015,February,1575,3275,4422,3805,2015-02-01,Gadchiroli,1147
ground nut pods (dry),2015,March,1586,3274,4504,3984,2015-03-01,Gadchiroli,1230
ground nut pods (dry),2015,April,151,3630,4114,3950,2015-04-01,Gadchiroli,484
ground nut pods (dry),2016,January,754,4114,5810,5170,2016-01-01,Gadchiroli,1696
ground nut pods (dry),2016,February,2666,4038,5921,5241,2016-02-01,Gadchiroli,1883
ground nut pods (dry),2016,March,222,3761,4911,4363,2016-03-01,Gadchiroli,1150
