Commodity,Year,Month,arrivals_in_qtl,min_price,max_price,modal_price,date,district_name,diff_price
pigeon pea (tur),2015,January,3886,4554,5061,4775,2015-01-01,Wardha,507
pigeon pea (tur),2015,February,13530,5204,5675,5447,2015-02-01,Wardha,471
pigeon pea (tur),2015,March,7811,5617,5971,5743,2015-03-01,Wardha,354
pigeon pea (tur),2015,April,5341,6097,6591,6297,2015-04-01,Wardha,494
pigeon pea (tur),2015,May,2335,6514,7228,6911,2015-05-01,Wardha,714
pigeon pea (tur),2015,June,1031,6670,7330,7052,2015-06-01,Wardha,660
pigeon pea (tur),2015,July,29,6800,7300,7100,2015-07-01,Wardha,500
pigeon pea (tur),2015,December,394,6644,8214,7483,2015-12-01,Wardha,1570
pigeon pea (tur),2016,January,19718,8664,9215,8955,2016-01-01,Wardha,551
pigeon pea (tur),2016,February,10911,7453,8134,7821,2016-02-01,Wardha,681
pigeon pea (tur),2016,March,5727,7600,8103,7848,2016-03-01,Wardha,503
pigeon pea (tur),2016,April,6461,8608,9082,8845,2016-04-01,Wardha,474
pigeon pea (tur),2016,May,6206,8357,8735,8556,2016-05-01,Wardha,378
pigeon pea (tur),2016,June,2680,8227,8628,8451,2016-06-01,Wardha,401
pigeon pea (tur),2016,July,698,8383,8735,8592,2016-07-01,Wardha,352
