Commodity,Year,Month,arrivals_in_qtl,min_price,max_price,modal_price,date,district_name,diff_price
soybean,2014,October,1521,2803,3415,3063,2014-10-01,Wardha,612
soybean,2014,November,12850,2861,3445,3123,2014-11-01,Wardha,584
soybean,2014,December,5918,2743,3336,3039,2014-12-01,Wardha,593
soybean,2015,January,3585,2736,3354,3084,2015-01-01,Wardha,618
soybean,2015,February,2856,2787,3330,3037,2015-02-01,Wardha,543
soybean,2015,March,1795,2728,3264,3023,2015-03-01,Wardha,536
soybean,2015,April,3071,3223,3678,3439,2015-04-01,Wardha,455
soybean,2015,May,2736,3479,3968,3734,2015-05-01,Wardha,489
soybean,2015,June,1688,2950,3540,3220,2015-06-01,Wardha,590
soybean,2015,July,130,3000,3400,3200,2015-07-01,Wardha,400
soybean,2015,September,767,2985,3236,3108,2015-09-01,Wardha,251
soybean,2015,October,17097,3082,3697,3376,2015-10-01,Wardha,615
soybean,2015,November,5315,3114,3711,3403,2015-11-01,Wardha,597
soybean,2015,December,3135,3064,3659,3347,2015-12-01,Wardha,595
soybean,2016,January,2320,3146,3634,3344,2016-01-01,Wardha,488
soybean,2016,February,3088,3144,3632,3366,2016-02-01,Wardha,488
soybean,2016,March,2027,3145,3603,3366,2016-03-01,Wardha,458
soybean,2016,April,2100,3501,3849,3654,2016-04-01,Wardha,348
soybean,2016,May,3347,3354,3778,3577,2016-05-01,Wardha,424
soybean,2016,June,1105,3315,3704,3498,2016-06-01,Wardha,389
soybean,2016,July,150,3350,3650,3488,2016-07-01,Wardha,300
soybean,2016,October,9393,2163,2831,2481,2016-10-01,Wardha,668
soybean,2016,November,10251,2175,2812,2530,2016-11-01,Wardha,637
