Commodity,Year,Month,arrivals_in_qtl,min_price,max_price,modal_price,date,district_name,diff_price
gram,2015,February,35,3100,3500,3200,2015-02-01,Wardha,400
gram,2015,March,5286,3113,3320,3199,2015-03-01,Wardha,207
gram,2015,April,4846,3338,3816,3585,2015-04-01,Wardha,478
gram,2015,May,2457,3847,4340,4107,2015-05-01,Wardha,493
gram,2015,June,969,3762,4181,3964,2015-06-01,Wardha,419
gram,2016,February,3031,3746,4234,3996,2016-02-01,Wardha,488
gram,2016,March,6185,3850,4305,4103,2016-03-01,Wardha,455
gram,2016,April,3692,4705,5234,5032,2016-04-01,Wardha,529
gram,2016,May,3617,5433,5801,5633,2016-05-01,Wardha,368
gram,2016,June,1098,6150,6545,6355,2016-06-01,Wardha,395
gram,2016,July,153,7400,7723,7567,2016-07-01,Wardha,323
