Commodity,Year,Month,arrivals_in_qtl,min_price,max_price,modal_price,date,district_name,diff_price
cotton,2014,October,730,3740,3840,3802,2014-10-01,Wardha,100
cotton,2014,November,26588,3897,4000,3946,2014-11-01,Wardha,103
cotton,2014,December,142585,4026,4113,4074,2014-12-01,Wardha,87
cotton,2015,January,139559,3904,3942,3921,2015-01-01,Wardha,38
cotton,2015,February,162966,3878,3935,3907,2015-02-01,Wardha,57
cotton,2015,March,74480,3953,4066,4020,2015-03-01,Wardha,113
cotton,2015,April,46424,4000,4538,4280,2015-04-01,Wardha,538
cotton,2015,May,24133,4000,4626,4343,2015-05-01,Wardha,626
cotton,2015,June,1426,4000,4514,4300,2015-06-01,Wardha,514
cotton,2015,October,12499,4256,4313,4287,2015-10-01,Wardha,57
cotton,2015,November,128341,4064,4114,4090,2015-11-01,Wardha,50
cotton,2015,December,207741,4321,4366,4344,2015-12-01,Wardha,45
cotton,2016,January,146606,4599,4649,4625,2016-01-01,Wardha,50
cotton,2016,February,147999,4490,4542,4516,2016-02-01,Wardha,52
cotton,2016,March,94147,4518,4573,4542,2016-03-01,Wardha,55
cotton,2016,April,102596,4844,4909,4881,2016-04-01,Wardha,65
cotton,2016,May,40272,5058,5125,5095,2016-05-01,Wardha,67
cotton,2016,June,1591,5117,5433,5301,2016-06-01,Wardha,316
cotton,2016,October,602,4710,4751,4733,2016-10-01,Wardha,41
cotton,2016,November,64686,4929,4987,4961,2016-11-01,Wardha,58
