Commodity,Year,Month,arrivals_in_qtl,min_price,max_price,modal_price,date,district_name,diff_price
wheat(husked),2015,May,65,1400,1500,1450,2015-05-01,Wardha,100
wheat(husked),2015,June,50,1400,1475,1450,2015-06-01,Wardha,75
wheat(husked),2015,November,153,1467,1622,1543,2015-11-01,Wardha,155
wheat(husked),2015,December,714,1472,1604,1535,2015-12-01,Wardha,132
wheat(husked),2016,January,34,1500,1655,1570,2016-01-01,Wardha,155
wheat(husked),2016,February,434,1467,1657,1537,2016-02-01,Wardha,190
wheat(husked),2016,March,1868,1404,1619,1514,2016-03-01,Wardha,215
wheat(husked),2016,April,1026,1452,1599,1527,2016-04-01,Wardha,147
wheat(husked),2016,May,177,1500,1610,1550,2016-05-01,Wardha,110
