Commodity,Year,Month,arrivals_in_qtl,min_price,max_price,modal_price,date,district_name,diff_price
pigeon pea (tur),2015,May,22,6550,6901,6700,2015-05-01,Wardha,351
pigeon pea (tur),2015,June,15,6700,7100,6950,2015-06-01,Wardha,400
pigeon pea (tur),2015,December,706,7495,8128,7852,2015-12-01,Wardha,633
pigeon pea (tur),2016,January,4678,7415,8670,8120,2016-01-01,Wardha,1255
pigeon pea (tur),2016,February,10596,6903,7635,7294,2016-02-01,Wardha,732
pigeon pea (tur),2016,March,2350,6911,7751,7347,2016-03-01,Wardha,840
pigeon pea (tur),2016,April,1788,7506,8715,8165,2016-04-01,Wardha,1209
pigeon pea (tur),2016,May,938,7781,8438,8133,2016-05-01,Wardha,657
pigeon pea (tur),2016,June,478,7831,8473,8154,2016-06-01,Wardha,642
