Commodity,Year,Month,arrivals_in_qtl,min_price,max_price,modal_price,date,district_name,diff_price
gram,2015,May,105,4050,4362,4175,2015-05-01,Wardha,312
gram,2015,October,6,4500,4800,4650,2015-10-01,Wardha,300
gram,2016,January,26,3200,4150,3700,2016-01-01,Wardha,950
gram,2016,February,1651,3796,6217,3933,2016-02-01,Wardha,2421
gram,2016,March,2644,3878,4219,4070,2016-03-01,Wardha,341
gram,2016,April,1643,4263,5193,4734,2016-04-01,Wardha,930
gram,2016,May,1113,5031,5651,5348,2016-05-01,Wardha,620
gram,2016,June,385,5310,6110,5730,2016-06-01,Wardha,800
