Commodity,Year,Month,arrivals_in_qtl,min_price,max_price,modal_price,date,district_name,diff_price
sorgum(jawar),2015,October,21,1351,1479,1479,2015-10-01,Jalna,128
sorgum(jawar),2015,November,49,1626,1633,1640,2015-11-01,Jalna,7
sorgum(jawar),2015,December,63,1603,1755,1665,2015-12-01,Jalna,152
sorgum(jawar),2016,January,45,1436,1540,1449,2016-01-01,Jalna,104
sorgum(jawar),2016,February,3,1386,1386,1386,2016-02-01,Jalna,0
sorgum(jawar),2016,September,31,1478,1501,1483,2016-09-01,Jalna,23
