Commodity,Year,Month,arrivals_in_qtl,min_price,max_price,modal_price,date,district_name,diff_price
pomegranate,2014,September,1380,1753,5922,3844,2014-09-01,Sangli,4169
pomegranate,2014,October,333,1565,3918,2754,2014-10-01,Sangli,2353
pomegranate,2014,November,755,1750,5560,3810,2014-11-01,Sangli,3810
pomegranate,2014,December,659,1750,7250,4525,2014-12-01,Sangli,5500
pomegranate,2015,January,639,1750,6000,3900,2015-01-01,Sangli,4250
pomegranate,2015,June,429,2000,6500,4300,2015-06-01,Sangli,4500
pomegranate,2015,July,2472,1667,5583,3650,2015-07-01,Sangli,3916
pomegranate,2015,August,6856,1909,7155,4545,2015-08-01,Sangli,5246
pomegranate,2015,September,2524,1536,5703,3646,2015-09-01,Sangli,4167
pomegranate,2015,October,3109,1591,6664,4155,2015-10-01,Sangli,5073
pomegranate,2015,November,4493,1500,5467,3544,2015-11-01,Sangli,3967
pomegranate,2015,December,7517,1450,4220,2865,2015-12-01,Sangli,2770
pomegranate,2016,January,13968,1520,5432,3480,2016-01-01,Sangli,3912
pomegranate,2016,February,13543,1500,4788,3167,2016-02-01,Sangli,3288
pomegranate,2016,March,11422,1469,3904,2692,2016-03-01,Sangli,2435
pomegranate,2016,April,14172,1700,4756,3253,2016-04-01,Sangli,3056
pomegranate,2016,May,9772,1900,5633,3777,2016-05-01,Sangli,3733
pomegranate,2016,June,6181,1781,7525,4672,2016-06-01,Sangli,5744
pomegranate,2016,July,6639,1917,8550,5254,2016-07-01,Sangli,6633
pomegranate,2016,August,4083,2000,8177,5108,2016-08-01,Sangli,6177
pomegranate,2016,September,2918,1667,7083,4328,2016-09-01,Sangli,5416
pomegranate,2016,October,6574,1520,8456,5020,2016-10-01,Sangli,6936
pomegranate,2016,November,10696,1481,7670,4550,2016-11-01,Sangli,6189
