Commodity,Year,Month,arrivals_in_qtl,min_price,max_price,modal_price,date,district_name,diff_price
maize,2015,July,15,1400,1600,1500,2015-07-01,Sangli,200
maize,2015,August,90,1400,1600,1500,2015-08-01,Sangli,200
maize,2015,October,15,1330,1370,1350,2015-10-01,Sangli,40
maize,2015,November,7,1400,1500,1450,2015-11-01,Sangli,100
maize,2015,December,305,1475,1575,1525,2015-12-01,Sangli,100
maize,2016,January,65,1400,1600,1500,2016-01-01,Sangli,200
maize,2016,February,225,1400,1500,1450,2016-02-01,Sangli,100
maize,2016,April,450,1350,1450,1400,2016-04-01,Sangli,100
maize,2016,September,40,1700,1900,1800,2016-09-01,Sangli,200
maize,2016,October,311,1400,1500,1450,2016-10-01,Sangli,100
maize,2016,November,613,1390,1435,1413,2016-11-01,Sangli,45
