Commodity,Year,Month,arrivals_in_qtl,min_price,max_price,modal_price,date,district_name,diff_price
math (bhaji),2014,September,12650,300,400,350,2014-09-01,Aurangabad,100
math (bhaji),2014,October,4200,500,700,600,2014-10-01,Aurangabad,200
math (bhaji),2014,November,23300,300,400,350,2014-11-01,Aurangabad,100
math (bhaji),2014,December,21499,130,210,170,2014-12-01,Aurangabad,80
math (bhaji),2015,January,42000,80,120,100,2015-01-01,Aurangabad,40
math (bhaji),2015,August,5400,400,600,500,2015-08-01,Aurangabad,200
math (bhaji),2015,September,15000,500,800,650,2015-09-01,Aurangabad,300
math (bhaji),2015,October,16900,300,400,350,2015-10-01,Aurangabad,100
math (bhaji),2015,December,42500,300,425,363,2015-12-01,Aurangabad,125
math (bhaji),2016,March,10800,500,800,650,2016-03-01,Aurangabad,300
math (bhaji),2016,May,3000,600,1200,900,2016-05-01,Aurangabad,600
math (bhaji),2016,July,10000,500,700,600,2016-07-01,Aurangabad,200
