Commodity,Year,Month,arrivals_in_qtl,min_price,max_price,modal_price,date,district_name,diff_price
orange,2014,November,29,600,1500,1050,2014-11-01,Aurangabad,900
orange,2014,December,2819,1073,1977,1525,2014-12-01,Aurangabad,904
orange,2015,January,2887,924,1496,1207,2015-01-01,Aurangabad,572
orange,2015,February,13954,655,938,821,2015-02-01,Aurangabad,283
orange,2015,March,343,1410,2720,2065,2015-03-01,Aurangabad,1310
orange,2015,April,155,1050,1850,1450,2015-04-01,Aurangabad,800
orange,2015,September,114,1125,2350,1738,2015-09-01,Aurangabad,1225
orange,2015,October,1375,795,1390,1095,2015-10-01,Aurangabad,595
orange,2015,November,1955,593,1023,806,2015-11-01,Aurangabad,430
orange,2015,December,5471,627,1200,913,2015-12-01,Aurangabad,573
orange,2016,January,3204,904,1778,1330,2016-01-01,Aurangabad,874
orange,2016,February,4580,795,1742,1268,2016-02-01,Aurangabad,947
orange,2016,March,664,1576,2724,2150,2016-03-01,Aurangabad,1148
orange,2016,April,395,1580,2990,2285,2016-04-01,Aurangabad,1410
orange,2016,September,138,1325,2350,1838,2016-09-01,Aurangabad,1025
orange,2016,October,414,1060,2153,1607,2016-10-01,Aurangabad,1093
orange,2016,November,732,1908,3400,2654,2016-11-01,Aurangabad,1492
