Commodity,Year,Month,arrivals_in_qtl,min_price,max_price,modal_price,date,district_name,diff_price
chikoo,2014,October,167,1200,1743,1471,2014-10-01,Aurangabad,543
chikoo,2014,November,269,1356,1989,1672,2014-11-01,Aurangabad,633
chikoo,2014,December,313,1413,2225,1819,2014-12-01,Aurangabad,812
chikoo,2015,January,483,1150,1663,1406,2015-01-01,Aurangabad,513
chikoo,2015,February,263,1440,2380,1790,2015-02-01,Aurangabad,940
chikoo,2015,March,660,1073,1909,1491,2015-03-01,Aurangabad,836
chikoo,2015,April,579,780,1393,1087,2015-04-01,Aurangabad,613
chikoo,2015,May,241,943,1386,1079,2015-05-01,Aurangabad,443
chikoo,2015,June,136,1200,1957,1579,2015-06-01,Aurangabad,757
chikoo,2015,July,159,1767,2417,2092,2015-07-01,Aurangabad,650
chikoo,2015,August,63,1300,1750,1525,2015-08-01,Aurangabad,450
chikoo,2015,September,8,1600,2000,1800,2015-09-01,Aurangabad,400
chikoo,2015,December,122,1575,2350,1963,2015-12-01,Aurangabad,775
chikoo,2016,January,225,1600,2290,1941,2016-01-01,Aurangabad,690
chikoo,2016,February,372,1290,2280,1795,2016-02-01,Aurangabad,990
chikoo,2016,March,859,1141,1782,1462,2016-03-01,Aurangabad,641
chikoo,2016,April,661,1095,1921,1508,2016-04-01,Aurangabad,826
chikoo,2016,May,678,944,1569,1256,2016-05-01,Aurangabad,625
chikoo,2016,June,495,823,1462,1142,2016-06-01,Aurangabad,639
chikoo,2016,July,41,1150,1700,1425,2016-07-01,Aurangabad,550
chikoo,2016,August,34,1500,2500,2000,2016-08-01,Aurangabad,1000
chikoo,2016,October,17,2550,3300,2925,2016-10-01,Aurangabad,750
chikoo,2016,November,132,1900,2688,2344,2016-11-01,Aurangabad,788
