Commodity,Year,Month,arrivals_in_qtl,min_price,max_price,modal_price,date,district_name,diff_price
capsicum,2014,September,541,1854,2392,2123,2014-09-01,Aurangabad,538
capsicum,2014,October,431,2033,2638,2336,2014-10-01,Aurangabad,605
capsicum,2014,November,282,2360,3120,2740,2014-11-01,Aurangabad,760
capsicum,2015,January,509,2138,2525,2331,2015-01-01,Aurangabad,387
capsicum,2015,February,135,1543,2429,1986,2015-02-01,Aurangabad,886
capsicum,2015,March,611,1918,2629,2271,2015-03-01,Aurangabad,711
capsicum,2015,April,679,1468,2109,1789,2015-04-01,Aurangabad,641
capsicum,2015,May,596,1506,1978,1739,2015-05-01,Aurangabad,472
capsicum,2015,June,497,2350,3070,2710,2015-06-01,Aurangabad,720
capsicum,2015,July,608,1995,2873,2434,2015-07-01,Aurangabad,878
capsicum,2015,August,760,1676,2196,1932,2015-08-01,Aurangabad,520
capsicum,2015,September,695,743,1048,895,2015-09-01,Aurangabad,305
capsicum,2015,October,767,1180,1724,1452,2015-10-01,Aurangabad,544
capsicum,2015,November,866,943,1209,1076,2015-11-01,Aurangabad,266
capsicum,2015,December,715,1274,1615,1443,2015-12-01,Aurangabad,341
capsicum,2016,January,722,1255,1773,1514,2016-01-01,Aurangabad,518
capsicum,2016,February,753,1205,1623,1416,2016-02-01,Aurangabad,418
capsicum,2016,March,544,2058,2533,2296,2016-03-01,Aurangabad,475
capsicum,2016,April,563,2152,2820,2486,2016-04-01,Aurangabad,668
capsicum,2016,May,665,2222,3037,2624,2016-05-01,Aurangabad,815
capsicum,2016,June,504,4292,5968,5130,2016-06-01,Aurangabad,1676
capsicum,2016,July,358,4133,5417,4775,2016-07-01,Aurangabad,1284
capsicum,2016,August,550,2533,3204,2869,2016-08-01,Aurangabad,671
capsicum,2016,September,764,863,1217,1040,2016-09-01,Aurangabad,354
capsicum,2016,October,626,956,1496,1230,2016-10-01,Aurangabad,540
capsicum,2016,November,1245,816,1100,958,2016-11-01,Aurangabad,284
