Commodity,Year,Month,arrivals_in_qtl,min_price,max_price,modal_price,date,district_name,diff_price
awala,2014,September,41,713,988,850,2014-09-01,Aurangabad,275
awala,2014,October,147,594,1163,881,2014-10-01,Aurangabad,569
awala,2014,November,233,653,1000,821,2014-11-01,Aurangabad,347
awala,2014,December,203,589,850,719,2014-12-01,Aurangabad,261
awala,2015,January,42,550,800,675,2015-01-01,Aurangabad,250
awala,2015,February,21,600,775,688,2015-02-01,Aurangabad,175
awala,2015,September,3,1600,1800,1700,2015-09-01,Aurangabad,200
awala,2015,October,84,1000,1419,1184,2015-10-01,Aurangabad,419
awala,2015,November,88,614,857,736,2015-11-01,Aurangabad,243
awala,2015,December,60,609,891,755,2015-12-01,Aurangabad,282
awala,2016,January,91,888,1138,1013,2016-01-01,Aurangabad,250
awala,2016,February,37,1000,1350,1175,2016-02-01,Aurangabad,350
awala,2016,September,3,1000,1500,1250,2016-09-01,Aurangabad,500
awala,2016,October,57,1011,1344,1178,2016-10-01,Aurangabad,333
awala,2016,November,12,800,1133,967,2016-11-01,Aurangabad,333
