Commodity,Year,Month,arrivals_in_qtl,min_price,max_price,modal_price,date,district_name,diff_price
sweet potato,2014,September,472,1525,2250,1888,2014-09-01,Aurangabad,725
sweet potato,2014,October,30,1600,2000,1800,2014-10-01,Aurangabad,400
sweet potato,2014,November,1032,1000,1200,1100,2014-11-01,Aurangabad,200
sweet potato,2015,July,100,2000,2500,2250,2015-07-01,Aurangabad,500
sweet potato,2015,September,25,1000,1500,1250,2015-09-01,Aurangabad,500
sweet potato,2015,October,702,1125,1525,1325,2015-10-01,Aurangabad,400
sweet potato,2015,November,28,1000,1500,1250,2015-11-01,Aurangabad,500
sweet potato,2015,December,14,1000,1200,1100,2015-12-01,Aurangabad,200
sweet potato,2016,July,750,2000,3500,2750,2016-07-01,Aurangabad,1500
sweet potato,2016,September,113,1250,1850,1550,2016-09-01,Aurangabad,600
sweet potato,2016,October,458,1533,2100,1817,2016-10-01,Aurangabad,567
sweet potato,2016,November,94,800,1200,1000,2016-11-01,Aurangabad,400
