Commodity,Year,Month,arrivals_in_qtl,min_price,max_price,modal_price,date,district_name,diff_price
mango(raw),2015,March,536,2824,3771,3297,2015-03-01,Aurangabad,947
mango(raw),2015,April,4700,727,1205,970,2015-04-01,Aurangabad,478
mango(raw),2015,May,3508,858,1547,1203,2015-05-01,Aurangabad,689
mango(raw),2015,June,1897,756,1500,1128,2015-06-01,Aurangabad,744
mango(raw),2015,July,206,1229,1843,1536,2015-07-01,Aurangabad,614
mango(raw),2016,February,23,5333,6667,5833,2016-02-01,Aurangabad,1334
mango(raw),2016,March,1039,2882,3491,3186,2016-03-01,Aurangabad,609
mango(raw),2016,April,3694,1244,1672,1458,2016-04-01,Aurangabad,428
mango(raw),2016,May,6369,1156,1564,1358,2016-05-01,Aurangabad,408
mango(raw),2016,June,2673,1516,2228,1872,2016-06-01,Aurangabad,712
mango(raw),2016,July,312,2200,3022,2611,2016-07-01,Aurangabad,822
mango(raw),2016,November,7,4000,5000,4500,2016-11-01,Aurangabad,1000
