Commodity,Year,Month,arrivals_in_qtl,min_price,max_price,modal_price,date,district_name,diff_price
bottle gourd,2014,September,284,517,904,710,2014-09-01,Aurangabad,387
bottle gourd,2014,October,239,392,688,541,2014-10-01,Aurangabad,296
bottle gourd,2014,November,209,537,889,713,2014-11-01,Aurangabad,352
bottle gourd,2014,December,380,568,809,689,2014-12-01,Aurangabad,241
bottle gourd,2015,January,303,416,653,534,2015-01-01,Aurangabad,237
bottle gourd,2015,February,136,510,810,660,2015-02-01,Aurangabad,300
bottle gourd,2015,March,193,482,761,621,2015-03-01,Aurangabad,279
bottle gourd,2015,April,100,500,815,658,2015-04-01,Aurangabad,315
bottle gourd,2015,May,377,472,717,594,2015-05-01,Aurangabad,245
bottle gourd,2015,June,314,511,800,656,2015-06-01,Aurangabad,289
bottle gourd,2015,July,321,414,700,557,2015-07-01,Aurangabad,286
bottle gourd,2015,August,186,563,894,726,2015-08-01,Aurangabad,331
bottle gourd,2015,September,211,400,628,514,2015-09-01,Aurangabad,228
bottle gourd,2015,October,132,489,729,609,2015-10-01,Aurangabad,240
bottle gourd,2015,November,170,450,744,594,2015-11-01,Aurangabad,294
bottle gourd,2015,December,160,581,895,738,2015-12-01,Aurangabad,314
bottle gourd,2016,January,227,516,759,638,2016-01-01,Aurangabad,243
bottle gourd,2016,February,130,453,721,587,2016-02-01,Aurangabad,268
bottle gourd,2016,March,125,586,864,725,2016-03-01,Aurangabad,278
bottle gourd,2016,April,203,607,973,790,2016-04-01,Aurangabad,366
bottle gourd,2016,May,250,800,1143,972,2016-05-01,Aurangabad,343
bottle gourd,2016,June,272,900,1493,1196,2016-06-01,Aurangabad,593
bottle gourd,2016,July,385,765,1257,1011,2016-07-01,Aurangabad,492
bottle gourd,2016,August,640,372,598,483,2016-08-01,Aurangabad,226
bottle gourd,2016,September,278,185,274,229,2016-09-01,Aurangabad,89
bottle gourd,2016,October,201,676,974,825,2016-10-01,Aurangabad,298
bottle gourd,2016,November,306,404,617,511,2016-11-01,Aurangabad,213
