Commodity,Year,Month,arrivals_in_qtl,min_price,max_price,modal_price,date,district_name,diff_price
melon,2014,October,35,400,500,450,2014-10-01,Aurangabad,100
melon,2014,December,58,350,450,400,2014-12-01,Aurangabad,100
melon,2015,February,51,600,800,700,2015-02-01,Aurangabad,200
melon,2015,March,190,600,800,700,2015-03-01,Aurangabad,200
melon,2015,July,51,900,1000,950,2015-07-01,Aurangabad,100
melon,2015,December,8,600,700,650,2015-12-01,Aurangabad,100
melon,2016,February,41700,1533,4167,3017,2016-02-01,Aurangabad,2634
melon,2016,March,176840,1945,4959,3452,2016-03-01,Aurangabad,3014
