Commodity,Year,Month,arrivals_in_qtl,min_price,max_price,modal_price,date,district_name,diff_price
wal bhaji,2014,September,99,1275,1775,1521,2014-09-01,Aurangabad,500
wal bhaji,2014,October,22,1100,1500,1300,2014-10-01,Aurangabad,400
wal bhaji,2014,November,38,1840,2250,2045,2014-11-01,Aurangabad,410
wal bhaji,2014,December,165,1945,2450,2198,2014-12-01,Aurangabad,505
wal bhaji,2015,January,309,1581,2000,1791,2015-01-01,Aurangabad,419
wal bhaji,2015,February,118,1075,1425,1250,2015-02-01,Aurangabad,350
wal bhaji,2015,March,58,1338,1877,1608,2015-03-01,Aurangabad,539
wal bhaji,2015,April,22,900,1157,1029,2015-04-01,Aurangabad,257
wal bhaji,2015,May,3,1000,1500,1250,2015-05-01,Aurangabad,500
wal bhaji,2015,July,49,1229,1671,1450,2015-07-01,Aurangabad,442
wal bhaji,2015,August,139,1284,1768,1526,2015-08-01,Aurangabad,484
wal bhaji,2015,September,81,1110,1595,1353,2015-09-01,Aurangabad,485
wal bhaji,2015,October,57,2211,3033,2622,2015-10-01,Aurangabad,822
wal bhaji,2015,November,118,1426,1961,1691,2015-11-01,Aurangabad,535
wal bhaji,2015,December,137,1270,1715,1493,2015-12-01,Aurangabad,445
wal bhaji,2016,January,152,1635,2165,1900,2016-01-01,Aurangabad,530
wal bhaji,2016,February,188,981,1338,1160,2016-02-01,Aurangabad,357
wal bhaji,2016,March,96,1630,2224,1941,2016-03-01,Aurangabad,594
wal bhaji,2016,April,41,2350,3233,2792,2016-04-01,Aurangabad,883
wal bhaji,2016,July,20,3020,4000,3510,2016-07-01,Aurangabad,980
wal bhaji,2016,August,158,1217,1779,1498,2016-08-01,Aurangabad,562
wal bhaji,2016,September,66,1288,1731,1509,2016-09-01,Aurangabad,443
wal bhaji,2016,October,53,3000,3759,3371,2016-10-01,Aurangabad,759
wal bhaji,2016,November,180,1278,1700,1480,2016-11-01,Aurangabad,422
