Commodity,Year,Month,arrivals_in_qtl,min_price,max_price,modal_price,date,district_name,diff_price
green chilli,2014,September,2417,1824,3008,2416,2014-09-01,Aurangabad,1184
green chilli,2014,October,1424,2425,4058,3242,2014-10-01,Aurangabad,1633
green chilli,2014,November,1737,2036,3409,2723,2014-11-01,Aurangabad,1373
green chilli,2014,December,2685,1513,2408,1960,2014-12-01,Aurangabad,895
green chilli,2015,January,1535,2694,3544,3119,2015-01-01,Aurangabad,850
green chilli,2015,February,2158,3033,4271,3652,2015-02-01,Aurangabad,1238
green chilli,2015,March,1961,2464,3018,2736,2015-03-01,Aurangabad,554
green chilli,2015,April,2257,2645,4073,3343,2015-04-01,Aurangabad,1428
green chilli,2015,May,3051,2370,4480,3425,2015-05-01,Aurangabad,2110
green chilli,2015,June,3162,1976,3848,2888,2015-06-01,Aurangabad,1872
green chilli,2015,July,1746,1468,2305,1889,2015-07-01,Aurangabad,837
green chilli,2015,August,2198,1377,2154,1765,2015-08-01,Aurangabad,777
green chilli,2015,September,4100,1765,2904,2313,2015-09-01,Aurangabad,1139
green chilli,2015,October,2935,1576,2872,2224,2015-10-01,Aurangabad,1296
green chilli,2015,November,2170,1296,2130,1717,2015-11-01,Aurangabad,834
green chilli,2015,December,2144,1911,2993,2433,2015-12-01,Aurangabad,1082
green chilli,2016,January,1627,2839,3404,3120,2016-01-01,Aurangabad,565
green chilli,2016,February,2171,2991,3650,3320,2016-02-01,Aurangabad,659
green chilli,2016,March,2253,3728,4428,4078,2016-03-01,Aurangabad,700
green chilli,2016,April,2641,3336,4916,4126,2016-04-01,Aurangabad,1580
green chilli,2016,May,1944,4465,6773,5688,2016-05-01,Aurangabad,2308
green chilli,2016,June,2656,3127,4673,3900,2016-06-01,Aurangabad,1546
green chilli,2016,July,1716,5196,6326,5761,2016-07-01,Aurangabad,1130
green chilli,2016,August,3741,2281,2852,2567,2016-08-01,Aurangabad,571
green chilli,2016,September,4793,554,1100,827,2016-09-01,Aurangabad,546
green chilli,2016,October,3435,719,1141,930,2016-10-01,Aurangabad,422
green chilli,2016,November,2760,700,1008,854,2016-11-01,Aurangabad,308
