Commodity,Year,Month,arrivals_in_qtl,min_price,max_price,modal_price,date,district_name,diff_price
papai,2014,September,247,1000,1345,1173,2014-09-01,Aurangabad,345
papai,2014,October,216,1036,1427,1232,2014-10-01,Aurangabad,391
papai,2014,November,270,1047,1368,1188,2014-11-01,Aurangabad,321
papai,2014,December,448,857,1164,1011,2014-12-01,Aurangabad,307
papai,2015,January,1747,526,692,609,2015-01-01,Aurangabad,166
papai,2015,February,299,500,681,591,2015-02-01,Aurangabad,181
papai,2015,March,369,408,585,496,2015-03-01,Aurangabad,177
papai,2015,April,288,305,460,383,2015-04-01,Aurangabad,155
papai,2015,May,60,300,500,400,2015-05-01,Aurangabad,200
papai,2015,June,209,940,1320,1130,2015-06-01,Aurangabad,380
papai,2015,July,414,1409,2000,1705,2015-07-01,Aurangabad,591
papai,2015,August,441,1306,1700,1503,2015-08-01,Aurangabad,394
papai,2015,September,342,933,1200,1067,2015-09-01,Aurangabad,267
papai,2015,October,94,1000,1370,1185,2015-10-01,Aurangabad,370
papai,2015,November,592,547,806,676,2015-11-01,Aurangabad,259
papai,2015,December,760,469,654,561,2015-12-01,Aurangabad,185
papai,2016,January,939,486,614,550,2016-01-01,Aurangabad,128
papai,2016,February,272,406,556,481,2016-02-01,Aurangabad,150
papai,2016,March,362,400,562,481,2016-03-01,Aurangabad,162
papai,2016,April,329,284,463,373,2016-04-01,Aurangabad,179
papai,2016,May,26,300,500,400,2016-05-01,Aurangabad,200
papai,2016,June,672,2420,3047,2737,2016-06-01,Aurangabad,627
papai,2016,July,199,1157,1857,1507,2016-07-01,Aurangabad,700
papai,2016,August,141,1600,2233,1917,2016-08-01,Aurangabad,633
papai,2016,September,172,1411,1911,1661,2016-09-01,Aurangabad,500
papai,2016,October,84,1300,1800,1550,2016-10-01,Aurangabad,500
papai,2016,November,158,1133,1544,1339,2016-11-01,Aurangabad,411
