Commodity,Year,Month,arrivals_in_qtl,min_price,max_price,modal_price,date,district_name,diff_price
coriander  ,2014,October,10500,200,500,350,2014-10-01,Aurangabad,300
coriander  ,2015,January,68100,65,85,75,2015-01-01,Aurangabad,20
coriander  ,2015,February,34500,80,100,90,2015-02-01,Aurangabad,20
coriander  ,2015,April,50200,150,300,225,2015-04-01,Aurangabad,150
coriander  ,2015,June,15000,300,900,600,2015-06-01,Aurangabad,600
coriander  ,2015,July,15900,300,500,400,2015-07-01,Aurangabad,200
coriander  ,2016,March,18000,200,300,250,2016-03-01,Aurangabad,100
coriander  ,2016,April,34000,350,500,425,2016-04-01,Aurangabad,150
coriander  ,2016,May,9000,300,600,450,2016-05-01,Aurangabad,300
coriander  ,2016,June,13900,250,900,575,2016-06-01,Aurangabad,650
coriander  ,2016,July,15400,500,800,650,2016-07-01,Aurangabad,300
