Commodity,Year,Month,arrivals_in_qtl,min_price,max_price,modal_price,date,district_name,diff_price
gram,2015,December,236,4472,4614,4540,2015-12-01,Latur,142
gram,2016,January,3058,4491,4645,4568,2016-01-01,Latur,154
gram,2016,February,93,4241,4398,4319,2016-02-01,Latur,157
gram,2016,April,354,5282,5540,5396,2016-04-01,Latur,258
gram,2016,May,1679,5460,5737,5593,2016-05-01,Latur,277
gram,2016,June,809,6345,6758,6552,2016-06-01,Latur,413
gram,2016,July,308,7097,7607,7351,2016-07-01,Latur,510
gram,2016,August,99,7202,7531,7366,2016-08-01,Latur,329
