Commodity,Year,Month,arrivals_in_qtl,min_price,max_price,modal_price,date,district_name,diff_price
cucumber,2014,September,2747,658,1108,883,2014-09-01,Aurangabad,450
cucumber,2014,October,2214,722,1135,928,2014-10-01,Aurangabad,413
cucumber,2014,November,1385,1381,1948,1707,2014-11-01,Aurangabad,567
cucumber,2014,December,759,1578,3030,1815,2014-12-01,Aurangabad,1452
cucumber,2015,January,627,837,1253,1045,2015-01-01,Aurangabad,416
cucumber,2015,February,575,1313,1987,1650,2015-02-01,Aurangabad,674
cucumber,2015,March,2314,627,945,786,2015-03-01,Aurangabad,318
cucumber,2015,April,3753,407,657,532,2015-04-01,Aurangabad,250
cucumber,2015,May,1598,630,1000,810,2015-05-01,Aurangabad,370
cucumber,2015,June,2344,645,1170,908,2015-06-01,Aurangabad,525
cucumber,2015,July,2701,770,1296,1033,2015-07-01,Aurangabad,526
cucumber,2015,August,2791,508,868,688,2015-08-01,Aurangabad,360
cucumber,2015,September,1707,887,1422,1150,2015-09-01,Aurangabad,535
cucumber,2015,October,2049,860,1340,1100,2015-10-01,Aurangabad,480
cucumber,2015,November,1665,687,1104,896,2015-11-01,Aurangabad,417
cucumber,2015,December,1865,804,1296,1057,2015-12-01,Aurangabad,492
cucumber,2016,January,680,1035,1483,1259,2016-01-01,Aurangabad,448
cucumber,2016,February,494,1490,2038,1764,2016-02-01,Aurangabad,548
cucumber,2016,March,1061,1556,2096,1826,2016-03-01,Aurangabad,540
cucumber,2016,April,1638,1108,1736,1418,2016-04-01,Aurangabad,628
cucumber,2016,May,1235,1370,1893,1631,2016-05-01,Aurangabad,523
cucumber,2016,June,2052,1292,1915,1604,2016-06-01,Aurangabad,623
cucumber,2016,July,2232,579,929,754,2016-07-01,Aurangabad,350
cucumber,2016,August,1410,474,741,607,2016-08-01,Aurangabad,267
cucumber,2016,September,763,640,980,810,2016-09-01,Aurangabad,340
cucumber,2016,October,1398,511,852,681,2016-10-01,Aurangabad,341
cucumber,2016,November,643,1250,1681,1473,2016-11-01,Aurangabad,431
