Commodity,Year,Month,arrivals_in_qtl,min_price,max_price,modal_price,date,district_name,diff_price
flower,2014,September,1267,1804,2332,2068,2014-09-01,Aurangabad,528
flower,2014,October,1135,1171,1625,1398,2014-10-01,Aurangabad,454
flower,2014,November,1647,1150,1723,1436,2014-11-01,Aurangabad,573
flower,2014,December,1503,1291,1970,1630,2014-12-01,Aurangabad,679
flower,2015,January,1786,937,1353,1147,2015-01-01,Aurangabad,416
flower,2015,February,618,850,1225,1038,2015-02-01,Aurangabad,375
flower,2015,March,1607,895,1250,1073,2015-03-01,Aurangabad,355
flower,2015,April,916,1133,1671,1402,2015-04-01,Aurangabad,538
flower,2015,May,750,1755,2760,2258,2015-05-01,Aurangabad,1005
flower,2015,June,577,2400,3315,2855,2015-06-01,Aurangabad,915
flower,2015,July,1440,1539,2261,1893,2015-07-01,Aurangabad,722
flower,2015,August,1425,1415,1969,1692,2015-08-01,Aurangabad,554
flower,2015,September,1019,959,1264,1111,2015-09-01,Aurangabad,305
flower,2015,October,1229,1088,1544,1316,2015-10-01,Aurangabad,456
flower,2015,November,1471,809,1141,975,2015-11-01,Aurangabad,332
flower,2015,December,1321,1033,1533,1283,2015-12-01,Aurangabad,500
flower,2016,January,1333,987,1491,1239,2016-01-01,Aurangabad,504
flower,2016,February,1552,536,764,634,2016-02-01,Aurangabad,228
flower,2016,March,1299,888,1352,1120,2016-03-01,Aurangabad,464
flower,2016,April,1273,1516,2276,1896,2016-04-01,Aurangabad,760
flower,2016,May,1190,1419,2319,1867,2016-05-01,Aurangabad,900
flower,2016,June,799,2862,3700,3287,2016-06-01,Aurangabad,838
flower,2016,July,763,2038,2883,2458,2016-07-01,Aurangabad,845
flower,2016,August,1011,1207,1841,1524,2016-08-01,Aurangabad,634
flower,2016,September,961,624,1040,772,2016-09-01,Aurangabad,416
flower,2016,October,997,1004,1519,1283,2016-10-01,Aurangabad,515
flower,2016,November,1451,742,992,867,2016-11-01,Aurangabad,250
