Commodity,Year,Month,arrivals_in_qtl,min_price,max_price,modal_price,date,district_name,diff_price
ginger (fresh),2014,September,336,2378,4122,3211,2014-09-01,Aurangabad,1744
ginger (fresh),2014,October,534,1944,4533,3239,2014-10-01,Aurangabad,2589
ginger (fresh),2014,November,642,1813,3875,2844,2014-11-01,Aurangabad,2062
ginger (fresh),2014,December,1124,1425,3125,2275,2014-12-01,Aurangabad,1700
ginger (fresh),2015,January,1480,1367,2800,2017,2015-01-01,Aurangabad,1433
ginger (fresh),2015,February,1200,1200,2833,2000,2015-02-01,Aurangabad,1633
ginger (fresh),2015,March,1636,1957,3657,2807,2015-03-01,Aurangabad,1700
ginger (fresh),2015,April,3178,814,2979,1896,2015-04-01,Aurangabad,2165
ginger (fresh),2015,May,3076,875,2894,1884,2015-05-01,Aurangabad,2019
ginger (fresh),2015,June,934,2056,4844,3450,2015-06-01,Aurangabad,2788
ginger (fresh),2015,July,738,2025,3813,2919,2015-07-01,Aurangabad,1788
ginger (fresh),2015,August,370,1769,3450,2609,2015-08-01,Aurangabad,1681
ginger (fresh),2015,September,136,1883,3367,2625,2015-09-01,Aurangabad,1484
ginger (fresh),2015,October,92,1643,2900,2271,2015-10-01,Aurangabad,1257
ginger (fresh),2015,November,222,825,2938,1881,2015-11-01,Aurangabad,2113
ginger (fresh),2015,December,599,1011,3067,2039,2015-12-01,Aurangabad,2056
ginger (fresh),2016,January,1080,900,2829,1864,2016-01-01,Aurangabad,1929
ginger (fresh),2016,February,1111,871,2457,1693,2016-02-01,Aurangabad,1586
ginger (fresh),2016,March,1393,763,2163,1463,2016-03-01,Aurangabad,1400
ginger (fresh),2016,April,2241,538,1975,1256,2016-04-01,Aurangabad,1437
ginger (fresh),2016,May,3255,750,2338,1544,2016-05-01,Aurangabad,1588
ginger (fresh),2016,June,1110,1133,3267,2089,2016-06-01,Aurangabad,2134
ginger (fresh),2016,July,337,1580,3260,2360,2016-07-01,Aurangabad,1680
ginger (fresh),2016,August,856,1144,2011,1578,2016-08-01,Aurangabad,867
ginger (fresh),2016,September,1640,1119,1713,1416,2016-09-01,Aurangabad,594
ginger (fresh),2016,October,919,1000,1690,1375,2016-10-01,Aurangabad,690
ginger (fresh),2016,November,1171,1045,1655,1350,2016-11-01,Aurangabad,610
