Commodity,Year,Month,arrivals_in_qtl,min_price,max_price,modal_price,date,district_name,diff_price
cluster bean,2014,September,477,1776,2168,1972,2014-09-01,Aurangabad,392
cluster bean,2014,October,264,1608,2067,1842,2014-10-01,Aurangabad,459
cluster bean,2014,November,141,2619,3233,2926,2014-11-01,Aurangabad,614
cluster bean,2014,December,112,2986,3545,3284,2014-12-01,Aurangabad,559
cluster bean,2015,January,13,3425,4800,4113,2015-01-01,Aurangabad,1375
cluster bean,2015,February,21,3300,4229,3764,2015-02-01,Aurangabad,929
cluster bean,2015,March,128,2443,3152,2798,2015-03-01,Aurangabad,709
cluster bean,2015,April,438,1481,1995,1738,2015-04-01,Aurangabad,514
cluster bean,2015,May,492,1600,2255,1928,2015-05-01,Aurangabad,655
cluster bean,2015,June,395,2321,3205,2789,2015-06-01,Aurangabad,884
cluster bean,2015,July,468,1209,1739,1474,2015-07-01,Aurangabad,530
cluster bean,2015,August,457,1256,1712,1484,2015-08-01,Aurangabad,456
cluster bean,2015,September,275,1596,2109,1852,2015-09-01,Aurangabad,513
cluster bean,2015,October,193,2716,3436,3076,2015-10-01,Aurangabad,720
cluster bean,2015,November,182,1996,2530,2263,2015-11-01,Aurangabad,534
cluster bean,2015,December,116,2954,3962,3458,2015-12-01,Aurangabad,1008
cluster bean,2016,January,80,3136,4523,3830,2016-01-01,Aurangabad,1387
cluster bean,2016,February,35,3550,4575,4075,2016-02-01,Aurangabad,1025
cluster bean,2016,March,171,3621,4792,4194,2016-03-01,Aurangabad,1171
cluster bean,2016,April,351,2767,3592,3179,2016-04-01,Aurangabad,825
cluster bean,2016,May,379,2637,3667,3202,2016-05-01,Aurangabad,1030
cluster bean,2016,June,362,3442,4615,4029,2016-06-01,Aurangabad,1173
cluster bean,2016,July,366,2574,3543,3059,2016-07-01,Aurangabad,969
cluster bean,2016,August,379,2124,2748,2436,2016-08-01,Aurangabad,624
cluster bean,2016,September,294,1171,1613,1394,2016-09-01,Aurangabad,442
cluster bean,2016,October,188,2768,3496,3132,2016-10-01,Aurangabad,728
cluster bean,2016,November,212,1876,2452,2164,2016-11-01,Aurangabad,576
