Commodity,Year,Month,arrivals_in_qtl,min_price,max_price,modal_price,date,district_name,diff_price
lemon,2014,September,266,2632,3396,3014,2014-09-01,Aurangabad,764
lemon,2014,October,288,3509,4626,4024,2014-10-01,Aurangabad,1117
lemon,2014,November,367,1460,2060,1760,2014-11-01,Aurangabad,600
lemon,2014,December,349,883,1257,1070,2014-12-01,Aurangabad,374
lemon,2015,January,353,845,1218,1037,2015-01-01,Aurangabad,373
lemon,2015,February,140,2288,2988,2638,2015-02-01,Aurangabad,700
lemon,2015,March,311,3214,4655,3934,2015-03-01,Aurangabad,1441
lemon,2015,April,390,2659,4282,3402,2015-04-01,Aurangabad,1623
lemon,2015,May,383,2528,3517,3022,2015-05-01,Aurangabad,989
lemon,2015,June,368,1105,1921,1513,2015-06-01,Aurangabad,816
lemon,2015,July,466,795,1368,1082,2015-07-01,Aurangabad,573
lemon,2015,August,492,676,1012,844,2015-08-01,Aurangabad,336
lemon,2015,September,325,1687,2535,2111,2015-09-01,Aurangabad,848
lemon,2015,October,382,2472,3488,3000,2015-10-01,Aurangabad,1016
lemon,2015,November,367,1736,2868,2280,2015-11-01,Aurangabad,1132
lemon,2015,December,539,1896,2619,2257,2015-12-01,Aurangabad,723
lemon,2016,January,391,1764,2550,2141,2016-01-01,Aurangabad,786
lemon,2016,February,409,2350,3518,2934,2016-02-01,Aurangabad,1168
lemon,2016,March,416,3444,5028,4232,2016-03-01,Aurangabad,1584
lemon,2016,April,495,3272,5220,4246,2016-04-01,Aurangabad,1948
lemon,2016,May,639,3363,5504,4481,2016-05-01,Aurangabad,2141
lemon,2016,June,356,2585,3950,3267,2016-06-01,Aurangabad,1365
lemon,2016,July,305,1979,3000,2510,2016-07-01,Aurangabad,1021
lemon,2016,August,369,2026,3000,2506,2016-08-01,Aurangabad,974
lemon,2016,September,339,2736,4108,3422,2016-09-01,Aurangabad,1372
lemon,2016,October,348,2404,3215,2810,2016-10-01,Aurangabad,811
lemon,2016,November,458,1246,1819,1533,2016-11-01,Aurangabad,573
