Commodity,Year,Month,arrivals_in_qtl,min_price,max_price,modal_price,date,district_name,diff_price
pigeon pea (tur),2015,December,3253,9015,9591,9218,2015-12-01,Latur,576
pigeon pea (tur),2016,January,11171,8991,9366,9177,2016-01-01,Latur,375
pigeon pea (tur),2016,February,210,8800,9200,9000,2016-02-01,Latur,400
pigeon pea (tur),2016,April,1211,8288,8622,8442,2016-04-01,Latur,334
pigeon pea (tur),2016,May,4131,8961,9308,9134,2016-05-01,Latur,347
pigeon pea (tur),2016,June,3237,8941,9383,9165,2016-06-01,Latur,442
pigeon pea (tur),2016,July,780,8666,9090,8877,2016-07-01,Latur,424
pigeon pea (tur),2016,August,265,7667,8114,7890,2016-08-01,Latur,447
