Commodity,Year,Month,arrivals_in_qtl,min_price,max_price,modal_price,date,district_name,diff_price
apple,2014,September,2472,5188,8281,6734,2014-09-01,Aurangabad,3093
apple,2014,October,1485,4893,8071,6482,2014-10-01,Aurangabad,3178
apple,2014,November,1450,4500,7800,6150,2014-11-01,Aurangabad,3300
apple,2014,December,802,5200,8800,7000,2014-12-01,Aurangabad,3600
apple,2015,August,3545,5200,8500,6850,2015-08-01,Aurangabad,3300
apple,2015,September,4106,4738,7414,6076,2015-09-01,Aurangabad,2676
apple,2015,October,2694,5269,8346,6808,2015-10-01,Aurangabad,3077
apple,2015,November,1800,5000,7667,6333,2015-11-01,Aurangabad,2667
apple,2015,December,1843,4636,7909,6273,2015-12-01,Aurangabad,3273
apple,2016,January,1501,5125,8375,6750,2016-01-01,Aurangabad,3250
apple,2016,February,200,3300,9000,7500,2016-02-01,Aurangabad,5700
apple,2016,March,100,5000,9000,7000,2016-03-01,Aurangabad,4000
apple,2016,August,1795,6682,10182,8432,2016-08-01,Aurangabad,3500
apple,2016,September,2694,6000,10038,8019,2016-09-01,Aurangabad,4038
apple,2016,October,4995,4442,8042,6242,2016-10-01,Aurangabad,3600
apple,2016,November,1897,6125,8600,7363,2016-11-01,Aurangabad,2475
