Commodity,Year,Month,arrivals_in_qtl,min_price,max_price,modal_price,date,district_name,diff_price
mosambi,2014,September,2558,1408,2520,1964,2014-09-01,Aurangabad,1112
mosambi,2014,October,3370,1104,2542,1825,2014-10-01,Aurangabad,1438
mosambi,2014,November,6925,1105,2371,1733,2014-11-01,Aurangabad,1266
mosambi,2014,December,5818,983,2270,1676,2014-12-01,Aurangabad,1287
mosambi,2015,January,2382,1811,2921,2339,2015-01-01,Aurangabad,1110
mosambi,2015,February,447,1556,3856,2706,2015-02-01,Aurangabad,2300
mosambi,2015,March,1742,1170,2895,2033,2015-03-01,Aurangabad,1725
mosambi,2015,April,1519,1475,2925,2200,2015-04-01,Aurangabad,1450
mosambi,2015,May,546,2721,8568,3500,2015-05-01,Aurangabad,5847
mosambi,2015,June,829,2505,4395,3445,2015-06-01,Aurangabad,1890
mosambi,2015,July,1739,1800,3109,2428,2015-07-01,Aurangabad,1309
mosambi,2015,August,4451,1220,2344,1782,2015-08-01,Aurangabad,1124
mosambi,2015,September,3934,1139,2513,1817,2015-09-01,Aurangabad,1374
mosambi,2015,October,3572,964,2424,1700,2015-10-01,Aurangabad,1460
mosambi,2015,November,1360,1439,2983,2215,2015-11-01,Aurangabad,1544
mosambi,2015,December,1273,2281,4404,3343,2015-12-01,Aurangabad,2123
mosambi,2016,January,1355,1365,2943,2176,2016-01-01,Aurangabad,1578
mosambi,2016,February,1410,1118,2805,1961,2016-02-01,Aurangabad,1687
mosambi,2016,March,1040,2408,4568,3488,2016-03-01,Aurangabad,2160
mosambi,2016,April,847,2829,4667,3748,2016-04-01,Aurangabad,1838
mosambi,2016,May,860,3423,5000,4212,2016-05-01,Aurangabad,1577
mosambi,2016,June,924,2700,4100,3400,2016-06-01,Aurangabad,1400
mosambi,2016,July,907,1635,3339,2487,2016-07-01,Aurangabad,1704
mosambi,2016,August,1572,1319,2677,1996,2016-08-01,Aurangabad,1358
mosambi,2016,September,1642,1617,3650,2633,2016-09-01,Aurangabad,2033
mosambi,2016,October,1160,2463,4267,3328,2016-10-01,Aurangabad,1804
mosambi,2016,November,633,2719,4923,3763,2016-11-01,Aurangabad,2204
