Commodity,Year,Month,arrivals_in_qtl,min_price,max_price,modal_price,date,district_name,diff_price
bitter gourd,2014,September,450,2072,2552,2306,2014-09-01,Aurangabad,480
bitter gourd,2014,October,819,848,1378,1113,2014-10-01,Aurangabad,530
bitter gourd,2014,November,545,1490,2076,1783,2014-11-01,Aurangabad,586
bitter gourd,2014,December,196,2605,3280,2963,2014-12-01,Aurangabad,675
bitter gourd,2015,January,61,3150,3900,3525,2015-01-01,Aurangabad,750
bitter gourd,2015,February,9,3250,3750,3500,2015-02-01,Aurangabad,500
bitter gourd,2015,March,113,2872,3461,3167,2015-03-01,Aurangabad,589
bitter gourd,2015,April,204,1774,2468,2126,2015-04-01,Aurangabad,694
bitter gourd,2015,May,197,1859,2435,2138,2015-05-01,Aurangabad,576
bitter gourd,2015,June,294,2078,2917,2492,2015-06-01,Aurangabad,839
bitter gourd,2015,July,407,1545,2300,1923,2015-07-01,Aurangabad,755
bitter gourd,2015,August,426,1700,2277,1991,2015-08-01,Aurangabad,577
bitter gourd,2015,September,631,877,1150,1014,2015-09-01,Aurangabad,273
bitter gourd,2015,October,488,1284,1864,1574,2015-10-01,Aurangabad,580
bitter gourd,2015,November,259,1219,1848,1533,2015-11-01,Aurangabad,629
bitter gourd,2015,December,148,2115,2700,2408,2015-12-01,Aurangabad,585
bitter gourd,2016,January,53,2818,3391,3091,2016-01-01,Aurangabad,573
bitter gourd,2016,February,44,2830,3490,3160,2016-02-01,Aurangabad,660
bitter gourd,2016,March,34,3313,4313,3813,2016-03-01,Aurangabad,1000
bitter gourd,2016,April,73,2929,3943,3436,2016-04-01,Aurangabad,1014
bitter gourd,2016,May,529,1983,2613,2298,2016-05-01,Aurangabad,630
bitter gourd,2016,June,969,2042,2913,2477,2016-06-01,Aurangabad,871
bitter gourd,2016,July,438,2808,3554,3181,2016-07-01,Aurangabad,746
bitter gourd,2016,August,712,1233,1963,1628,2016-08-01,Aurangabad,730
bitter gourd,2016,September,714,708,940,824,2016-09-01,Aurangabad,232
bitter gourd,2016,October,561,804,1184,994,2016-10-01,Aurangabad,380
bitter gourd,2016,November,441,1136,1684,1410,2016-11-01,Aurangabad,548
