Commodity,Year,Month,arrivals_in_qtl,min_price,max_price,modal_price,date,district_name,diff_price
carrot,2014,November,382,1717,1900,1958,2014-11-01,Aurangabad,183
carrot,2014,December,1961,1458,1884,1671,2014-12-01,Aurangabad,426
carrot,2015,January,2700,1332,1642,1492,2015-01-01,Aurangabad,310
carrot,2015,February,1239,960,1260,1110,2015-02-01,Aurangabad,300
carrot,2015,March,650,667,867,767,2015-03-01,Aurangabad,200
carrot,2015,April,4,500,900,700,2015-04-01,Aurangabad,400
carrot,2015,May,18,1800,2000,1900,2015-05-01,Aurangabad,200
carrot,2015,June,5,1500,2500,2000,2015-06-01,Aurangabad,1000
carrot,2015,November,462,1475,1938,1706,2015-11-01,Aurangabad,463
carrot,2015,December,4640,881,1133,1004,2015-12-01,Aurangabad,252
carrot,2016,January,4107,578,778,678,2016-01-01,Aurangabad,200
carrot,2016,February,1936,545,723,636,2016-02-01,Aurangabad,178
carrot,2016,March,1475,610,794,702,2016-03-01,Aurangabad,184
carrot,2016,April,952,779,1095,937,2016-04-01,Aurangabad,316
carrot,2016,May,77,1243,1871,1557,2016-05-01,Aurangabad,628
carrot,2016,June,10,1500,2250,1875,2016-06-01,Aurangabad,750
carrot,2016,July,41,1300,2000,1650,2016-07-01,Aurangabad,700
carrot,2016,September,24,1250,2100,1675,2016-09-01,Aurangabad,850
carrot,2016,October,158,956,1433,1194,2016-10-01,Aurangabad,477
carrot,2016,November,1016,974,1295,1134,2016-11-01,Aurangabad,321
