Commodity,Year,Month,arrivals_in_qtl,min_price,max_price,modal_price,date,district_name,diff_price
green-peas,2014,November,189,2900,3600,3250,2014-11-01,Aurangabad,700
green-peas,2014,December,2454,2204,2717,2443,2014-12-01,Aurangabad,513
green-peas,2015,January,2476,2395,2884,2639,2015-01-01,Aurangabad,489
green-peas,2015,February,847,1413,1900,1656,2015-02-01,Aurangabad,487
green-peas,2015,March,310,1500,2083,1792,2015-03-01,Aurangabad,583
green-peas,2016,August,25,7000,10000,8500,2016-08-01,Aurangabad,3000
