Commodity,Year,Month,arrivals_in_qtl,min_price,max_price,modal_price,date,district_name,diff_price
garlic,2014,September,1973,1900,4325,3113,2014-09-01,Aurangabad,2425
garlic,2014,October,1430,1414,4121,2768,2014-10-01,Aurangabad,2707
garlic,2014,November,1505,990,2320,1605,2014-11-01,Aurangabad,1330
garlic,2014,December,498,1575,3125,2350,2014-12-01,Aurangabad,1550
garlic,2015,January,306,2800,3800,3320,2015-01-01,Aurangabad,1000
garlic,2015,February,368,1667,2733,2200,2015-02-01,Aurangabad,1066
garlic,2015,March,823,1413,2675,2044,2015-03-01,Aurangabad,1262
garlic,2015,April,996,1540,3070,2305,2015-04-01,Aurangabad,1530
garlic,2015,May,602,1700,3460,2580,2015-05-01,Aurangabad,1760
garlic,2015,June,1170,2789,5889,4339,2015-06-01,Aurangabad,3100
garlic,2015,July,630,2617,6367,4492,2015-07-01,Aurangabad,3750
garlic,2015,August,640,3729,5943,4850,2015-08-01,Aurangabad,2214
garlic,2015,September,912,2850,6463,4638,2015-09-01,Aurangabad,3613
garlic,2015,October,413,3125,4750,3938,2015-10-01,Aurangabad,1625
garlic,2015,November,287,5414,8929,7171,2015-11-01,Aurangabad,3515
garlic,2015,December,554,5400,9930,7665,2015-12-01,Aurangabad,4530
garlic,2016,January,603,4750,8625,6688,2016-01-01,Aurangabad,3875
garlic,2016,February,1332,3700,7682,5691,2016-02-01,Aurangabad,3982
garlic,2016,March,677,2667,5222,3833,2016-03-01,Aurangabad,2555
garlic,2016,April,884,3144,6722,4961,2016-04-01,Aurangabad,3578
garlic,2016,May,239,3875,9900,6888,2016-05-01,Aurangabad,6025
garlic,2016,June,623,6000,11333,8667,2016-06-01,Aurangabad,5333
garlic,2016,July,377,7250,13563,10406,2016-07-01,Aurangabad,6313
garlic,2016,August,1953,6714,12429,9579,2016-08-01,Aurangabad,5715
garlic,2016,September,918,6125,12500,9313,2016-09-01,Aurangabad,6375
garlic,2016,October,822,6155,11636,8986,2016-10-01,Aurangabad,5481
garlic,2016,November,1877,6056,11778,8917,2016-11-01,Aurangabad,5722
