Commodity,Year,Month,arrivals_in_qtl,min_price,max_price,modal_price,date,district_name,diff_price
shevga,2014,September,72,3267,4067,3667,2014-09-01,Aurangabad,800
shevga,2014,October,33,2938,3738,3338,2014-10-01,Aurangabad,800
shevga,2014,November,35,4313,6250,5281,2014-11-01,Aurangabad,1937
shevga,2014,December,75,3870,4850,4360,2014-12-01,Aurangabad,980
shevga,2015,January,48,3429,5186,4279,2015-01-01,Aurangabad,1757
shevga,2015,February,60,3300,4800,4050,2015-02-01,Aurangabad,1500
shevga,2015,March,459,2447,3571,3062,2015-03-01,Aurangabad,1124
shevga,2015,April,532,1195,1762,1479,2015-04-01,Aurangabad,567
shevga,2015,May,289,1756,2411,2083,2015-05-01,Aurangabad,655
shevga,2015,June,127,4508,5769,5158,2015-06-01,Aurangabad,1261
shevga,2015,July,125,3033,4644,3839,2015-07-01,Aurangabad,1611
shevga,2015,August,751,1483,2022,1752,2015-08-01,Aurangabad,539
shevga,2015,September,166,1738,2438,2081,2015-09-01,Aurangabad,700
shevga,2015,October,137,3081,4150,3606,2015-10-01,Aurangabad,1069
shevga,2015,November,242,3129,5235,4153,2015-11-01,Aurangabad,2106
shevga,2015,December,197,2992,4633,3813,2015-12-01,Aurangabad,1641
shevga,2016,January,288,2659,3909,3284,2016-01-01,Aurangabad,1250
shevga,2016,February,599,1233,1962,1562,2016-02-01,Aurangabad,729
shevga,2016,March,542,620,956,788,2016-03-01,Aurangabad,336
shevga,2016,April,299,656,1080,868,2016-04-01,Aurangabad,424
shevga,2016,May,270,1713,2578,2146,2016-05-01,Aurangabad,865
shevga,2016,June,229,3013,3833,3427,2016-06-01,Aurangabad,820
shevga,2016,July,437,2976,4029,3502,2016-07-01,Aurangabad,1053
shevga,2016,August,329,1480,2190,1835,2016-08-01,Aurangabad,710
shevga,2016,September,95,1731,2415,2073,2016-09-01,Aurangabad,684
shevga,2016,October,56,2417,2950,2683,2016-10-01,Aurangabad,533
shevga,2016,November,20,3250,3925,3588,2016-11-01,Aurangabad,675
