Commodity,Year,Month,arrivals_in_qtl,min_price,max_price,modal_price,date,district_name,diff_price
banana,2014,September,183,364,656,510,2014-09-01,Aurangabad,292
banana,2014,October,34,305,745,525,2014-10-01,Aurangabad,440
banana,2015,July,441,298,525,411,2015-07-01,Aurangabad,227
banana,2015,August,1011,251,478,365,2015-08-01,Aurangabad,227
banana,2015,September,234,300,600,450,2015-09-01,Aurangabad,300
banana,2015,November,25,600,650,625,2015-11-01,Aurangabad,50
banana,2015,December,381,212,386,300,2015-12-01,Aurangabad,174
banana,2016,January,142,160,302,228,2016-01-01,Aurangabad,142
