Commodity,Year,Month,arrivals_in_qtl,min_price,max_price,modal_price,date,district_name,diff_price
maize,2014,September,115,1131,1391,1304,2014-09-01,Latur,260
maize,2014,November,7,1229,1305,1280,2014-11-01,Latur,76
maize,2014,December,144,1074,1158,1111,2014-12-01,Latur,84
maize,2015,January,113,1063,1145,1110,2015-01-01,Latur,82
maize,2015,February,38,1040,1199,1129,2015-02-01,Latur,159
maize,2015,March,30,1169,1274,1206,2015-03-01,Latur,105
maize,2015,April,69,1297,1378,1335,2015-04-01,Latur,81
maize,2015,May,66,1251,1371,1321,2015-05-01,Latur,120
maize,2015,July,5,1207,1231,1217,2015-07-01,Latur,24
maize,2015,August,2,1600,1651,1600,2015-08-01,Latur,51
maize,2015,November,29,1206,1360,1317,2015-11-01,Latur,154
maize,2015,December,236,1187,1432,1358,2015-12-01,Latur,245
maize,2016,January,255,1139,1366,1270,2016-01-01,Latur,227
maize,2016,February,100,1255,1464,1361,2016-02-01,Latur,209
maize,2016,March,107,1369,1450,1409,2016-03-01,Latur,81
maize,2016,April,4,1436,1476,1451,2016-04-01,Latur,40
maize,2016,May,26,1406,1530,1490,2016-05-01,Latur,124
maize,2016,June,22,1525,1791,1671,2016-06-01,Latur,266
maize,2016,July,5,1363,1551,1501,2016-07-01,Latur,188
maize,2016,August,23,1454,1712,1562,2016-08-01,Latur,258
maize,2016,September,18,1551,1793,1701,2016-09-01,Latur,242
maize,2016,November,61,1281,1430,1371,2016-11-01,Latur,149
