Commodity,Year,Month,arrivals_in_qtl,min_price,max_price,modal_price,date,district_name,diff_price
bajri,2014,October,1,1551,1551,1551,2014-10-01,Latur,0
bajri,2014,November,19,1769,1769,1769,2014-11-01,Latur,0
bajri,2015,March,2,1501,1501,1501,2015-03-01,Latur,0
bajri,2015,November,27,1484,1765,1651,2015-11-01,Latur,281
bajri,2015,December,41,1526,1768,1660,2015-12-01,Latur,242
bajri,2016,January,13,1507,1639,1604,2016-01-01,Latur,132
bajri,2016,February,8,1371,1551,1400,2016-02-01,Latur,180
bajri,2016,March,1,1276,1276,1276,2016-03-01,Latur,0
bajri,2016,April,6,1841,1951,1914,2016-04-01,Latur,110
bajri,2016,May,10,1656,1856,1761,2016-05-01,Latur,200
bajri,2016,June,2,1601,1801,1751,2016-06-01,Latur,200
bajri,2016,August,2,1471,1500,1475,2016-08-01,Latur,29
