Commodity,Year,Month,arrivals_in_qtl,min_price,max_price,modal_price,date,district_name,diff_price
green gram,2014,September,1567,5301,6647,6360,2014-09-01,Latur,1346
green gram,2014,October,538,6606,7523,7269,2014-10-01,Latur,917
green gram,2014,November,70,7662,8203,7983,2014-11-01,Latur,541
green gram,2014,December,22,7027,7548,7390,2014-12-01,Latur,521
green gram,2015,January,5,7551,7801,7626,2015-01-01,Latur,250
green gram,2015,May,1,6500,6500,6500,2015-05-01,Latur,0
green gram,2015,June,2,6856,6856,6856,2015-06-01,Latur,0
green gram,2015,July,1,5601,5601,5601,2015-07-01,Latur,0
green gram,2015,August,73,6938,7449,7332,2015-08-01,Latur,511
green gram,2015,September,82,6982,7567,7415,2015-09-01,Latur,585
green gram,2015,October,3,6500,8200,7001,2015-10-01,Latur,1700
green gram,2015,November,4,7950,8050,8050,2015-11-01,Latur,100
green gram,2016,August,761,4150,4587,4498,2016-08-01,Latur,437
green gram,2016,September,2233,4403,5078,4993,2016-09-01,Latur,675
green gram,2016,October,90,4292,4801,4634,2016-10-01,Latur,509
green gram,2016,November,197,4390,4871,4667,2016-11-01,Latur,481
