Commodity,Year,Month,arrivals_in_qtl,min_price,max_price,modal_price,date,district_name,diff_price
wheat(husked),2014,September,505,1442,1789,1498,2014-09-01,Latur,347
wheat(husked),2014,October,160,1439,1786,1505,2014-10-01,Latur,347
wheat(husked),2014,November,197,1462,2275,1563,2014-11-01,Latur,813
wheat(husked),2014,December,144,1455,2012,1590,2014-12-01,Latur,557
wheat(husked),2015,January,173,1488,2235,1642,2015-01-01,Latur,747
wheat(husked),2015,February,149,1519,2107,1732,2015-02-01,Latur,588
wheat(husked),2015,March,853,1834,2805,2389,2015-03-01,Latur,971
wheat(husked),2015,April,581,1888,2993,2581,2015-04-01,Latur,1105
wheat(husked),2015,May,252,1465,2905,2337,2015-05-01,Latur,1440
wheat(husked),2015,June,148,1678,2733,2483,2015-06-01,Latur,1055
wheat(husked),2015,July,73,1689,2874,2465,2015-07-01,Latur,1185
wheat(husked),2015,August,42,1608,2782,2444,2015-08-01,Latur,1174
wheat(husked),2015,September,59,1426,2668,2270,2015-09-01,Latur,1242
wheat(husked),2015,October,12,1375,2951,2651,2015-10-01,Latur,1576
wheat(husked),2015,November,49,1541,3141,2623,2015-11-01,Latur,1600
wheat(husked),2015,December,40,1431,2801,2271,2015-12-01,Latur,1370
wheat(husked),2016,January,54,1591,2801,2501,2016-01-01,Latur,1210
wheat(husked),2016,February,58,2093,2841,2578,2016-02-01,Latur,748
wheat(husked),2016,March,99,2078,3111,2754,2016-03-01,Latur,1033
wheat(husked),2016,April,87,1834,2802,2557,2016-04-01,Latur,968
wheat(husked),2016,May,34,2188,2929,2584,2016-05-01,Latur,741
wheat(husked),2016,June,16,1750,2897,2567,2016-06-01,Latur,1147
wheat(husked),2016,July,1,2200,3000,2500,2016-07-01,Latur,800
wheat(husked),2016,August,54,1833,2511,2276,2016-08-01,Latur,678
wheat(husked),2016,September,16,2026,2726,2451,2016-09-01,Latur,700
wheat(husked),2016,November,9,2326,2867,2776,2016-11-01,Latur,541
