Commodity,Year,Month,arrivals_in_qtl,min_price,max_price,modal_price,date,district_name,diff_price
paddy-unhusked,2014,September,11,851,1106,986,2014-09-01,Latur,255
paddy-unhusked,2014,October,4,1001,1101,1051,2014-10-01,Latur,100
paddy-unhusked,2014,December,7,850,1426,1001,2014-12-01,Latur,576
paddy-unhusked,2015,January,3,888,1000,900,2015-01-01,Latur,112
paddy-unhusked,2015,March,4,650,750,701,2015-03-01,Latur,100
paddy-unhusked,2015,June,8,601,900,851,2015-06-01,Latur,299
paddy-unhusked,2015,July,4,726,826,801,2015-07-01,Latur,100
paddy-unhusked,2015,September,2,851,851,851,2015-09-01,Latur,0
paddy-unhusked,2015,December,2,601,802,701,2015-12-01,Latur,201
paddy-unhusked,2016,March,2,700,1152,1000,2016-03-01,Latur,452
paddy-unhusked,2016,April,1,700,1000,900,2016-04-01,Latur,300
paddy-unhusked,2016,August,1,1101,1200,1151,2016-08-01,Latur,99
