Commodity,Year,Month,arrivals_in_qtl,min_price,max_price,modal_price,date,district_name,diff_price
pigeon pea (tur),2014,September,80,4265,4654,4473,2014-09-01,Latur,389
pigeon pea (tur),2014,October,18,4325,4625,4525,2014-10-01,Latur,300
pigeon pea (tur),2014,November,1,4751,4751,4751,2014-11-01,Latur,0
pigeon pea (tur),2014,December,67,4700,5333,5161,2014-12-01,Latur,633
pigeon pea (tur),2015,January,3251,5042,5571,5461,2015-01-01,Latur,529
pigeon pea (tur),2015,February,4977,5333,5892,5796,2015-02-01,Latur,559
pigeon pea (tur),2015,March,1978,5465,6043,5940,2015-03-01,Latur,578
pigeon pea (tur),2015,April,646,5872,6510,6376,2015-04-01,Latur,638
pigeon pea (tur),2015,May,357,6678,7176,7020,2015-05-01,Latur,498
pigeon pea (tur),2015,June,381,6554,7169,7053,2015-06-01,Latur,615
pigeon pea (tur),2015,July,64,6614,7277,7112,2015-07-01,Latur,663
pigeon pea (tur),2015,August,96,8858,9299,9073,2015-08-01,Latur,441
pigeon pea (tur),2015,September,37,8808,9367,9186,2015-09-01,Latur,559
pigeon pea (tur),2015,October,5,7901,8975,8626,2015-10-01,Latur,1074
pigeon pea (tur),2015,November,14,8900,10290,9760,2015-11-01,Latur,1390
pigeon pea (tur),2015,December,1600,8352,9795,9459,2015-12-01,Latur,1443
pigeon pea (tur),2016,January,1130,8174,9480,9228,2016-01-01,Latur,1306
pigeon pea (tur),2016,February,437,7522,8312,8085,2016-02-01,Latur,790
pigeon pea (tur),2016,March,243,7404,8245,7906,2016-03-01,Latur,841
pigeon pea (tur),2016,April,359,8583,9294,9058,2016-04-01,Latur,711
pigeon pea (tur),2016,May,220,8116,8796,8634,2016-05-01,Latur,680
pigeon pea (tur),2016,June,203,8135,8927,8751,2016-06-01,Latur,792
pigeon pea (tur),2016,July,48,6767,8434,8134,2016-07-01,Latur,1667
pigeon pea (tur),2016,August,67,5735,6317,6010,2016-08-01,Latur,582
pigeon pea (tur),2016,September,41,6371,6700,6550,2016-09-01,Latur,329
pigeon pea (tur),2016,October,4,5801,6667,6167,2016-10-01,Latur,866
pigeon pea (tur),2016,November,3,4500,5001,4900,2016-11-01,Latur,501
