Commodity,Year,Month,arrivals_in_qtl,min_price,max_price,modal_price,date,district_name,diff_price
jaggery,2014,September,6,2201,2601,2401,2014-09-01,Latur,400
jaggery,2015,February,174,1967,2176,2064,2015-02-01,Latur,209
jaggery,2015,March,89,1851,2078,1934,2015-03-01,Latur,227
jaggery,2015,June,3,1951,1951,1951,2015-06-01,Latur,0
jaggery,2015,October,10,1801,1801,1801,2015-10-01,Latur,0
jaggery,2016,February,3,2500,2601,2550,2016-02-01,Latur,101
jaggery,2016,March,2,2471,2471,2471,2016-03-01,Latur,0
