Commodity,Year,Month,arrivals_in_qtl,min_price,max_price,modal_price,date,district_name,diff_price
soybean,2014,September,230,3167,3342,3299,2014-09-01,Latur,175
soybean,2014,October,13660,2899,3187,3130,2014-10-01,Latur,288
soybean,2014,November,31143,3116,3407,3362,2014-11-01,Latur,291
soybean,2014,December,19309,3070,3332,3303,2014-12-01,Latur,262
soybean,2015,January,8731,3174,3329,3302,2015-01-01,Latur,155
soybean,2015,February,5179,3232,3309,3290,2015-02-01,Latur,77
soybean,2015,March,6848,3176,3266,3246,2015-03-01,Latur,90
soybean,2015,April,6772,3455,3630,3602,2015-04-01,Latur,175
soybean,2015,May,3090,3760,3917,3880,2015-05-01,Latur,157
soybean,2015,June,2948,3470,3608,3574,2015-06-01,Latur,138
soybean,2015,July,721,3432,3507,3493,2015-07-01,Latur,75
soybean,2015,August,869,3191,3326,3104,2015-08-01,Latur,135
soybean,2015,September,1029,3292,3358,3344,2015-09-01,Latur,66
soybean,2015,October,1932,3368,3739,3708,2015-10-01,Latur,371
soybean,2015,November,9941,3392,3804,3764,2015-11-01,Latur,412
soybean,2015,December,5363,3301,3714,3670,2015-12-01,Latur,413
soybean,2016,January,1864,3402,3748,3689,2016-01-01,Latur,346
soybean,2016,February,1130,3429,3749,3713,2016-02-01,Latur,320
soybean,2016,March,897,3451,3795,3748,2016-03-01,Latur,344
soybean,2016,April,1802,3803,4060,4016,2016-04-01,Latur,257
soybean,2016,May,977,3749,3984,3919,2016-05-01,Latur,235
soybean,2016,June,1236,3608,3868,3797,2016-06-01,Latur,260
soybean,2016,July,401,3419,3701,3658,2016-07-01,Latur,282
soybean,2016,August,717,3164,3488,3433,2016-08-01,Latur,324
soybean,2016,September,466,2903,3304,3187,2016-09-01,Latur,401
soybean,2016,October,12280,1670,2900,2644,2016-10-01,Latur,1230
soybean,2016,November,19597,1962,2789,2677,2016-11-01,Latur,827
