Commodity,Year,Month,arrivals_in_qtl,min_price,max_price,modal_price,date,district_name,diff_price
soybean,2014,October,6117,2686,3205,2956,2014-10-01,Yewatmal,519
soybean,2014,November,20750,2857,3360,3117,2014-11-01,Yewatmal,503
soybean,2014,December,8110,2779,3266,3041,2014-12-01,Yewatmal,487
soybean,2015,January,2070,2925,3315,3117,2015-01-01,Yewatmal,390
soybean,2015,February,2840,2948,3340,3152,2015-02-01,Yewatmal,392
soybean,2015,March,1400,2863,3305,3080,2015-03-01,Yewatmal,442
soybean,2015,April,1870,3279,3811,3558,2015-04-01,Yewatmal,532
soybean,2015,May,440,3475,3795,3645,2015-05-01,Yewatmal,320
soybean,2015,June,1720,2992,3571,3299,2015-06-01,Yewatmal,579
soybean,2015,July,845,2981,3451,3233,2015-07-01,Yewatmal,470
soybean,2015,August,3685,2929,3337,3163,2015-08-01,Yewatmal,408
soybean,2015,September,1740,2953,3392,3226,2015-09-01,Yewatmal,439
soybean,2015,October,16230,2979,3803,3448,2015-10-01,Yewatmal,824
soybean,2015,November,14310,3183,3780,3540,2015-11-01,Yewatmal,597
soybean,2015,December,10150,3114,3746,3473,2015-12-01,Yewatmal,632
soybean,2016,January,9225,3239,3734,3509,2016-01-01,Yewatmal,495
soybean,2016,February,13970,3242,3724,3501,2016-02-01,Yewatmal,482
soybean,2016,March,6605,3248,3692,3476,2016-03-01,Yewatmal,444
soybean,2016,April,6000,3534,3979,3729,2016-04-01,Yewatmal,445
soybean,2016,May,8280,3486,3858,3670,2016-05-01,Yewatmal,372
soybean,2016,June,4513,3406,3780,3594,2016-06-01,Yewatmal,374
soybean,2016,July,1100,3376,3708,3564,2016-07-01,Yewatmal,332
soybean,2016,August,2140,3079,3427,3280,2016-08-01,Yewatmal,348
soybean,2016,September,1480,3012,3311,3178,2016-09-01,Yewatmal,299
soybean,2016,October,6445,2141,2976,2608,2016-10-01,Yewatmal,835
soybean,2016,November,9216,2175,2856,2581,2016-11-01,Yewatmal,681
