Commodity,Year,Month,arrivals_in_qtl,min_price,max_price,modal_price,date,district_name,diff_price
gram,2014,October,115,2025,2375,2200,2014-10-01,Yewatmal,350
gram,2014,November,45,1900,2530,2300,2014-11-01,Yewatmal,630
gram,2014,December,18,2050,2351,2200,2014-12-01,Yewatmal,301
gram,2015,March,600,2925,3279,3102,2015-03-01,Yewatmal,354
gram,2015,April,995,3046,3765,3414,2015-04-01,Yewatmal,719
gram,2015,May,50,3500,4325,3912,2015-05-01,Yewatmal,825
gram,2015,June,115,3633,4160,3868,2015-06-01,Yewatmal,527
gram,2015,August,55,3200,4350,3900,2015-08-01,Yewatmal,1150
gram,2016,February,935,3777,4272,4024,2016-02-01,Yewatmal,495
gram,2016,March,3855,3711,4231,3955,2016-03-01,Yewatmal,520
gram,2016,April,1700,4641,5203,4951,2016-04-01,Yewatmal,562
gram,2016,May,327,5003,5612,5391,2016-05-01,Yewatmal,609
gram,2016,June,142,5673,6242,5967,2016-06-01,Yewatmal,569
gram,2016,July,50,5100,7300,6301,2016-07-01,Yewatmal,2200
