Commodity,Year,Month,arrivals_in_qtl,min_price,max_price,modal_price,date,district_name,diff_price
pigeon pea (tur),2014,October,510,4676,4992,4824,2014-10-01,Yewatmal,316
pigeon pea (tur),2015,February,1995,4972,5614,5317,2015-02-01,Yewatmal,642
pigeon pea (tur),2015,March,1200,5050,6087,5568,2015-03-01,Yewatmal,1037
pigeon pea (tur),2015,April,2355,5181,6767,6207,2015-04-01,Yewatmal,1586
pigeon pea (tur),2015,May,410,6026,7188,6694,2015-05-01,Yewatmal,1162
pigeon pea (tur),2015,June,1137,6320,7304,6829,2015-06-01,Yewatmal,984
pigeon pea (tur),2015,July,318,6663,7537,7250,2015-07-01,Yewatmal,874
pigeon pea (tur),2015,August,1000,7115,9201,8450,2015-08-01,Yewatmal,2086
pigeon pea (tur),2015,October,34,9151,9951,9551,2015-10-01,Yewatmal,800
pigeon pea (tur),2015,December,290,4151,8700,5376,2015-12-01,Yewatmal,4549
pigeon pea (tur),2016,January,6850,7539,9132,8336,2016-01-01,Yewatmal,1593
pigeon pea (tur),2016,February,3920,7280,8237,7768,2016-02-01,Yewatmal,957
pigeon pea (tur),2016,March,4265,7557,8190,7872,2016-03-01,Yewatmal,633
pigeon pea (tur),2016,April,1900,8061,8996,8581,2016-04-01,Yewatmal,935
pigeon pea (tur),2016,May,3110,8238,8809,8546,2016-05-01,Yewatmal,571
pigeon pea (tur),2016,June,4621,8087,8846,8510,2016-06-01,Yewatmal,759
pigeon pea (tur),2016,July,1122,7990,8816,8471,2016-07-01,Yewatmal,826
pigeon pea (tur),2016,August,1780,5657,6087,5881,2016-08-01,Yewatmal,430
pigeon pea (tur),2016,September,2520,5758,6876,6396,2016-09-01,Yewatmal,1118
pigeon pea (tur),2016,October,2467,5919,6508,6270,2016-10-01,Yewatmal,589
pigeon pea (tur),2016,November,1050,5300,5838,5631,2016-11-01,Yewatmal,538
