Commodity,Year,Month,arrivals_in_qtl,min_price,max_price,modal_price,date,district_name,diff_price
wheat(husked),2015,January,296,1400,1775,1488,2015-01-01,Akola,375
wheat(husked),2015,February,332,1413,1825,1600,2015-02-01,Akola,412
wheat(husked),2015,March,1204,1400,1800,1488,2015-03-01,Akola,400
wheat(husked),2015,April,2313,1400,1800,1538,2015-04-01,Akola,400
wheat(husked),2015,May,1547,1310,1720,1490,2015-05-01,Akola,410
wheat(husked),2015,June,680,1375,1688,1725,2015-06-01,Akola,313
wheat(husked),2015,July,368,1300,1725,1640,2015-07-01,Akola,425
wheat(husked),2015,August,520,1340,1780,1445,2015-08-01,Akola,440
wheat(husked),2015,September,384,1300,1667,1433,2015-09-01,Akola,367
wheat(husked),2015,October,405,1375,1775,1463,2015-10-01,Akola,400
wheat(husked),2015,November,298,1330,1810,1560,2015-11-01,Akola,480
wheat(husked),2015,December,108,1400,1850,1538,2015-12-01,Akola,450
wheat(husked),2016,January,89,1380,1800,1600,2016-01-01,Akola,420
wheat(husked),2016,February,121,1338,1800,1600,2016-02-01,Akola,462
wheat(husked),2016,March,759,1375,1800,1625,2016-03-01,Akola,425
wheat(husked),2016,April,1192,1350,1850,1725,2016-04-01,Akola,500
wheat(husked),2016,May,749,1420,1940,1800,2016-05-01,Akola,520
wheat(husked),2016,June,343,1588,1950,1825,2016-06-01,Akola,362
wheat(husked),2016,July,98,1425,1950,1813,2016-07-01,Akola,525
wheat(husked),2016,August,50,1475,1750,1625,2016-08-01,Akola,275
wheat(husked),2016,September,71,1550,1825,1675,2016-09-01,Akola,275
wheat(husked),2016,October,41,1540,1720,1640,2016-10-01,Akola,180
wheat(husked),2016,November,20,1733,1800,1800,2016-11-01,Akola,67
