Commodity,Year,Month,arrivals_in_qtl,min_price,max_price,modal_price,date,district_name,diff_price
green gram,2015,January,90,5800,7350,6700,2015-01-01,Akola,1550
green gram,2015,February,11,6533,7017,6933,2015-02-01,Akola,484
green gram,2015,March,1,7500,7500,7500,2015-03-01,Akola,0
green gram,2015,April,3,5700,6833,6100,2015-04-01,Akola,1133
green gram,2015,May,10,6000,7000,6667,2015-05-01,Akola,1000
green gram,2015,June,8,6500,6760,6760,2015-06-01,Akola,260
green gram,2015,July,2,5000,5000,5000,2015-07-01,Akola,0
green gram,2015,August,82,5075,6338,5525,2015-08-01,Akola,1263
green gram,2015,September,334,7000,8067,7767,2015-09-01,Akola,1067
green gram,2015,October,321,7769,9275,8700,2015-10-01,Akola,1506
green gram,2015,November,351,6140,8568,7700,2015-11-01,Akola,2428
green gram,2015,December,119,6825,7525,7125,2015-12-01,Akola,700
green gram,2016,January,15,5875,6775,6775,2016-01-01,Akola,900
green gram,2016,February,72,6038,7250,7250,2016-02-01,Akola,1212
green gram,2016,March,6,5750,5750,5750,2016-03-01,Akola,0
green gram,2016,April,1,7000,7000,7000,2016-04-01,Akola,0
green gram,2016,May,4,4250,4250,4250,2016-05-01,Akola,0
green gram,2016,June,10,5133,5467,5233,2016-06-01,Akola,334
green gram,2016,July,14,3833,4000,3933,2016-07-01,Akola,167
green gram,2016,August,89,3700,3775,3750,2016-08-01,Akola,75
green gram,2016,September,1072,4025,5300,5225,2016-09-01,Akola,1275
green gram,2016,October,431,4320,4780,4580,2016-10-01,Akola,460
green gram,2016,November,167,4400,4667,4600,2016-11-01,Akola,267
