Commodity,Year,Month,arrivals_in_qtl,min_price,max_price,modal_price,date,district_name,diff_price
sorgum(jawar),2015,January,547,1448,1675,1500,2015-01-01,Akola,227
sorgum(jawar),2015,February,370,1320,1650,1406,2015-02-01,Akola,330
sorgum(jawar),2015,March,245,1315,1675,1450,2015-03-01,Akola,360
sorgum(jawar),2015,April,151,1320,1625,1500,2015-04-01,Akola,305
sorgum(jawar),2015,May,128,1100,1420,1270,2015-05-01,Akola,320
sorgum(jawar),2015,June,87,1138,1425,1475,2015-06-01,Akola,287
sorgum(jawar),2015,July,46,1200,1525,1450,2015-07-01,Akola,325
sorgum(jawar),2015,August,188,1190,1440,1315,2015-08-01,Akola,250
sorgum(jawar),2015,September,133,1117,1300,1183,2015-09-01,Akola,183
sorgum(jawar),2015,October,243,1113,1275,1188,2015-10-01,Akola,162
sorgum(jawar),2015,November,797,1160,1500,1410,2015-11-01,Akola,340
sorgum(jawar),2015,December,701,1175,1550,1463,2015-12-01,Akola,375
sorgum(jawar),2016,January,297,1160,1620,1620,2016-01-01,Akola,460
sorgum(jawar),2016,February,132,1150,1550,1538,2016-02-01,Akola,400
sorgum(jawar),2016,March,135,1188,1600,1550,2016-03-01,Akola,412
sorgum(jawar),2016,April,151,1250,1650,1625,2016-04-01,Akola,400
sorgum(jawar),2016,May,117,1240,1600,1560,2016-05-01,Akola,360
sorgum(jawar),2016,June,124,1350,1800,1750,2016-06-01,Akola,450
sorgum(jawar),2016,July,68,1420,1810,1800,2016-07-01,Akola,390
sorgum(jawar),2016,August,107,1365,1750,1750,2016-08-01,Akola,385
sorgum(jawar),2016,September,86,1300,1650,1500,2016-09-01,Akola,350
sorgum(jawar),2016,October,110,1260,1520,1340,2016-10-01,Akola,260
sorgum(jawar),2016,November,361,1275,1575,1525,2016-11-01,Akola,300
