Commodity,Year,Month,arrivals_in_qtl,min_price,max_price,modal_price,date,district_name,diff_price
black gram,2015,January,79,4688,5650,5100,2015-01-01,Akola,962
black gram,2015,February,19,4567,5333,4833,2015-02-01,Akola,766
black gram,2015,March,5,4350,5500,4467,2015-03-01,Akola,1150
black gram,2015,April,7,5183,5567,5400,2015-04-01,Akola,384
black gram,2015,May,16,5550,5800,5625,2015-05-01,Akola,250
black gram,2015,June,11,5000,6333,6333,2015-06-01,Akola,1333
black gram,2015,August,11,6500,6500,6500,2015-08-01,Akola,0
black gram,2015,September,169,7333,8567,7983,2015-09-01,Akola,1234
black gram,2015,October,305,7125,8425,10750,2015-10-01,Akola,1300
black gram,2015,November,322,8020,10800,9740,2015-11-01,Akola,2780
black gram,2015,December,112,9465,9525,9500,2015-12-01,Akola,60
black gram,2016,January,30,9000,9000,9000,2016-01-01,Akola,0
black gram,2016,February,50,8733,8733,8733,2016-02-01,Akola,0
black gram,2016,March,2,7550,7550,7550,2016-03-01,Akola,0
black gram,2016,April,1,11000,11000,11000,2016-04-01,Akola,0
black gram,2016,May,2,11500,11500,11500,2016-05-01,Akola,0
black gram,2016,June,5,9567,9567,9567,2016-06-01,Akola,0
black gram,2016,July,1,9000,9000,9000,2016-07-01,Akola,0
black gram,2016,September,895,5800,6800,6533,2016-09-01,Akola,1000
black gram,2016,October,1575,3920,6990,6380,2016-10-01,Akola,3070
black gram,2016,November,364,3575,6825,6200,2016-11-01,Akola,3250
