Commodity,Year,Month,arrivals_in_qtl,min_price,max_price,modal_price,date,district_name,diff_price
pigeon pea (tur),2015,January,1274,4413,5025,4580,2015-01-01,Akola,612
pigeon pea (tur),2015,February,4110,4388,5600,4613,2015-02-01,Akola,1212
pigeon pea (tur),2015,March,2731,4300,5788,4813,2015-03-01,Akola,1488
pigeon pea (tur),2015,April,1499,4350,6188,5588,2015-04-01,Akola,1838
pigeon pea (tur),2015,May,1173,4690,6820,5540,2015-05-01,Akola,2130
pigeon pea (tur),2015,June,479,5075,7000,7000,2015-06-01,Akola,1925
pigeon pea (tur),2015,July,223,5700,7400,7125,2015-07-01,Akola,1700
pigeon pea (tur),2015,August,309,5375,8780,8360,2015-08-01,Akola,3405
pigeon pea (tur),2015,September,52,5633,7750,7400,2015-09-01,Akola,2117
pigeon pea (tur),2015,October,26,8117,10333,8283,2015-10-01,Akola,2216
pigeon pea (tur),2015,November,111,9100,10100,10000,2015-11-01,Akola,1000
pigeon pea (tur),2015,December,1308,6150,9150,8363,2015-12-01,Akola,3000
pigeon pea (tur),2016,January,5207,7317,8760,8480,2016-01-01,Akola,1443
pigeon pea (tur),2016,February,1866,6050,7975,7700,2016-02-01,Akola,1925
pigeon pea (tur),2016,March,1626,6650,8175,8025,2016-03-01,Akola,1525
pigeon pea (tur),2016,April,1609,7975,9113,8863,2016-04-01,Akola,1138
pigeon pea (tur),2016,May,1892,8270,8750,8650,2016-05-01,Akola,480
pigeon pea (tur),2016,June,1218,8150,8675,8550,2016-06-01,Akola,525
pigeon pea (tur),2016,July,750,7100,8300,8190,2016-07-01,Akola,1200
pigeon pea (tur),2016,August,319,5525,6100,5850,2016-08-01,Akola,575
pigeon pea (tur),2016,September,331,5500,6638,6488,2016-09-01,Akola,1138
pigeon pea (tur),2016,October,542,6130,6520,6380,2016-10-01,Akola,390
pigeon pea (tur),2016,November,66,5900,6000,6000,2016-11-01,Akola,100
