Commodity,Year,Month,arrivals_in_qtl,min_price,max_price,modal_price,date,district_name,diff_price
soybean,2015,January,977,2915,3225,3113,2015-01-01,Akola,310
soybean,2015,February,365,3067,3217,3142,2015-02-01,Akola,150
soybean,2015,March,416,3088,3200,3138,2015-03-01,Akola,112
soybean,2015,April,522,3200,3413,3288,2015-04-01,Akola,213
soybean,2015,May,838,3560,3700,3610,2015-05-01,Akola,140
soybean,2015,June,690,3088,3488,3488,2015-06-01,Akola,400
soybean,2015,July,379,3150,3344,3315,2015-07-01,Akola,194
soybean,2015,August,422,2800,3135,3055,2015-08-01,Akola,335
soybean,2015,September,177,2967,3033,3033,2015-09-01,Akola,66
soybean,2015,October,2565,3250,3781,3413,2015-10-01,Akola,531
soybean,2015,November,5398,3282,3590,3510,2015-11-01,Akola,308
soybean,2015,December,2906,3046,3563,3506,2015-12-01,Akola,517
soybean,2016,January,2487,3395,3590,3540,2016-01-01,Akola,195
soybean,2016,February,1449,3456,3575,3513,2016-02-01,Akola,119
soybean,2016,March,1162,3363,3763,3550,2016-03-01,Akola,400
soybean,2016,April,1712,3788,3950,3875,2016-04-01,Akola,162
soybean,2016,May,1384,3570,3740,3670,2016-05-01,Akola,170
soybean,2016,June,1132,3400,3675,3600,2016-06-01,Akola,275
soybean,2016,July,899,3440,3550,3500,2016-07-01,Akola,110
soybean,2016,August,602,3300,3488,3413,2016-08-01,Akola,188
soybean,2016,September,187,2800,3288,3138,2016-09-01,Akola,488
soybean,2016,October,4342,2415,2760,2610,2016-10-01,Akola,345
soybean,2016,November,5066,2613,2738,2700,2016-11-01,Akola,125
