Commodity,Year,Month,arrivals_in_qtl,min_price,max_price,modal_price,date,district_name,diff_price
pigeon pea (tur),2015,January,43,4100,4575,4300,2015-01-01,Pune,475
pigeon pea (tur),2015,November,7,7500,7550,7500,2015-11-01,Pune,50
pigeon pea (tur),2015,December,514,6300,7860,7500,2015-12-01,Pune,1560
pigeon pea (tur),2016,January,159,7250,8250,7450,2016-01-01,Pune,1000
pigeon pea (tur),2016,February,470,5514,7220,6964,2016-02-01,Pune,1706
pigeon pea (tur),2016,March,49,5950,6500,6400,2016-03-01,Pune,550
pigeon pea (tur),2016,May,16,6375,6548,6456,2016-05-01,Pune,173
pigeon pea (tur),2016,June,24,6430,7340,6842,2016-06-01,Pune,910
pigeon pea (tur),2016,July,7,6611,7552,7100,2016-07-01,Pune,941
