Commodity,Year,Month,arrivals_in_qtl,min_price,max_price,modal_price,date,district_name,diff_price
sunflower,2014,September,19,3201,3486,3382,2014-09-01,Pune,285
sunflower,2014,November,261,2875,3249,3115,2014-11-01,Pune,374
sunflower,2014,December,64,2921,3200,3131,2014-12-01,Pune,279
sunflower,2015,January,105,3066,3396,3351,2015-01-01,Pune,330
sunflower,2015,April,163,2700,3213,3150,2015-04-01,Pune,513
sunflower,2015,May,612,2900,3282,3188,2015-05-01,Pune,382
sunflower,2015,June,147,3088,3422,3263,2015-06-01,Pune,334
sunflower,2015,August,57,3044,3226,3151,2015-08-01,Pune,182
sunflower,2015,September,109,3132,3327,3251,2015-09-01,Pune,195
sunflower,2015,October,238,3201,3701,3582,2015-10-01,Pune,500
sunflower,2015,November,117,3075,3598,3498,2015-11-01,Pune,523
sunflower,2015,December,173,3113,3459,3349,2015-12-01,Pune,346
sunflower,2016,January,76,2963,3439,3263,2016-01-01,Pune,476
sunflower,2016,February,115,3004,3412,3324,2016-02-01,Pune,408
sunflower,2016,March,63,3220,3487,3379,2016-03-01,Pune,267
sunflower,2016,April,298,3185,3570,3463,2016-04-01,Pune,385
sunflower,2016,May,336,3056,3541,3449,2016-05-01,Pune,485
sunflower,2016,November,100,2600,3300,3125,2016-11-01,Pune,700
