Commodity,Year,Month,arrivals_in_qtl,min_price,max_price,modal_price,date,district_name,diff_price
wheat(husked),2014,September,1213,1626,2006,1775,2014-09-01,Pune,380
wheat(husked),2014,October,710,1601,1936,1726,2014-10-01,Pune,335
wheat(husked),2014,November,3051,1596,1916,1729,2014-11-01,Pune,320
wheat(husked),2014,December,2808,1626,2000,1774,2014-12-01,Pune,374
wheat(husked),2015,January,1523,1688,1983,1790,2015-01-01,Pune,295
wheat(husked),2015,February,532,1526,2038,1676,2015-02-01,Pune,512
wheat(husked),2015,April,870,1700,2375,1850,2015-04-01,Pune,675
wheat(husked),2015,June,4964,1566,1927,1686,2015-06-01,Pune,361
wheat(husked),2015,July,2002,1574,1876,1681,2015-07-01,Pune,302
wheat(husked),2015,August,950,1600,1983,1690,2015-08-01,Pune,383
wheat(husked),2015,October,1562,1610,1963,1740,2015-10-01,Pune,353
wheat(husked),2015,November,1087,1650,2063,1800,2015-11-01,Pune,413
wheat(husked),2015,December,2431,1632,2159,1786,2015-12-01,Pune,527
wheat(husked),2016,January,706,1588,2025,1736,2016-01-01,Pune,437
wheat(husked),2016,February,1865,1623,2133,1757,2016-02-01,Pune,510
wheat(husked),2016,March,5488,1680,2118,1789,2016-03-01,Pune,438
wheat(husked),2016,April,4195,1644,2100,1791,2016-04-01,Pune,456
wheat(husked),2016,May,2277,1665,2009,1788,2016-05-01,Pune,344
wheat(husked),2016,June,2740,1693,2026,1799,2016-06-01,Pune,333
wheat(husked),2016,July,1118,1633,2203,1807,2016-07-01,Pune,570
wheat(husked),2016,August,3558,1717,2015,1810,2016-08-01,Pune,298
wheat(husked),2016,September,2659,1738,2031,1819,2016-09-01,Pune,293
wheat(husked),2016,October,2011,1645,1992,1782,2016-10-01,Pune,347
wheat(husked),2016,November,3258,1827,2221,1931,2016-11-01,Pune,394
