Commodity,Year,Month,arrivals_in_qtl,min_price,max_price,modal_price,date,district_name,diff_price
sorgum(jawar),2014,September,1146,1800,2390,2088,2014-09-01,Pune,590
sorgum(jawar),2014,October,454,2150,2950,2400,2014-10-01,Pune,800
sorgum(jawar),2014,November,3020,1755,2392,2025,2014-11-01,Pune,637
sorgum(jawar),2014,December,2071,1677,2170,1906,2014-12-01,Pune,493
sorgum(jawar),2015,January,2035,1784,2290,2029,2015-01-01,Pune,506
sorgum(jawar),2015,February,1595,1675,2251,1963,2015-02-01,Pune,576
sorgum(jawar),2015,April,757,1501,2150,1760,2015-04-01,Pune,649
sorgum(jawar),2015,June,2911,1546,2084,1776,2015-06-01,Pune,538
sorgum(jawar),2015,July,1825,1475,2092,1785,2015-07-01,Pune,617
sorgum(jawar),2015,August,197,1500,2300,1900,2015-08-01,Pune,800
sorgum(jawar),2015,October,1291,1558,2225,1825,2015-10-01,Pune,667
sorgum(jawar),2015,November,926,1667,2607,2133,2015-11-01,Pune,940
sorgum(jawar),2015,December,2066,1613,2532,1929,2015-12-01,Pune,919
sorgum(jawar),2016,January,461,1580,2413,1875,2016-01-01,Pune,833
sorgum(jawar),2016,February,5722,1562,2190,1835,2016-02-01,Pune,628
sorgum(jawar),2016,March,4273,1638,2587,1888,2016-03-01,Pune,949
sorgum(jawar),2016,April,4387,1600,2535,1856,2016-04-01,Pune,935
sorgum(jawar),2016,May,2796,1602,2324,1886,2016-05-01,Pune,722
sorgum(jawar),2016,June,2577,1640,2309,1861,2016-06-01,Pune,669
sorgum(jawar),2016,July,663,1583,2400,1920,2016-07-01,Pune,817
sorgum(jawar),2016,August,2208,1695,2136,1862,2016-08-01,Pune,441
sorgum(jawar),2016,September,2511,1722,2210,1871,2016-09-01,Pune,488
sorgum(jawar),2016,October,1625,1634,2176,1828,2016-10-01,Pune,542
sorgum(jawar),2016,November,1302,1675,2605,1959,2016-11-01,Pune,930
