Commodity,Year,Month,arrivals_in_qtl,min_price,max_price,modal_price,date,district_name,diff_price
onion,2014,September,452,850,2100,1750,2014-09-01,Pune,1250
onion,2014,October,320,400,2002,1500,2014-10-01,Pune,1602
onion,2014,November,4450,363,1732,1188,2014-11-01,Pune,1369
onion,2014,December,2209,350,1919,1100,2014-12-01,Pune,1569
onion,2015,January,860,333,1767,1083,2015-01-01,Pune,1434
onion,2015,February,1540,500,1738,1275,2015-02-01,Pune,1238
onion,2015,April,350,400,1400,1150,2015-04-01,Pune,1000
onion,2015,May,1872,417,1559,1208,2015-05-01,Pune,1142
onion,2015,June,1712,633,2264,1833,2015-06-01,Pune,1631
onion,2015,July,1616,717,2331,1950,2015-07-01,Pune,1614
onion,2015,August,1734,1868,5083,4600,2015-08-01,Pune,3215
onion,2015,September,5080,1508,5305,3415,2015-09-01,Pune,3797
onion,2015,October,5783,700,2921,2029,2015-10-01,Pune,2221
onion,2015,November,4780,533,3184,2047,2015-11-01,Pune,2651
onion,2015,December,4341,445,1798,1418,2015-12-01,Pune,1353
onion,2016,January,1160,325,2114,1413,2016-01-01,Pune,1789
onion,2016,February,2469,193,1119,807,2016-02-01,Pune,926
onion,2016,March,2951,175,818,625,2016-03-01,Pune,643
onion,2016,April,2462,163,661,463,2016-04-01,Pune,498
onion,2016,May,2651,179,678,486,2016-05-01,Pune,499
onion,2016,June,2864,200,885,626,2016-06-01,Pune,685
onion,2016,August,1994,200,794,513,2016-08-01,Pune,594
onion,2016,September,1994,217,770,529,2016-09-01,Pune,553
onion,2016,October,1686,200,798,430,2016-10-01,Pune,598
onion,2016,November,4032,200,1119,680,2016-11-01,Pune,919
