Commodity,Year,Month,arrivals_in_qtl,min_price,max_price,modal_price,date,district_name,diff_price
wheat(unhusked),2016,May,122,3523,3573,3552,2016-05-01,Pune,50
wheat(unhusked),2016,June,59,3200,3554,3504,2016-06-01,Pune,354
wheat(unhusked),2016,July,6,3351,3421,3351,2016-07-01,Pune,70
wheat(unhusked),2016,August,51,3344,3816,3732,2016-08-01,Pune,472
wheat(unhusked),2016,September,168,2283,3207,2742,2016-09-01,Pune,924
wheat(unhusked),2016,October,2426,2274,3128,2717,2016-10-01,Pune,854
