Commodity,Year,Month,arrivals_in_qtl,min_price,max_price,modal_price,date,district_name,diff_price
jaggery,2014,September,2399,2860,3335,3225,2014-09-01,Pune,475
jaggery,2014,November,1328,2437,2791,2605,2014-11-01,Pune,354
jaggery,2014,December,396,2200,3051,2400,2014-12-01,Pune,851
jaggery,2015,January,558,2178,2529,2381,2015-01-01,Pune,351
jaggery,2015,February,58,1800,2275,2100,2015-02-01,Pune,475
jaggery,2015,April,666,1994,2528,2213,2015-04-01,Pune,534
jaggery,2015,May,4298,2251,2674,2402,2015-05-01,Pune,423
jaggery,2015,June,3819,2280,2655,2432,2015-06-01,Pune,375
jaggery,2015,July,175,2426,2625,2553,2015-07-01,Pune,199
jaggery,2015,August,587,2068,2468,2367,2015-08-01,Pune,400
jaggery,2015,September,212,2238,2528,2491,2015-09-01,Pune,290
jaggery,2015,October,985,2342,2754,2646,2015-10-01,Pune,412
jaggery,2015,November,558,2401,2720,2575,2015-11-01,Pune,319
jaggery,2015,December,1545,2300,2601,2483,2015-12-01,Pune,301
jaggery,2016,January,3284,2453,2651,2574,2016-01-01,Pune,198
jaggery,2016,February,4306,2451,2664,2581,2016-02-01,Pune,213
jaggery,2016,March,4006,2643,2975,2888,2016-03-01,Pune,332
jaggery,2016,April,2623,2912,3469,3306,2016-04-01,Pune,557
jaggery,2016,May,4375,2923,3443,3166,2016-05-01,Pune,520
jaggery,2016,June,4365,3403,3815,3715,2016-06-01,Pune,412
jaggery,2016,July,1234,3640,3932,3844,2016-07-01,Pune,292
jaggery,2016,August,3009,3792,4181,4014,2016-08-01,Pune,389
jaggery,2016,September,2985,3510,3945,3795,2016-09-01,Pune,435
jaggery,2016,October,3069,3432,3868,3705,2016-10-01,Pune,436
jaggery,2016,November,1460,2970,3200,3109,2016-11-01,Pune,230
