Commodity,Year,Month,arrivals_in_qtl,min_price,max_price,modal_price,date,district_name,diff_price
ground nut pods (dry),2014,September,96,3015,3730,3395,2014-09-01,Pune,715
ground nut pods (dry),2014,November,39,2800,3340,3292,2014-11-01,Pune,540
ground nut pods (dry),2014,December,12,2300,3560,3351,2014-12-01,Pune,1260
ground nut pods (dry),2015,January,3,3351,3351,3351,2015-01-01,Pune,0
ground nut pods (dry),2015,April,5,2300,2300,2300,2015-04-01,Pune,0
ground nut pods (dry),2015,May,115,3780,4584,4168,2015-05-01,Pune,804
ground nut pods (dry),2015,June,386,3613,5144,5028,2015-06-01,Pune,1531
ground nut pods (dry),2015,August,219,4460,6043,5780,2015-08-01,Pune,1583
ground nut pods (dry),2015,September,104,3900,5714,5166,2015-09-01,Pune,1814
ground nut pods (dry),2015,October,19,2500,5400,5400,2015-10-01,Pune,2900
ground nut pods (dry),2015,November,18,2750,3700,3256,2015-11-01,Pune,950
ground nut pods (dry),2015,December,24,2600,3167,2800,2015-12-01,Pune,567
ground nut pods (dry),2016,January,12,3251,3276,3251,2016-01-01,Pune,25
ground nut pods (dry),2016,February,15,2900,3617,3617,2016-02-01,Pune,717
ground nut pods (dry),2016,March,3,3700,3700,3700,2016-03-01,Pune,0
ground nut pods (dry),2016,April,17,3538,3900,3825,2016-04-01,Pune,362
ground nut pods (dry),2016,May,106,4080,5087,4775,2016-05-01,Pune,1007
ground nut pods (dry),2016,June,222,4707,5734,5588,2016-06-01,Pune,1027
ground nut pods (dry),2016,July,65,4625,5501,5426,2016-07-01,Pune,876
ground nut pods (dry),2016,August,205,4422,5301,5097,2016-08-01,Pune,879
ground nut pods (dry),2016,September,14,3217,4050,3684,2016-09-01,Pune,833
