Commodity,Year,Month,arrivals_in_qtl,min_price,max_price,modal_price,date,district_name,diff_price
soybean,2014,September,10,2000,3150,3150,2014-09-01,Pune,1150
soybean,2014,November,1639,2875,3316,3143,2014-11-01,Pune,441
soybean,2014,December,122,3100,3240,3151,2014-12-01,Pune,140
soybean,2015,January,64,3075,3225,3175,2015-01-01,Pune,150
soybean,2015,February,71,2500,3151,3125,2015-02-01,Pune,651
soybean,2015,April,2,2650,2650,2650,2015-04-01,Pune,0
soybean,2015,May,233,3200,3774,3748,2015-05-01,Pune,574
soybean,2015,June,165,3198,3509,3447,2015-06-01,Pune,311
soybean,2015,August,34,3075,3201,3176,2015-08-01,Pune,126
soybean,2015,September,490,2922,3158,3107,2015-09-01,Pune,236
soybean,2015,October,5700,3026,3701,3650,2015-10-01,Pune,675
soybean,2015,November,1582,3050,3690,3644,2015-11-01,Pune,640
soybean,2015,December,909,3001,3615,3551,2015-12-01,Pune,614
soybean,2016,January,408,2920,3678,3556,2016-01-01,Pune,758
soybean,2016,February,535,3020,3613,3559,2016-02-01,Pune,593
soybean,2016,March,309,2810,3585,3443,2016-03-01,Pune,775
soybean,2016,April,65,3365,3760,3727,2016-04-01,Pune,395
soybean,2016,May,7,3250,3726,3575,2016-05-01,Pune,476
soybean,2016,June,6,3150,3350,3200,2016-06-01,Pune,200
soybean,2016,August,20,3001,3300,3100,2016-08-01,Pune,299
soybean,2016,November,2150,2688,2905,2750,2016-11-01,Pune,217
