Commodity,Year,Month,arrivals_in_qtl,min_price,max_price,modal_price,date,district_name,diff_price
other cereals,2014,December,51,3300,3300,3300,2014-12-01,Solapur,0
other cereals,2015,November,5,2800,2800,2800,2015-11-01,Solapur,0
other cereals,2016,January,9,2700,2700,2700,2016-01-01,Solapur,0
other cereals,2016,March,29,3400,3663,3500,2016-03-01,Solapur,263
other cereals,2016,June,6,4575,4675,4675,2016-06-01,Solapur,100
other cereals,2016,July,22,3025,3038,3025,2016-07-01,Solapur,13
other cereals,2016,August,2,2500,2500,2500,2016-08-01,Solapur,0
