Commodity,Year,Month,arrivals_in_qtl,min_price,max_price,modal_price,date,district_name,diff_price
pomegranate,2014,September,145,390,783,613,2014-09-01,Solapur,393
pomegranate,2014,October,38,506,700,600,2014-10-01,Solapur,194
pomegranate,2014,November,47,390,730,550,2014-11-01,Solapur,340
pomegranate,2014,December,51,429,764,586,2014-12-01,Solapur,335
pomegranate,2015,January,60,330,575,463,2015-01-01,Solapur,245
pomegranate,2015,February,51,300,500,400,2015-02-01,Solapur,200
pomegranate,2015,March,6,400,600,500,2015-03-01,Solapur,200
pomegranate,2015,June,30,288,475,375,2015-06-01,Solapur,187
pomegranate,2015,July,174,274,468,371,2015-07-01,Solapur,194
pomegranate,2015,August,81,279,514,379,2015-08-01,Solapur,235
pomegranate,2015,September,9,275,450,350,2015-09-01,Solapur,175
pomegranate,2015,October,38,260,413,325,2015-10-01,Solapur,153
pomegranate,2015,November,69,254,519,358,2015-11-01,Solapur,265
pomegranate,2015,December,111,250,400,307,2015-12-01,Solapur,150
pomegranate,2016,January,168,216,361,288,2016-01-01,Solapur,145
pomegranate,2016,February,45,200,396,307,2016-02-01,Solapur,196
pomegranate,2016,March,57,313,569,444,2016-03-01,Solapur,256
pomegranate,2016,April,40,345,588,463,2016-04-01,Solapur,243
pomegranate,2016,June,6,3500,6500,5000,2016-06-01,Solapur,3000
pomegranate,2016,July,55,2038,3338,2625,2016-07-01,Solapur,1300
pomegranate,2016,August,26,2693,3943,3414,2016-08-01,Solapur,1250
pomegranate,2016,September,3,3000,3500,3200,2016-09-01,Solapur,500
pomegranate,2016,October,9,2750,5000,3750,2016-10-01,Solapur,2250
pomegranate,2016,November,3,3000,5000,4000,2016-11-01,Solapur,2000
