Commodity,Year,Month,arrivals_in_qtl,min_price,max_price,modal_price,date,district_name,diff_price
methi (bhaji),2014,September,600,200,400,300,2014-09-01,Solapur,200
methi (bhaji),2014,December,300,400,700,500,2014-12-01,Solapur,300
methi (bhaji),2015,January,2700,100,300,200,2015-01-01,Solapur,200
methi (bhaji),2015,February,600,200,350,300,2015-02-01,Solapur,150
methi (bhaji),2015,April,1800,100,300,200,2015-04-01,Solapur,200
methi (bhaji),2015,May,600,500,900,600,2015-05-01,Solapur,400
methi (bhaji),2015,June,2100,600,1300,867,2015-06-01,Solapur,700
methi (bhaji),2015,August,2400,400,745,500,2015-08-01,Solapur,345
methi (bhaji),2015,October,900,700,1500,1000,2015-10-01,Solapur,800
methi (bhaji),2015,November,600,500,1000,800,2015-11-01,Solapur,500
methi (bhaji),2015,December,1200,500,1000,800,2015-12-01,Solapur,500
methi (bhaji),2016,January,1800,300,667,467,2016-01-01,Solapur,367
methi (bhaji),2016,February,1800,200,400,300,2016-02-01,Solapur,200
methi (bhaji),2016,March,600,400,800,600,2016-03-01,Solapur,400
methi (bhaji),2016,April,900,500,1000,700,2016-04-01,Solapur,500
methi (bhaji),2016,May,3004,908,1950,1367,2016-05-01,Solapur,1042
methi (bhaji),2016,June,3000,867,1567,1133,2016-06-01,Solapur,700
methi (bhaji),2016,August,150,750,750,750,2016-08-01,Solapur,0
methi (bhaji),2016,September,1901,525,850,692,2016-09-01,Solapur,325
