Commodity,Year,Month,arrivals_in_qtl,min_price,max_price,modal_price,date,district_name,diff_price
tomato,2014,September,144,66,115,90,2014-09-01,Solapur,49
tomato,2014,October,96,42,76,58,2014-10-01,Solapur,34
tomato,2014,November,17,27,60,42,2014-11-01,Solapur,33
tomato,2014,December,88,54,143,102,2014-12-01,Solapur,89
tomato,2015,January,122,90,158,114,2015-01-01,Solapur,68
tomato,2015,February,129,55,110,76,2015-02-01,Solapur,55
tomato,2015,March,147,30,71,58,2015-03-01,Solapur,41
tomato,2015,April,138,30,60,50,2015-04-01,Solapur,30
tomato,2015,May,66,48,97,78,2015-05-01,Solapur,49
tomato,2015,June,84,82,150,119,2015-06-01,Solapur,68
tomato,2015,July,129,100,150,113,2015-07-01,Solapur,50
tomato,2015,August,135,20,50,40,2015-08-01,Solapur,30
tomato,2015,September,93,20,50,38,2015-09-01,Solapur,30
tomato,2015,October,102,37,79,42,2015-10-01,Solapur,42
tomato,2015,November,83,100,150,120,2015-11-01,Solapur,50
tomato,2015,December,114,71,146,115,2015-12-01,Solapur,75
tomato,2016,January,120,50,132,101,2016-01-01,Solapur,82
tomato,2016,February,114,39,81,64,2016-02-01,Solapur,42
tomato,2016,March,132,24,44,34,2016-03-01,Solapur,20
tomato,2016,April,36,20,50,30,2016-04-01,Solapur,30
tomato,2016,May,202,516,1067,805,2016-05-01,Solapur,551
tomato,2016,June,87,482,901,671,2016-06-01,Solapur,419
tomato,2016,July,147,1467,2445,1924,2016-07-01,Solapur,978
tomato,2016,August,241,425,777,594,2016-08-01,Solapur,352
tomato,2016,September,267,253,627,344,2016-09-01,Solapur,374
tomato,2016,October,178,376,687,511,2016-10-01,Solapur,311
tomato,2016,November,75,500,888,688,2016-11-01,Solapur,388
