Commodity,Year,Month,arrivals_in_qtl,min_price,max_price,modal_price,date,district_name,diff_price
maize,2014,September,184,1384,1414,1408,2014-09-01,Solapur,30
maize,2014,October,31,1101,1195,1191,2014-10-01,Solapur,94
maize,2014,November,367,1087,1246,1170,2014-11-01,Solapur,159
maize,2014,December,753,1055,1138,1121,2014-12-01,Solapur,83
maize,2015,January,338,1077,1457,1445,2015-01-01,Solapur,380
maize,2015,February,366,1111,1182,1158,2015-02-01,Solapur,71
maize,2015,March,473,1213,1273,1260,2015-03-01,Solapur,60
maize,2015,April,221,1181,1289,1248,2015-04-01,Solapur,108
maize,2015,May,207,1221,1267,1257,2015-05-01,Solapur,46
maize,2015,June,237,1259,1324,1307,2015-06-01,Solapur,65
maize,2015,July,106,1378,1416,1413,2015-07-01,Solapur,38
maize,2015,August,89,1466,1596,1562,2015-08-01,Solapur,130
maize,2015,September,10,1498,1576,1576,2015-09-01,Solapur,78
maize,2015,December,137,1488,1541,1493,2015-12-01,Solapur,53
maize,2016,January,197,1439,1477,1468,2016-01-01,Solapur,38
maize,2016,February,324,1355,1438,1425,2016-02-01,Solapur,83
maize,2016,March,50,1404,1410,1408,2016-03-01,Solapur,6
maize,2016,April,309,1423,1448,1439,2016-04-01,Solapur,25
maize,2016,May,182,1453,1507,1498,2016-05-01,Solapur,54
maize,2016,June,11,1620,1620,1620,2016-06-01,Solapur,0
maize,2016,July,45,1750,1750,1750,2016-07-01,Solapur,0
maize,2016,August,13,1800,1800,1800,2016-08-01,Solapur,0
maize,2016,September,79,1466,1764,1750,2016-09-01,Solapur,298
maize,2016,October,220,1240,1389,1335,2016-10-01,Solapur,149
