Commodity,Year,Month,arrivals_in_qtl,min_price,max_price,modal_price,date,district_name,diff_price
coriander  ,2014,September,2100,450,800,600,2014-09-01,Solapur,350
coriander  ,2014,December,1200,200,650,500,2014-12-01,Solapur,450
coriander  ,2015,January,1200,50,200,100,2015-01-01,Solapur,150
coriander  ,2015,May,600,300,500,400,2015-05-01,Solapur,200
coriander  ,2015,June,1200,1000,2000,1500,2015-06-01,Solapur,1000
coriander  ,2015,July,1200,1000,2000,1500,2015-07-01,Solapur,1000
coriander  ,2015,August,1500,500,1000,800,2015-08-01,Solapur,500
coriander  ,2015,September,3300,833,1667,1267,2015-09-01,Solapur,834
coriander  ,2015,October,6000,300,800,500,2015-10-01,Solapur,500
coriander  ,2015,November,900,200,500,300,2015-11-01,Solapur,300
coriander  ,2016,January,900,100,400,300,2016-01-01,Solapur,300
coriander  ,2016,February,4800,280,600,440,2016-02-01,Solapur,320
coriander  ,2016,April,900,500,1000,700,2016-04-01,Solapur,500
coriander  ,2016,May,2740,471,1350,850,2016-05-01,Solapur,879
coriander  ,2016,June,5800,510,1100,830,2016-06-01,Solapur,590
coriander  ,2016,July,1800,167,517,357,2016-07-01,Solapur,350
coriander  ,2016,August,750,300,600,450,2016-08-01,Solapur,300
coriander  ,2016,September,650,1000,2000,1500,2016-09-01,Solapur,1000
coriander  ,2016,October,1250,500,1150,925,2016-10-01,Solapur,650
