Commodity,Year,Month,arrivals_in_qtl,min_price,max_price,modal_price,date,district_name,diff_price
lemon,2014,September,113,136,196,167,2014-09-01,Solapur,60
lemon,2014,October,123,288,342,313,2014-10-01,Solapur,54
lemon,2014,November,206,158,242,199,2014-11-01,Solapur,84
lemon,2014,December,159,147,247,198,2014-12-01,Solapur,100
lemon,2015,January,235,82,149,112,2015-01-01,Solapur,67
lemon,2015,February,279,119,210,165,2015-02-01,Solapur,91
lemon,2015,March,152,198,398,295,2015-03-01,Solapur,200
lemon,2015,April,318,368,564,470,2015-04-01,Solapur,196
lemon,2015,May,19,363,578,475,2015-05-01,Solapur,215
lemon,2015,June,949,229,348,274,2015-06-01,Solapur,119
lemon,2015,July,169,101,127,114,2015-07-01,Solapur,26
lemon,2015,August,74,100,136,118,2015-08-01,Solapur,36
lemon,2015,September,6,100,140,120,2015-09-01,Solapur,40
lemon,2015,October,32,200,290,245,2015-10-01,Solapur,90
lemon,2015,November,82,123,261,205,2015-11-01,Solapur,138
lemon,2015,December,90,141,182,159,2015-12-01,Solapur,41
lemon,2016,January,203,103,182,152,2016-01-01,Solapur,79
lemon,2016,February,175,158,242,208,2016-02-01,Solapur,84
lemon,2016,March,207,220,291,257,2016-03-01,Solapur,71
lemon,2016,April,360,317,575,487,2016-04-01,Solapur,258
lemon,2016,May,175,1926,3420,2829,2016-05-01,Solapur,1494
lemon,2016,June,199,1649,2734,2244,2016-06-01,Solapur,1085
lemon,2016,July,165,1767,2493,2120,2016-07-01,Solapur,726
lemon,2016,August,145,2114,2910,2600,2016-08-01,Solapur,796
lemon,2016,September,188,2911,4647,3858,2016-09-01,Solapur,1736
lemon,2016,October,162,2106,2906,2535,2016-10-01,Solapur,800
lemon,2016,November,50,1588,2088,1825,2016-11-01,Solapur,500
