Commodity,Year,Month,arrivals_in_qtl,min_price,max_price,modal_price,date,district_name,diff_price
kharbuj,2014,October,200,80,120,100,2014-10-01,Solapur,40
kharbuj,2014,December,2300,65,120,100,2014-12-01,Solapur,55
kharbuj,2015,March,700,50,100,80,2015-03-01,Solapur,50
kharbuj,2015,April,150,60,150,100,2015-04-01,Solapur,90
kharbuj,2015,June,48,80,120,100,2015-06-01,Solapur,40
kharbuj,2015,July,117,120,218,170,2015-07-01,Solapur,98
kharbuj,2015,October,30,50,70,60,2015-10-01,Solapur,20
kharbuj,2015,November,3,50,70,60,2015-11-01,Solapur,20
kharbuj,2016,March,45,60,100,83,2016-03-01,Solapur,40
kharbuj,2016,April,195,84,131,110,2016-04-01,Solapur,47
kharbuj,2016,May,157,415,683,533,2016-05-01,Solapur,268
kharbuj,2016,June,60,603,1200,870,2016-06-01,Solapur,597
kharbuj,2016,July,20,533,700,633,2016-07-01,Solapur,167
kharbuj,2016,November,101,1000,1500,1300,2016-11-01,Solapur,500
