Commodity,Year,Month,arrivals_in_qtl,min_price,max_price,modal_price,date,district_name,diff_price
shepu,2014,September,1100,200,350,250,2014-09-01,Solapur,150
shepu,2014,October,300,300,500,400,2014-10-01,Solapur,200
shepu,2014,December,600,200,500,400,2014-12-01,Solapur,300
shepu,2015,May,600,500,800,600,2015-05-01,Solapur,300
shepu,2015,June,1800,400,800,600,2015-06-01,Solapur,400
shepu,2015,July,1800,500,900,600,2015-07-01,Solapur,400
shepu,2015,August,4500,300,500,400,2015-08-01,Solapur,200
shepu,2015,September,4500,380,700,480,2015-09-01,Solapur,320
shepu,2015,October,2400,400,800,500,2015-10-01,Solapur,400
shepu,2016,February,1200,200,400,300,2016-02-01,Solapur,200
shepu,2016,March,300,400,600,500,2016-03-01,Solapur,200
shepu,2016,April,2300,500,800,600,2016-04-01,Solapur,300
shepu,2016,May,600,400,1000,700,2016-05-01,Solapur,600
shepu,2016,June,1800,400,750,550,2016-06-01,Solapur,350
shepu,2016,July,1500,50,150,100,2016-07-01,Solapur,100
shepu,2016,August,1850,83,200,150,2016-08-01,Solapur,117
shepu,2016,September,1000,300,575,450,2016-09-01,Solapur,275
shepu,2016,October,1700,430,820,640,2016-10-01,Solapur,390
shepu,2016,November,550,200,600,450,2016-11-01,Solapur,400
