Commodity,Year,Month,arrivals_in_qtl,min_price,max_price,modal_price,date,district_name,diff_price
gram,2014,September,165,1995,2217,2134,2014-09-01,Solapur,222
gram,2014,October,77,2517,2650,2634,2014-10-01,Solapur,133
gram,2014,November,106,2060,2265,2230,2014-11-01,Solapur,205
gram,2014,December,55,2292,2637,2513,2014-12-01,Solapur,345
gram,2015,January,111,2500,2850,2781,2015-01-01,Solapur,350
gram,2015,February,272,3161,3565,3397,2015-02-01,Solapur,404
gram,2015,March,707,3112,3433,3393,2015-03-01,Solapur,321
gram,2015,April,491,3434,3867,3811,2015-04-01,Solapur,433
gram,2015,May,466,4199,4314,4303,2015-05-01,Solapur,115
gram,2015,June,402,3593,3999,3953,2015-06-01,Solapur,406
gram,2015,July,215,3775,4135,4119,2015-07-01,Solapur,360
gram,2015,August,28,3912,4346,4234,2015-08-01,Solapur,434
gram,2015,September,9,3900,3900,3900,2015-09-01,Solapur,0
gram,2015,November,18,4251,4576,4251,2015-11-01,Solapur,325
gram,2015,December,21,4000,4019,4019,2015-12-01,Solapur,19
gram,2016,January,624,4157,4403,4374,2016-01-01,Solapur,246
gram,2016,February,814,4174,4329,4282,2016-02-01,Solapur,155
gram,2016,March,631,4007,4386,4341,2016-03-01,Solapur,379
gram,2016,April,603,5078,5425,5217,2016-04-01,Solapur,347
gram,2016,May,163,5204,5428,5354,2016-05-01,Solapur,224
gram,2016,June,213,6133,6397,6344,2016-06-01,Solapur,264
gram,2016,July,53,6209,7285,7013,2016-07-01,Solapur,1076
gram,2016,August,33,6250,6425,6375,2016-08-01,Solapur,175
gram,2016,September,26,6136,6722,6379,2016-09-01,Solapur,586
gram,2016,October,24,7986,9086,8672,2016-10-01,Solapur,1100
