Commodity,Year,Month,arrivals_in_qtl,min_price,max_price,modal_price,date,district_name,diff_price
shevga,2014,December,3,500,800,600,2014-12-01,Solapur,300
shevga,2015,February,60,200,350,300,2015-02-01,Solapur,150
shevga,2015,December,46,300,500,400,2015-12-01,Solapur,200
shevga,2016,January,42,300,500,400,2016-01-01,Solapur,200
shevga,2016,February,42,73,115,94,2016-02-01,Solapur,42
shevga,2016,March,105,36,68,54,2016-03-01,Solapur,32
shevga,2016,April,30,24,80,60,2016-04-01,Solapur,56
shevga,2016,May,12,425,840,630,2016-05-01,Solapur,415
shevga,2016,June,6,30,60,50,2016-06-01,Solapur,30
shevga,2016,July,3,3000,5000,4000,2016-07-01,Solapur,2000
