Commodity,Year,Month,arrivals_in_qtl,min_price,max_price,modal_price,date,district_name,diff_price
fodder,2014,September,1478,361,649,547,2014-09-01,Solapur,288
fodder,2014,October,551,398,657,543,2014-10-01,Solapur,259
fodder,2014,November,918,352,677,532,2014-11-01,Solapur,325
fodder,2014,December,1295,313,623,500,2014-12-01,Solapur,310
fodder,2015,January,891,332,613,488,2015-01-01,Solapur,281
fodder,2015,February,976,243,552,417,2015-02-01,Solapur,309
fodder,2015,March,961,209,456,339,2015-03-01,Solapur,247
fodder,2015,April,1354,238,448,355,2015-04-01,Solapur,210
fodder,2015,May,1197,442,657,564,2015-05-01,Solapur,215
fodder,2015,June,1327,406,660,537,2015-06-01,Solapur,254
fodder,2015,July,853,520,659,592,2015-07-01,Solapur,139
fodder,2015,August,431,630,797,754,2015-08-01,Solapur,167
fodder,2015,September,118,582,789,715,2015-09-01,Solapur,207
fodder,2015,October,348,564,783,709,2015-10-01,Solapur,219
fodder,2015,November,149,485,765,692,2015-11-01,Solapur,280
fodder,2015,December,502,571,842,722,2015-12-01,Solapur,271
fodder,2016,January,445,484,816,665,2016-01-01,Solapur,332
fodder,2016,February,500,432,737,595,2016-02-01,Solapur,305
fodder,2016,March,619,480,735,613,2016-03-01,Solapur,255
fodder,2016,April,282,719,943,861,2016-04-01,Solapur,224
fodder,2016,May,587,802,1004,930,2016-05-01,Solapur,202
fodder,2016,June,601,798,1020,928,2016-06-01,Solapur,222
fodder,2016,July,417,808,1035,970,2016-07-01,Solapur,227
fodder,2016,August,434,725,985,882,2016-08-01,Solapur,260
fodder,2016,September,106,723,1016,953,2016-09-01,Solapur,293
fodder,2016,October,189,646,1043,936,2016-10-01,Solapur,397
fodder,2016,November,45,723,1068,966,2016-11-01,Solapur,345
