Commodity,Year,Month,arrivals_in_qtl,min_price,max_price,modal_price,date,district_name,diff_price
bor,2014,October,60,107,177,140,2014-10-01,Solapur,70
bor,2014,November,202,107,405,304,2014-11-01,Solapur,298
bor,2014,December,417,81,192,137,2014-12-01,Solapur,111
bor,2015,January,662,46,118,78,2015-01-01,Solapur,72
bor,2015,February,567,58,119,90,2015-02-01,Solapur,61
bor,2015,March,113,63,133,93,2015-03-01,Solapur,70
bor,2015,November,63,98,178,136,2015-11-01,Solapur,80
bor,2015,December,155,96,185,150,2015-12-01,Solapur,89
bor,2016,January,288,79,162,128,2016-01-01,Solapur,83
bor,2016,February,198,92,169,133,2016-02-01,Solapur,77
bor,2016,March,35,95,225,195,2016-03-01,Solapur,130
