Commodity,Year,Month,arrivals_in_qtl,min_price,max_price,modal_price,date,district_name,diff_price
sunflower,2014,September,1,3100,3100,3100,2014-09-01,Solapur,0
sunflower,2014,November,134,3133,3167,3133,2014-11-01,Solapur,34
sunflower,2014,December,5,3075,3075,3075,2014-12-01,Solapur,0
sunflower,2015,February,116,4400,5875,5450,2015-02-01,Solapur,1475
sunflower,2015,April,9,2950,3025,3000,2015-04-01,Solapur,75
sunflower,2015,September,4,3300,3300,3300,2015-09-01,Solapur,0
sunflower,2015,October,2,3611,3611,3611,2015-10-01,Solapur,0
sunflower,2015,November,1,3525,3525,3525,2015-11-01,Solapur,0
sunflower,2015,December,12,3550,3550,3550,2015-12-01,Solapur,0
sunflower,2016,September,3,2925,2925,2925,2016-09-01,Solapur,0
sunflower,2016,October,74,3039,3052,3052,2016-10-01,Solapur,13
sunflower,2016,November,50,2600,2800,2700,2016-11-01,Solapur,200
