Commodity,Year,Month,arrivals_in_qtl,min_price,max_price,modal_price,date,district_name,diff_price
sunflower,2014,November,22,2950,2950,2950,2014-11-01,Solapur,0
sunflower,2014,December,20,2950,2980,2975,2014-12-01,Solapur,30
sunflower,2015,January,41,3050,3050,3050,2015-01-01,Solapur,0
sunflower,2015,February,10,3175,3175,3175,2015-02-01,Solapur,0
sunflower,2015,March,13,3093,3093,3093,2015-03-01,Solapur,0
sunflower,2015,December,6,3750,3750,3750,2015-12-01,Solapur,0
sunflower,2016,January,12,3225,3225,3225,2016-01-01,Solapur,0
sunflower,2016,February,23,3351,3368,3368,2016-02-01,Solapur,17
sunflower,2016,September,17,2500,2500,2500,2016-09-01,Solapur,0
sunflower,2016,October,101,2570,2715,2664,2016-10-01,Solapur,145
