Commodity,Year,Month,arrivals_in_qtl,min_price,max_price,modal_price,date,district_name,diff_price
gram,2014,September,1378,2198,2853,2536,2014-09-01,Solapur,655
gram,2014,October,437,2241,2771,2454,2014-10-01,Solapur,530
gram,2014,November,1055,2210,3169,2824,2014-11-01,Solapur,959
gram,2014,December,3322,2142,3094,2706,2014-12-01,Solapur,952
gram,2015,January,1229,2368,3516,2980,2015-01-01,Solapur,1148
gram,2015,February,4491,3097,3734,3538,2015-02-01,Solapur,637
gram,2015,March,7557,3171,3637,3423,2015-03-01,Solapur,466
gram,2015,April,3266,3272,4053,3804,2015-04-01,Solapur,781
gram,2015,May,2041,3703,4531,4180,2015-05-01,Solapur,828
gram,2015,June,1755,3422,4304,3956,2015-06-01,Solapur,882
gram,2015,July,1280,3393,4454,4033,2015-07-01,Solapur,1061
gram,2015,August,1136,3458,4433,4088,2015-08-01,Solapur,975
gram,2015,September,579,3739,4588,4179,2015-09-01,Solapur,849
gram,2015,October,1248,3628,4814,4248,2015-10-01,Solapur,1186
gram,2015,November,1576,3609,4724,4013,2015-11-01,Solapur,1115
gram,2015,December,800,3560,4399,3953,2015-12-01,Solapur,839
gram,2016,January,3572,3674,4676,4261,2016-01-01,Solapur,1002
gram,2016,February,5702,3975,4397,4202,2016-02-01,Solapur,422
gram,2016,March,3250,3864,4463,4194,2016-03-01,Solapur,599
gram,2016,April,2774,4437,5354,5117,2016-04-01,Solapur,917
gram,2016,May,1622,5083,5785,5551,2016-05-01,Solapur,702
gram,2016,June,1075,5556,6561,6178,2016-06-01,Solapur,1005
gram,2016,July,410,6030,7591,7018,2016-07-01,Solapur,1561
gram,2016,August,724,5671,6736,6262,2016-08-01,Solapur,1065
gram,2016,September,311,5097,6519,5949,2016-09-01,Solapur,1422
gram,2016,October,212,7397,8482,8021,2016-10-01,Solapur,1085
gram,2016,November,103,7025,8288,7800,2016-11-01,Solapur,1263
