Commodity,Year,Month,arrivals_in_qtl,min_price,max_price,modal_price,date,district_name,diff_price
squash gourd,2015,November,20,140,200,176,2015-11-01,Solapur,60
squash gourd,2015,December,60,119,229,191,2015-12-01,Solapur,110
squash gourd,2016,January,79,105,229,179,2016-01-01,Solapur,124
squash gourd,2016,February,67,184,316,266,2016-02-01,Solapur,132
squash gourd,2016,March,82,193,320,270,2016-03-01,Solapur,127
squash gourd,2016,April,33,200,350,300,2016-04-01,Solapur,150
squash gourd,2016,May,4,200,350,300,2016-05-01,Solapur,150
squash gourd,2016,June,21,371,586,471,2016-06-01,Solapur,215
squash gourd,2016,July,35,922,1594,1278,2016-07-01,Solapur,672
squash gourd,2016,August,160,395,623,506,2016-08-01,Solapur,228
squash gourd,2016,September,152,985,1526,1280,2016-09-01,Solapur,541
squash gourd,2016,October,70,2175,3813,3138,2016-10-01,Solapur,1638
squash gourd,2016,November,123,2067,3017,2500,2016-11-01,Solapur,950
