Commodity,Year,Month,arrivals_in_qtl,min_price,max_price,modal_price,date,district_name,diff_price
wheat(unhusked),2014,November,1,2650,2650,2650,2014-11-01,Solapur,0
wheat(unhusked),2014,December,32,2613,2663,2638,2014-12-01,Solapur,50
wheat(unhusked),2015,February,1,1500,1500,1500,2015-02-01,Solapur,0
wheat(unhusked),2015,March,13,3000,3000,3000,2015-03-01,Solapur,0
wheat(unhusked),2015,May,8,2200,2200,2200,2015-05-01,Solapur,0
wheat(unhusked),2015,June,2,2450,2450,2450,2015-06-01,Solapur,0
wheat(unhusked),2015,July,1,2775,2775,2775,2015-07-01,Solapur,0
wheat(unhusked),2015,August,1,2400,2400,2400,2015-08-01,Solapur,0
wheat(unhusked),2015,September,6,2500,2500,2500,2015-09-01,Solapur,0
wheat(unhusked),2015,November,22,2900,2900,2900,2015-11-01,Solapur,0
wheat(unhusked),2015,December,2,2800,2800,2800,2015-12-01,Solapur,0
wheat(unhusked),2016,March,4,2600,2600,2600,2016-03-01,Solapur,0
