Commodity,Year,Month,arrivals_in_qtl,min_price,max_price,modal_price,date,district_name,diff_price
wheat(husked),2014,September,70,1822,1989,1967,2014-09-01,Solapur,167
wheat(husked),2014,October,48,1951,1951,1951,2014-10-01,Solapur,0
wheat(husked),2014,November,42,1782,1859,1859,2014-11-01,Solapur,77
wheat(husked),2014,December,153,1948,2102,1995,2014-12-01,Solapur,154
wheat(husked),2015,January,131,1895,2071,2016,2015-01-01,Solapur,176
wheat(husked),2015,February,12,1947,1947,1947,2015-02-01,Solapur,0
wheat(husked),2015,March,173,2072,2462,2301,2015-03-01,Solapur,390
wheat(husked),2015,April,303,1782,2133,2063,2015-04-01,Solapur,351
wheat(husked),2015,May,294,1832,2082,1984,2015-05-01,Solapur,250
wheat(husked),2015,June,202,1883,2017,1970,2015-06-01,Solapur,134
wheat(husked),2015,July,163,1930,2118,2087,2015-07-01,Solapur,188
wheat(husked),2015,September,52,1968,2168,2168,2015-09-01,Solapur,200
wheat(husked),2015,October,72,1967,2108,2031,2015-10-01,Solapur,141
wheat(husked),2015,November,88,2059,2151,2142,2015-11-01,Solapur,92
wheat(husked),2015,December,18,2059,2059,2059,2015-12-01,Solapur,0
wheat(husked),2016,January,37,1970,2138,1990,2016-01-01,Solapur,168
wheat(husked),2016,February,20,1884,2025,2002,2016-02-01,Solapur,141
wheat(husked),2016,March,29,2062,2349,2349,2016-03-01,Solapur,287
wheat(husked),2016,April,79,2199,2293,2293,2016-04-01,Solapur,94
wheat(husked),2016,May,34,2315,2315,2315,2016-05-01,Solapur,0
wheat(husked),2016,June,32,2113,2129,2129,2016-06-01,Solapur,16
wheat(husked),2016,July,23,1801,2126,2126,2016-07-01,Solapur,325
wheat(husked),2016,August,21,1951,2151,2151,2016-08-01,Solapur,200
wheat(husked),2016,September,6,2191,2191,2191,2016-09-01,Solapur,0
wheat(husked),2016,October,12,1637,1917,1917,2016-10-01,Solapur,280
