Commodity,Year,Month,arrivals_in_qtl,min_price,max_price,modal_price,date,district_name,diff_price
green gram,2014,September,401,5126,6512,6138,2014-09-01,Solapur,1386
green gram,2014,October,587,5346,6870,6123,2014-10-01,Solapur,1524
green gram,2014,November,336,6366,7573,7055,2014-11-01,Solapur,1207
green gram,2014,December,68,6329,6986,6664,2014-12-01,Solapur,657
green gram,2015,January,16,6467,6467,6467,2015-01-01,Solapur,0
green gram,2015,February,2,5425,5425,5425,2015-02-01,Solapur,0
green gram,2015,March,4,5375,5375,5375,2015-03-01,Solapur,0
green gram,2015,April,10,6300,6360,6300,2015-04-01,Solapur,60
green gram,2015,May,35,6622,6772,6622,2015-05-01,Solapur,150
green gram,2015,June,37,6175,6383,6300,2015-06-01,Solapur,208
green gram,2015,July,32,6119,6460,6370,2015-07-01,Solapur,341
green gram,2015,August,68,6080,6727,6453,2015-08-01,Solapur,647
green gram,2015,September,513,6777,7821,7376,2015-09-01,Solapur,1044
green gram,2015,October,335,7337,8241,7817,2015-10-01,Solapur,904
green gram,2015,November,52,6912,7354,7054,2015-11-01,Solapur,442
green gram,2015,December,26,6600,6875,6600,2015-12-01,Solapur,275
green gram,2016,January,5,6250,6250,6250,2016-01-01,Solapur,0
green gram,2016,March,2,6000,6000,6000,2016-03-01,Solapur,0
green gram,2016,April,7,5500,5500,5500,2016-04-01,Solapur,0
green gram,2016,May,16,6625,6625,6625,2016-05-01,Solapur,0
green gram,2016,June,483,6578,6800,6644,2016-06-01,Solapur,222
green gram,2016,July,204,5610,5944,5877,2016-07-01,Solapur,334
green gram,2016,August,1010,4474,5180,4897,2016-08-01,Solapur,706
green gram,2016,September,3627,4300,5215,4828,2016-09-01,Solapur,915
green gram,2016,October,1819,4463,5112,4903,2016-10-01,Solapur,649
green gram,2016,November,112,4044,4913,4544,2016-11-01,Solapur,869
