Commodity,Year,Month,arrivals_in_qtl,min_price,max_price,modal_price,date,district_name,diff_price
black gram,2014,September,504,3530,4447,4317,2014-09-01,Solapur,917
black gram,2014,October,1194,4147,5111,4677,2014-10-01,Solapur,964
black gram,2014,November,568,4205,5192,5053,2014-11-01,Solapur,987
black gram,2014,December,120,3950,5025,4894,2014-12-01,Solapur,1075
black gram,2015,January,2,4850,4850,4850,2015-01-01,Solapur,0
black gram,2015,August,59,8001,8436,8319,2015-08-01,Solapur,435
black gram,2015,September,449,8229,8971,8779,2015-09-01,Solapur,742
black gram,2015,October,2,11900,11900,11900,2015-10-01,Solapur,0
black gram,2015,November,23,10300,10350,10300,2015-11-01,Solapur,50
black gram,2016,May,8,10333,10333,10333,2016-05-01,Solapur,0
black gram,2016,July,3,5550,5550,5550,2016-07-01,Solapur,0
black gram,2016,August,402,7007,7488,7334,2016-08-01,Solapur,481
black gram,2016,September,4468,5001,7192,6475,2016-09-01,Solapur,2191
black gram,2016,October,2318,3598,7050,5403,2016-10-01,Solapur,3452
