Commodity,Year,Month,arrivals_in_qtl,min_price,max_price,modal_price,date,district_name,diff_price
castor seed,2014,September,1,3400,3400,3400,2014-09-01,Solapur,0
castor seed,2015,February,2,3500,3500,3500,2015-02-01,Solapur,0
castor seed,2015,March,12,3300,3300,3300,2015-03-01,Solapur,0
castor seed,2015,May,22,3350,3350,3350,2015-05-01,Solapur,0
castor seed,2015,July,182,3625,3625,3625,2015-07-01,Solapur,0
castor seed,2016,January,1,3000,3000,3000,2016-01-01,Solapur,0
castor seed,2016,April,1,2711,2711,2711,2016-04-01,Solapur,0
