Commodity,Year,Month,arrivals_in_qtl,min_price,max_price,modal_price,date,district_name,diff_price
ladies finger,2014,September,141,99,184,140,2014-09-01,Solapur,85
ladies finger,2014,October,87,100,194,146,2014-10-01,Solapur,94
ladies finger,2014,November,18,150,275,208,2014-11-01,Solapur,125
ladies finger,2014,December,88,148,296,240,2014-12-01,Solapur,148
ladies finger,2015,January,85,136,250,198,2015-01-01,Solapur,114
ladies finger,2015,February,132,200,352,280,2015-02-01,Solapur,152
ladies finger,2015,March,153,100,250,200,2015-03-01,Solapur,150
ladies finger,2015,April,129,150,298,248,2015-04-01,Solapur,148
ladies finger,2015,May,61,104,208,158,2015-05-01,Solapur,104
ladies finger,2015,June,87,104,204,154,2015-06-01,Solapur,100
ladies finger,2015,July,135,150,250,200,2015-07-01,Solapur,100
ladies finger,2015,August,141,50,148,100,2015-08-01,Solapur,98
ladies finger,2015,September,102,61,158,110,2015-09-01,Solapur,97
ladies finger,2015,October,99,100,176,136,2015-10-01,Solapur,76
ladies finger,2015,November,66,100,160,120,2015-11-01,Solapur,60
ladies finger,2015,December,68,169,286,241,2015-12-01,Solapur,117
ladies finger,2016,January,98,164,295,241,2016-01-01,Solapur,131
ladies finger,2016,February,863,155,261,211,2016-02-01,Solapur,106
ladies finger,2016,March,73,114,193,153,2016-03-01,Solapur,79
ladies finger,2016,April,30,120,219,169,2016-04-01,Solapur,99
ladies finger,2016,May,72,379,686,511,2016-05-01,Solapur,307
ladies finger,2016,June,54,300,557,438,2016-06-01,Solapur,257
ladies finger,2016,July,48,1232,2105,1673,2016-07-01,Solapur,873
ladies finger,2016,August,11,867,1167,967,2016-08-01,Solapur,300
ladies finger,2016,September,43,1150,1850,1475,2016-09-01,Solapur,700
ladies finger,2016,October,81,1066,2106,1644,2016-10-01,Solapur,1040
ladies finger,2016,November,38,1125,1625,1388,2016-11-01,Solapur,500
