Commodity,Year,Month,arrivals_in_qtl,min_price,max_price,modal_price,date,district_name,diff_price
sorgum(jawar),2014,September,17272,1358,2582,1886,2014-09-01,Solapur,1224
sorgum(jawar),2014,October,4016,1194,2554,1814,2014-10-01,Solapur,1360
sorgum(jawar),2014,November,7208,1452,2875,2324,2014-11-01,Solapur,1423
sorgum(jawar),2014,December,11488,1408,2666,2088,2014-12-01,Solapur,1258
sorgum(jawar),2015,January,9060,1432,2657,2135,2015-01-01,Solapur,1225
sorgum(jawar),2015,February,10590,1436,2518,1995,2015-02-01,Solapur,1082
sorgum(jawar),2015,March,27736,1429,2685,2233,2015-03-01,Solapur,1256
sorgum(jawar),2015,April,14802,1391,2505,2052,2015-04-01,Solapur,1114
sorgum(jawar),2015,May,18348,1332,2463,1918,2015-05-01,Solapur,1131
sorgum(jawar),2015,June,21276,1453,2471,2030,2015-06-01,Solapur,1018
sorgum(jawar),2015,July,13694,1612,2280,1955,2015-07-01,Solapur,668
sorgum(jawar),2015,August,15704,1602,2528,2071,2015-08-01,Solapur,926
sorgum(jawar),2015,September,11232,1647,2359,1993,2015-09-01,Solapur,712
sorgum(jawar),2015,October,12719,1657,2653,2168,2015-10-01,Solapur,996
sorgum(jawar),2015,November,9925,1670,2588,2138,2015-11-01,Solapur,918
sorgum(jawar),2015,December,9669,1832,2520,2190,2015-12-01,Solapur,688
sorgum(jawar),2016,January,8360,1673,2348,1979,2016-01-01,Solapur,675
sorgum(jawar),2016,February,16542,1719,2718,2295,2016-02-01,Solapur,999
sorgum(jawar),2016,March,22441,1679,2829,2390,2016-03-01,Solapur,1150
sorgum(jawar),2016,April,15649,1677,2689,2312,2016-04-01,Solapur,1012
sorgum(jawar),2016,May,17107,1691,2486,2095,2016-05-01,Solapur,795
sorgum(jawar),2016,June,16905,1632,2577,2165,2016-06-01,Solapur,945
sorgum(jawar),2016,July,6632,1602,2481,2209,2016-07-01,Solapur,879
sorgum(jawar),2016,August,11391,1543,2343,1909,2016-08-01,Solapur,800
sorgum(jawar),2016,September,9794,1591,2764,2290,2016-09-01,Solapur,1173
sorgum(jawar),2016,October,14085,1652,2843,2198,2016-10-01,Solapur,1191
sorgum(jawar),2016,November,5556,1790,3013,2268,2016-11-01,Solapur,1223
