Commodity,Year,Month,arrivals_in_qtl,min_price,max_price,modal_price,date,district_name,diff_price
matki,2014,September,8,6500,6500,6500,2014-09-01,Solapur,0
matki,2014,November,1,1450,1450,1450,2014-11-01,Solapur,0
matki,2014,December,2,6400,6400,6400,2014-12-01,Solapur,0
matki,2015,August,2,6000,6000,6000,2015-08-01,Solapur,0
matki,2015,December,1,4000,4000,4000,2015-12-01,Solapur,0
matki,2016,February,15,3050,3500,3050,2016-02-01,Solapur,450
matki,2016,March,18,2575,2575,2575,2016-03-01,Solapur,0
matki,2016,June,2,7800,7800,7800,2016-06-01,Solapur,0
