Commodity,Year,Month,arrivals_in_qtl,min_price,max_price,modal_price,date,district_name,diff_price
flower,2014,September,123,47,93,72,2014-09-01,Solapur,46
flower,2014,October,66,34,66,49,2014-10-01,Solapur,32
flower,2014,November,14,40,60,50,2014-11-01,Solapur,20
flower,2014,December,86,52,102,76,2014-12-01,Solapur,50
flower,2015,January,78,50,104,83,2015-01-01,Solapur,54
flower,2015,February,138,30,70,50,2015-02-01,Solapur,40
flower,2015,March,141,20,53,37,2015-03-01,Solapur,33
flower,2015,April,138,20,40,30,2015-04-01,Solapur,20
flower,2015,May,57,93,185,139,2015-05-01,Solapur,92
flower,2015,June,87,100,196,148,2015-06-01,Solapur,96
flower,2015,July,126,100,150,120,2015-07-01,Solapur,50
flower,2015,August,138,50,80,60,2015-08-01,Solapur,30
flower,2015,September,102,45,73,55,2015-09-01,Solapur,28
flower,2015,October,96,41,78,62,2015-10-01,Solapur,37
flower,2015,November,74,50,100,70,2015-11-01,Solapur,50
flower,2015,December,99,55,100,71,2015-12-01,Solapur,45
flower,2016,January,84,57,100,73,2016-01-01,Solapur,43
flower,2016,February,62,41,82,51,2016-02-01,Solapur,41
flower,2016,March,92,94,173,131,2016-03-01,Solapur,79
flower,2016,April,30,100,200,130,2016-04-01,Solapur,100
flower,2016,May,78,242,521,337,2016-05-01,Solapur,279
flower,2016,June,59,354,659,509,2016-06-01,Solapur,305
flower,2016,July,106,1019,1641,1332,2016-07-01,Solapur,622
flower,2016,August,183,718,1020,881,2016-08-01,Solapur,302
flower,2016,September,201,598,961,770,2016-09-01,Solapur,363
flower,2016,October,151,673,1447,1061,2016-10-01,Solapur,774
flower,2016,November,54,900,1300,1100,2016-11-01,Solapur,400
