Commodity,Year,Month,arrivals_in_qtl,min_price,max_price,modal_price,date,district_name,diff_price
coriander (dry),2014,September,80,7567,7783,7733,2014-09-01,Solapur,216
coriander (dry),2014,October,19,10234,10451,10269,2014-10-01,Solapur,217
coriander (dry),2014,November,23,9978,10033,9978,2014-11-01,Solapur,55
coriander (dry),2014,December,13,9920,9920,9920,2014-12-01,Solapur,0
coriander (dry),2015,January,16,8350,9600,8600,2015-01-01,Solapur,1250
coriander (dry),2015,March,1,6301,6301,6301,2015-03-01,Solapur,0
coriander (dry),2015,May,1,9000,9000,9000,2015-05-01,Solapur,0
coriander (dry),2015,June,1,5000,5000,5000,2015-06-01,Solapur,0
coriander (dry),2015,July,2,6750,6750,6750,2015-07-01,Solapur,0
coriander (dry),2015,September,1,9500,9500,9500,2015-09-01,Solapur,0
coriander (dry),2015,November,1,10100,10100,10100,2015-11-01,Solapur,0
coriander (dry),2015,December,4,10000,10000,10000,2015-12-01,Solapur,0
coriander (dry),2016,January,60,9533,9733,9533,2016-01-01,Solapur,200
coriander (dry),2016,April,3,7350,7350,7350,2016-04-01,Solapur,0
coriander (dry),2016,May,2,7000,7000,7000,2016-05-01,Solapur,0
coriander (dry),2016,August,3,6500,6500,6500,2016-08-01,Solapur,0
coriander (dry),2016,September,117,6169,6551,6391,2016-09-01,Solapur,382
coriander (dry),2016,October,73,5540,6435,6120,2016-10-01,Solapur,895
coriander (dry),2016,November,18,6250,6450,6450,2016-11-01,Solapur,200
