Commodity,Year,Month,arrivals_in_qtl,min_price,max_price,modal_price,date,district_name,diff_price
turmeric,2014,September,376,4035,5097,4645,2014-09-01,Solapur,1062
turmeric,2014,October,153,3800,4649,4342,2014-10-01,Solapur,849
turmeric,2014,November,375,4008,5016,4343,2014-11-01,Solapur,1008
turmeric,2014,December,395,4449,5867,4997,2014-12-01,Solapur,1418
turmeric,2015,January,195,6577,8537,7381,2015-01-01,Solapur,1960
turmeric,2015,February,72,6550,8036,7187,2015-02-01,Solapur,1486
turmeric,2015,March,121,6492,6997,6682,2015-03-01,Solapur,505
turmeric,2015,April,349,6697,7422,7114,2015-04-01,Solapur,725
turmeric,2015,May,1187,6439,7413,6947,2015-05-01,Solapur,974
turmeric,2015,June,378,5453,6334,5906,2015-06-01,Solapur,881
turmeric,2015,July,227,5373,6289,5946,2015-07-01,Solapur,916
turmeric,2015,August,253,5496,6590,6053,2015-08-01,Solapur,1094
turmeric,2015,September,289,6490,7670,7168,2015-09-01,Solapur,1180
turmeric,2015,October,156,6762,7188,6975,2015-10-01,Solapur,426
turmeric,2015,November,100,7806,8131,7969,2015-11-01,Solapur,325
turmeric,2015,December,103,7401,9926,9200,2015-12-01,Solapur,2525
turmeric,2016,January,121,6850,8219,7798,2016-01-01,Solapur,1369
turmeric,2016,February,38,7700,7844,7700,2016-02-01,Solapur,144
turmeric,2016,March,134,7683,8617,8017,2016-03-01,Solapur,934
turmeric,2016,April,632,7448,8693,8226,2016-04-01,Solapur,1245
turmeric,2016,May,483,6707,7957,7374,2016-05-01,Solapur,1250
turmeric,2016,June,122,6892,7351,7188,2016-06-01,Solapur,459
turmeric,2016,July,80,6400,6970,6916,2016-07-01,Solapur,570
turmeric,2016,August,65,5883,6567,6233,2016-08-01,Solapur,684
turmeric,2016,September,135,5465,7155,6715,2016-09-01,Solapur,1690
turmeric,2016,October,29,6075,6338,6175,2016-10-01,Solapur,263
turmeric,2016,November,22,5905,6255,6205,2016-11-01,Solapur,350
