Commodity,Year,Month,arrivals_in_qtl,min_price,max_price,modal_price,date,district_name,diff_price
cucumber,2014,September,141,41,78,57,2014-09-01,Solapur,37
cucumber,2014,October,99,34,75,53,2014-10-01,Solapur,41
cucumber,2014,November,15,67,117,85,2014-11-01,Solapur,50
cucumber,2014,December,84,84,146,110,2014-12-01,Solapur,62
cucumber,2015,January,96,95,131,102,2015-01-01,Solapur,36
cucumber,2015,February,135,55,110,75,2015-02-01,Solapur,55
cucumber,2015,March,167,43,99,57,2015-03-01,Solapur,56
cucumber,2015,April,138,30,70,60,2015-04-01,Solapur,40
cucumber,2015,May,63,48,98,70,2015-05-01,Solapur,50
cucumber,2015,June,87,51,107,85,2015-06-01,Solapur,56
cucumber,2015,July,135,40,80,60,2015-07-01,Solapur,40
cucumber,2015,August,132,50,106,82,2015-08-01,Solapur,56
cucumber,2015,September,102,50,104,84,2015-09-01,Solapur,54
cucumber,2015,October,99,50,108,76,2015-10-01,Solapur,58
cucumber,2015,November,82,60,102,73,2015-11-01,Solapur,42
cucumber,2015,December,111,54,100,69,2015-12-01,Solapur,46
cucumber,2016,January,109,43,100,67,2016-01-01,Solapur,57
cucumber,2016,February,85,85,150,115,2016-02-01,Solapur,65
cucumber,2016,March,108,94,172,136,2016-03-01,Solapur,78
cucumber,2016,April,36,100,205,146,2016-04-01,Solapur,105
cucumber,2016,May,119,283,658,471,2016-05-01,Solapur,375
cucumber,2016,June,79,266,555,403,2016-06-01,Solapur,289
cucumber,2016,July,117,282,576,427,2016-07-01,Solapur,294
cucumber,2016,August,189,165,378,280,2016-08-01,Solapur,213
cucumber,2016,September,234,456,879,652,2016-09-01,Solapur,423
cucumber,2016,October,151,768,1590,1213,2016-10-01,Solapur,822
cucumber,2016,November,51,544,850,681,2016-11-01,Solapur,306
