Commodity,Year,Month,arrivals_in_qtl,min_price,max_price,modal_price,date,district_name,diff_price
spinach,2014,September,600,200,400,300,2014-09-01,Solapur,200
spinach,2014,October,300,100,300,200,2014-10-01,Solapur,200
spinach,2014,December,600,200,450,300,2014-12-01,Solapur,250
spinach,2015,January,1200,100,200,150,2015-01-01,Solapur,100
spinach,2015,February,1200,100,300,200,2015-02-01,Solapur,200
spinach,2015,March,600,100,400,300,2015-03-01,Solapur,300
spinach,2015,April,1800,100,300,200,2015-04-01,Solapur,200
spinach,2015,May,600,300,500,400,2015-05-01,Solapur,200
spinach,2015,July,600,300,600,400,2015-07-01,Solapur,300
spinach,2015,August,5400,300,500,400,2015-08-01,Solapur,200
spinach,2015,September,600,300,500,400,2015-09-01,Solapur,200
spinach,2015,October,1800,200,400,300,2015-10-01,Solapur,200
spinach,2015,November,1200,200,400,300,2015-11-01,Solapur,200
spinach,2015,December,1800,200,400,300,2015-12-01,Solapur,200
spinach,2016,January,1200,150,300,200,2016-01-01,Solapur,150
spinach,2016,February,1100,150,300,200,2016-02-01,Solapur,150
spinach,2016,March,2700,225,425,325,2016-03-01,Solapur,200
spinach,2016,April,900,200,500,300,2016-04-01,Solapur,300
spinach,2016,May,2325,425,883,733,2016-05-01,Solapur,458
spinach,2016,July,300,110,180,150,2016-07-01,Solapur,70
spinach,2016,August,400,250,300,275,2016-08-01,Solapur,50
spinach,2016,September,1050,363,750,525,2016-09-01,Solapur,387
spinach,2016,October,450,475,600,525,2016-10-01,Solapur,125
spinach,2016,November,300,500,1000,700,2016-11-01,Solapur,500
