Commodity,Year,Month,arrivals_in_qtl,min_price,max_price,modal_price,date,district_name,diff_price
tamarind seed,2015,February,239,1751,1772,1761,2015-02-01,Solapur,21
tamarind seed,2015,March,1369,1529,1549,1534,2015-03-01,Solapur,20
tamarind seed,2015,April,1041,1457,1703,1527,2015-04-01,Solapur,246
tamarind seed,2015,May,2088,1753,1772,1766,2015-05-01,Solapur,19
tamarind seed,2015,June,627,1755,1779,1760,2015-06-01,Solapur,24
tamarind seed,2015,July,112,1711,1779,1714,2015-07-01,Solapur,68
tamarind seed,2015,August,21,1693,1787,1693,2015-08-01,Solapur,94
tamarind seed,2015,September,2,1100,1100,1100,2015-09-01,Solapur,0
tamarind seed,2016,January,11,1813,1813,1813,2016-01-01,Solapur,0
tamarind seed,2016,February,343,1739,1750,1745,2016-02-01,Solapur,11
tamarind seed,2016,March,3103,1834,1847,1841,2016-03-01,Solapur,13
tamarind seed,2016,April,559,1854,1870,1864,2016-04-01,Solapur,16
tamarind seed,2016,May,314,1856,1869,1858,2016-05-01,Solapur,13
tamarind seed,2016,June,365,1789,1789,1789,2016-06-01,Solapur,0
tamarind seed,2016,July,163,1800,1800,1800,2016-07-01,Solapur,0
