Commodity,Year,Month,arrivals_in_qtl,min_price,max_price,modal_price,date,district_name,diff_price
bajri,2014,September,7,1300,1600,1500,2014-09-01,Solapur,300
bajri,2014,October,7,1611,1750,1611,2014-10-01,Solapur,139
bajri,2014,November,296,1405,1492,1444,2014-11-01,Solapur,87
bajri,2014,December,191,1416,1540,1465,2014-12-01,Solapur,124
bajri,2015,January,215,1393,1589,1425,2015-01-01,Solapur,196
bajri,2015,February,52,1400,1414,1404,2015-02-01,Solapur,14
bajri,2015,March,3,1500,1525,1525,2015-03-01,Solapur,25
bajri,2015,April,9,1250,1250,1250,2015-04-01,Solapur,0
bajri,2015,May,6,1425,1425,1425,2015-05-01,Solapur,0
bajri,2015,June,119,1348,1348,1348,2015-06-01,Solapur,0
bajri,2015,July,20,1329,1363,1329,2015-07-01,Solapur,34
bajri,2015,August,4,1426,1576,1451,2015-08-01,Solapur,150
bajri,2015,September,2,1551,1551,1551,2015-09-01,Solapur,0
bajri,2015,October,9,1488,1496,1488,2015-10-01,Solapur,8
bajri,2015,November,28,1573,1573,1573,2015-11-01,Solapur,0
bajri,2015,December,279,1655,1729,1679,2015-12-01,Solapur,74
bajri,2016,January,148,1581,1659,1630,2016-01-01,Solapur,78
bajri,2016,February,19,1578,1578,1578,2016-02-01,Solapur,0
bajri,2016,March,42,1560,1585,1570,2016-03-01,Solapur,25
bajri,2016,April,16,1760,1760,1760,2016-04-01,Solapur,0
bajri,2016,May,5,1900,1900,1900,2016-05-01,Solapur,0
bajri,2016,June,53,1798,1820,1820,2016-06-01,Solapur,22
bajri,2016,July,106,1764,1818,1797,2016-07-01,Solapur,54
bajri,2016,August,28,1725,1725,1725,2016-08-01,Solapur,0
bajri,2016,September,381,1451,1567,1507,2016-09-01,Solapur,116
bajri,2016,October,812,1232,1388,1314,2016-10-01,Solapur,156
bajri,2016,November,144,1181,1289,1237,2016-11-01,Solapur,108
