Commodity,Year,Month,arrivals_in_qtl,min_price,max_price,modal_price,date,district_name,diff_price
sesamum,2014,October,2,1075,10500,10500,2014-10-01,Solapur,9425
sesamum,2014,November,2,8500,8500,8500,2014-11-01,Solapur,0
sesamum,2014,December,19,8350,8350,8350,2014-12-01,Solapur,0
sesamum,2015,January,4,11000,11000,11000,2015-01-01,Solapur,0
sesamum,2015,October,1,9200,9200,9200,2015-10-01,Solapur,0
sesamum,2016,June,1,6101,6101,6101,2016-06-01,Solapur,0
sesamum,2016,July,1,5700,5700,5700,2016-07-01,Solapur,0
