Commodity,Year,Month,arrivals_in_qtl,min_price,max_price,modal_price,date,district_name,diff_price
soybean,2014,September,55,3067,3193,3185,2014-09-01,Solapur,126
soybean,2014,October,353,2838,3157,3105,2014-10-01,Solapur,319
soybean,2014,November,79,2650,3263,3176,2014-11-01,Solapur,613
soybean,2014,December,59,3280,3344,3344,2014-12-01,Solapur,64
soybean,2015,January,78,3190,3271,3228,2015-01-01,Solapur,81
soybean,2015,May,9,3800,3800,3800,2015-05-01,Solapur,0
soybean,2015,July,11,3567,3567,3567,2015-07-01,Solapur,0
soybean,2015,August,20,3347,3363,3355,2015-08-01,Solapur,16
soybean,2015,September,149,3286,3368,3332,2015-09-01,Solapur,82
soybean,2015,October,803,3726,3848,3816,2015-10-01,Solapur,122
soybean,2015,November,585,3558,3736,3699,2015-11-01,Solapur,178
soybean,2015,December,220,3534,3670,3580,2015-12-01,Solapur,136
soybean,2016,January,160,3528,3694,3681,2016-01-01,Solapur,166
soybean,2016,February,66,3531,3688,3612,2016-02-01,Solapur,157
soybean,2016,March,53,3634,3709,3709,2016-03-01,Solapur,75
soybean,2016,April,70,3963,3985,3966,2016-04-01,Solapur,22
soybean,2016,May,4,3750,3750,3750,2016-05-01,Solapur,0
soybean,2016,June,127,3814,3875,3863,2016-06-01,Solapur,61
soybean,2016,July,114,3525,3694,3620,2016-07-01,Solapur,169
soybean,2016,August,28,3516,3546,3516,2016-08-01,Solapur,30
soybean,2016,September,107,2998,3239,3149,2016-09-01,Solapur,241
soybean,2016,October,3227,1968,2621,2368,2016-10-01,Solapur,653
