Commodity,Year,Month,arrivals_in_qtl,min_price,max_price,modal_price,date,district_name,diff_price
green gram,2014,September,538,4851,6213,5911,2014-09-01,Solapur,1362
green gram,2014,October,767,5212,6365,6017,2014-10-01,Solapur,1153
green gram,2014,November,146,5252,5975,5864,2014-11-01,Solapur,723
green gram,2015,January,2,5000,5000,5000,2015-01-01,Solapur,0
green gram,2015,July,18,5434,5434,5434,2015-07-01,Solapur,0
green gram,2015,September,6,8001,8001,8001,2015-09-01,Solapur,0
green gram,2015,October,7,8800,8800,8800,2015-10-01,Solapur,0
green gram,2015,November,10,7900,7900,7900,2015-11-01,Solapur,0
green gram,2016,January,1,5001,5001,5001,2016-01-01,Solapur,0
green gram,2016,August,288,4263,4610,4489,2016-08-01,Solapur,347
green gram,2016,September,779,4174,4822,4612,2016-09-01,Solapur,648
green gram,2016,October,287,4174,4607,4441,2016-10-01,Solapur,433
