Commodity,Year,Month,arrivals_in_qtl,min_price,max_price,modal_price,date,district_name,diff_price
brinjal,2014,September,144,150,275,225,2014-09-01,Solapur,125
brinjal,2014,October,102,150,258,206,2014-10-01,Solapur,108
brinjal,2014,November,17,183,383,275,2014-11-01,Solapur,200
brinjal,2014,December,91,128,289,218,2014-12-01,Solapur,161
brinjal,2015,January,135,88,202,154,2015-01-01,Solapur,114
brinjal,2015,February,135,55,136,98,2015-02-01,Solapur,81
brinjal,2015,March,144,20,88,67,2015-03-01,Solapur,68
brinjal,2015,April,132,30,51,41,2015-04-01,Solapur,21
brinjal,2015,May,60,94,233,187,2015-05-01,Solapur,139
brinjal,2015,June,84,146,241,193,2015-06-01,Solapur,95
brinjal,2015,July,135,100,150,119,2015-07-01,Solapur,50
brinjal,2015,August,144,145,243,194,2015-08-01,Solapur,98
brinjal,2015,September,102,128,228,178,2015-09-01,Solapur,100
brinjal,2015,October,99,79,177,129,2015-10-01,Solapur,98
brinjal,2015,November,78,150,200,180,2015-11-01,Solapur,50
brinjal,2015,December,119,123,269,208,2015-12-01,Solapur,146
brinjal,2016,January,119,109,275,194,2016-01-01,Solapur,166
brinjal,2016,February,105,73,125,94,2016-02-01,Solapur,52
brinjal,2016,March,123,88,176,140,2016-03-01,Solapur,88
brinjal,2016,April,39,100,200,150,2016-04-01,Solapur,100
brinjal,2016,May,153,190,502,348,2016-05-01,Solapur,312
brinjal,2016,June,82,238,494,368,2016-06-01,Solapur,256
brinjal,2016,July,106,813,1455,1131,2016-07-01,Solapur,642
brinjal,2016,August,149,1827,2938,2446,2016-08-01,Solapur,1111
brinjal,2016,September,190,1317,2157,1826,2016-09-01,Solapur,840
brinjal,2016,October,91,2416,4163,3574,2016-10-01,Solapur,1747
brinjal,2016,November,59,1044,1622,1356,2016-11-01,Solapur,578
