Commodity,Year,Month,arrivals_in_qtl,min_price,max_price,modal_price,date,district_name,diff_price
kanda pat,2014,December,1200,233,433,333,2014-12-01,Solapur,200
kanda pat,2015,January,1710,200,375,275,2015-01-01,Solapur,175
kanda pat,2015,February,600,300,600,400,2015-02-01,Solapur,300
kanda pat,2015,March,1800,300,500,400,2015-03-01,Solapur,200
kanda pat,2015,April,1200,200,400,300,2015-04-01,Solapur,200
kanda pat,2015,May,1200,300,500,400,2015-05-01,Solapur,200
kanda pat,2015,June,900,400,700,500,2015-06-01,Solapur,300
kanda pat,2015,August,2700,400,700,533,2015-08-01,Solapur,300
kanda pat,2015,September,2400,433,867,633,2015-09-01,Solapur,434
kanda pat,2015,December,1800,167,467,300,2015-12-01,Solapur,300
kanda pat,2016,February,3000,260,460,300,2016-02-01,Solapur,200
kanda pat,2016,March,1200,300,500,350,2016-03-01,Solapur,200
kanda pat,2016,April,1800,300,500,400,2016-04-01,Solapur,200
kanda pat,2016,May,300,500,800,600,2016-05-01,Solapur,300
kanda pat,2016,June,1600,417,783,500,2016-06-01,Solapur,366
kanda pat,2016,July,700,300,500,400,2016-07-01,Solapur,200
