Commodity,Year,Month,arrivals_in_qtl,min_price,max_price,modal_price,date,district_name,diff_price
other pulses,2014,September,6,2200,2200,2200,2014-09-01,Solapur,0
other pulses,2014,October,3,2625,2625,2625,2014-10-01,Solapur,0
other pulses,2014,November,25,2794,2810,2802,2014-11-01,Solapur,16
other pulses,2014,December,38,2571,2957,2864,2014-12-01,Solapur,386
other pulses,2015,January,3,2841,2841,2841,2015-01-01,Solapur,0
other pulses,2015,February,6,2607,2607,2607,2015-02-01,Solapur,0
other pulses,2015,March,4,3100,3100,3100,2015-03-01,Solapur,0
other pulses,2015,April,1,3000,3000,3000,2015-04-01,Solapur,0
other pulses,2015,June,3,1975,1975,1975,2015-06-01,Solapur,0
other pulses,2015,July,3,3600,3600,3600,2015-07-01,Solapur,0
other pulses,2015,August,6,3500,3500,3500,2015-08-01,Solapur,0
other pulses,2015,September,2,2700,2700,2700,2015-09-01,Solapur,0
other pulses,2015,October,1,4000,4000,4000,2015-10-01,Solapur,0
other pulses,2015,November,3,1850,1850,1850,2015-11-01,Solapur,0
other pulses,2015,December,18,3060,3060,3060,2015-12-01,Solapur,0
other pulses,2016,January,1,3100,3100,3100,2016-01-01,Solapur,0
other pulses,2016,April,6,2550,2550,2550,2016-04-01,Solapur,0
other pulses,2016,May,4,2375,2375,2375,2016-05-01,Solapur,0
other pulses,2016,June,5,3400,3400,3400,2016-06-01,Solapur,0
other pulses,2016,August,4,2500,2500,2500,2016-08-01,Solapur,0
other pulses,2016,September,3,3200,3200,3200,2016-09-01,Solapur,0
other pulses,2016,October,1,2000,2000,2000,2016-10-01,Solapur,0
