Commodity,Year,Month,arrivals_in_qtl,min_price,max_price,modal_price,date,district_name,diff_price
safflower,2014,November,4,2331,2331,2331,2014-11-01,Solapur,0
safflower,2015,July,3,3000,3000,3000,2015-07-01,Solapur,0
safflower,2016,January,1,2310,2310,2310,2016-01-01,Solapur,0
safflower,2016,February,1,2425,2425,2425,2016-02-01,Solapur,0
safflower,2016,March,4,2345,2345,2345,2016-03-01,Solapur,0
safflower,2016,April,2,2400,2400,2400,2016-04-01,Solapur,0
safflower,2016,June,1,2311,2311,2311,2016-06-01,Solapur,0
safflower,2016,July,1,2450,2450,2450,2016-07-01,Solapur,0
safflower,2016,October,1,2000,2000,2000,2016-10-01,Solapur,0
