Commodity,Year,Month,arrivals_in_qtl,min_price,max_price,modal_price,date,district_name,diff_price
pigeon pea (tur),2014,September,25,3975,3975,3975,2014-09-01,Solapur,0
pigeon pea (tur),2014,October,1,3801,3801,3801,2014-10-01,Solapur,0
pigeon pea (tur),2014,November,4,4400,4400,4400,2014-11-01,Solapur,0
pigeon pea (tur),2014,December,891,4702,4930,4887,2014-12-01,Solapur,228
pigeon pea (tur),2015,January,2450,4856,5288,5188,2015-01-01,Solapur,432
pigeon pea (tur),2015,February,1349,4630,5252,5075,2015-02-01,Solapur,622
pigeon pea (tur),2015,March,41,4960,5079,5066,2015-03-01,Solapur,119
pigeon pea (tur),2015,April,26,5000,6400,6051,2015-04-01,Solapur,1400
pigeon pea (tur),2015,June,4,7000,7000,7000,2015-06-01,Solapur,0
pigeon pea (tur),2015,July,14,6117,6117,6117,2015-07-01,Solapur,0
pigeon pea (tur),2015,September,1,6300,6300,6300,2015-09-01,Solapur,0
pigeon pea (tur),2015,December,570,8178,9262,9006,2015-12-01,Solapur,1084
pigeon pea (tur),2016,January,1838,7311,8676,8254,2016-01-01,Solapur,1365
pigeon pea (tur),2016,February,530,6330,7474,7076,2016-02-01,Solapur,1144
pigeon pea (tur),2016,March,253,6336,7363,7156,2016-03-01,Solapur,1027
pigeon pea (tur),2016,April,110,7505,8367,8117,2016-04-01,Solapur,862
pigeon pea (tur),2016,May,33,7133,7567,7567,2016-05-01,Solapur,434
pigeon pea (tur),2016,June,195,8396,8629,8568,2016-06-01,Solapur,233
pigeon pea (tur),2016,July,12,6238,6238,6238,2016-07-01,Solapur,0
pigeon pea (tur),2016,October,3,4301,4301,4301,2016-10-01,Solapur,0
