Commodity,Year,Month,arrivals_in_qtl,min_price,max_price,modal_price,date,district_name,diff_price
mosambi,2014,October,700,400,600,500,2014-10-01,Solapur,200
mosambi,2014,November,200,300,600,450,2014-11-01,Solapur,300
mosambi,2014,December,300,500,800,650,2014-12-01,Solapur,300
mosambi,2015,January,150,300,600,500,2015-01-01,Solapur,300
mosambi,2015,February,450,300,600,400,2015-02-01,Solapur,300
mosambi,2015,March,200,200,400,300,2015-03-01,Solapur,200
mosambi,2015,April,150,400,600,500,2015-04-01,Solapur,200
mosambi,2015,August,400,300,475,400,2015-08-01,Solapur,175
mosambi,2015,October,450,225,350,275,2015-10-01,Solapur,125
mosambi,2015,November,28,220,480,360,2015-11-01,Solapur,260
mosambi,2016,January,39,210,370,300,2016-01-01,Solapur,160
mosambi,2016,March,300,350,550,450,2016-03-01,Solapur,200
mosambi,2016,September,2904,250,365,295,2016-09-01,Solapur,115
