Commodity,Year,Month,arrivals_in_qtl,min_price,max_price,modal_price,date,district_name,diff_price
ground nut pods (dry),2014,September,745,2902,3562,3382,2014-09-01,Solapur,660
ground nut pods (dry),2014,October,85,3171,3320,3181,2014-10-01,Solapur,149
ground nut pods (dry),2014,November,239,3195,3639,3401,2014-11-01,Solapur,444
ground nut pods (dry),2014,December,112,3150,3919,3517,2014-12-01,Solapur,769
ground nut pods (dry),2015,February,30,4275,4775,4525,2015-02-01,Solapur,500
ground nut pods (dry),2015,March,82,4520,4980,4930,2015-03-01,Solapur,460
ground nut pods (dry),2015,April,150,4300,4350,4336,2015-04-01,Solapur,50
ground nut pods (dry),2015,May,137,3970,4010,3990,2015-05-01,Solapur,40
ground nut pods (dry),2015,June,4699,4303,4582,4491,2015-06-01,Solapur,279
ground nut pods (dry),2015,July,794,3681,4932,4739,2015-07-01,Solapur,1251
ground nut pods (dry),2015,August,86,3683,5030,4745,2015-08-01,Solapur,1347
ground nut pods (dry),2015,September,345,3977,4670,4453,2015-09-01,Solapur,693
ground nut pods (dry),2015,October,178,4564,4847,4777,2015-10-01,Solapur,283
ground nut pods (dry),2015,November,81,4550,4793,4750,2015-11-01,Solapur,243
ground nut pods (dry),2015,December,46,4851,4921,4851,2015-12-01,Solapur,70
ground nut pods (dry),2016,January,24,4435,4435,4435,2016-01-01,Solapur,0
ground nut pods (dry),2016,February,5,5600,5600,5600,2016-02-01,Solapur,0
ground nut pods (dry),2016,March,19,5067,5067,5067,2016-03-01,Solapur,0
ground nut pods (dry),2016,April,23,5650,5650,5650,2016-04-01,Solapur,0
ground nut pods (dry),2016,May,48,5459,5525,5525,2016-05-01,Solapur,66
ground nut pods (dry),2016,June,117,3845,5605,4893,2016-06-01,Solapur,1760
ground nut pods (dry),2016,July,48,5159,5659,5425,2016-07-01,Solapur,500
ground nut pods (dry),2016,August,42,7175,7825,7738,2016-08-01,Solapur,650
ground nut pods (dry),2016,September,28,5477,5544,5544,2016-09-01,Solapur,67
ground nut pods (dry),2016,October,7,3800,3800,3800,2016-10-01,Solapur,0
