Commodity,Year,Month,arrivals_in_qtl,min_price,max_price,modal_price,date,district_name,diff_price
capsicum,2014,September,126,99,169,139,2014-09-01,Solapur,70
capsicum,2014,October,80,95,199,150,2014-10-01,Solapur,104
capsicum,2014,November,16,158,217,173,2014-11-01,Solapur,59
capsicum,2014,December,85,125,231,181,2014-12-01,Solapur,106
capsicum,2015,January,87,115,225,175,2015-01-01,Solapur,110
capsicum,2015,February,108,150,250,200,2015-02-01,Solapur,100
capsicum,2015,March,153,248,415,348,2015-03-01,Solapur,167
capsicum,2015,April,126,150,250,200,2015-04-01,Solapur,100
capsicum,2015,May,54,105,205,155,2015-05-01,Solapur,100
capsicum,2015,June,81,150,204,154,2015-06-01,Solapur,54
capsicum,2015,July,129,150,250,200,2015-07-01,Solapur,100
capsicum,2015,August,135,800,1392,1192,2015-08-01,Solapur,592
capsicum,2015,September,96,682,1235,1035,2015-09-01,Solapur,553
capsicum,2015,October,102,467,978,778,2015-10-01,Solapur,511
capsicum,2015,November,75,100,150,129,2015-11-01,Solapur,50
capsicum,2015,December,90,121,197,162,2015-12-01,Solapur,76
capsicum,2016,January,73,133,233,183,2016-01-01,Solapur,100
capsicum,2016,February,61,136,228,182,2016-02-01,Solapur,92
capsicum,2016,March,82,175,317,252,2016-03-01,Solapur,142
capsicum,2016,April,27,200,400,300,2016-04-01,Solapur,200
capsicum,2016,May,63,547,905,713,2016-05-01,Solapur,358
capsicum,2016,June,55,557,939,750,2016-06-01,Solapur,382
capsicum,2016,July,69,2228,3569,3000,2016-07-01,Solapur,1341
capsicum,2016,August,120,1718,2316,2030,2016-08-01,Solapur,598
capsicum,2016,September,195,659,1000,833,2016-09-01,Solapur,341
capsicum,2016,October,158,543,1030,765,2016-10-01,Solapur,487
capsicum,2016,November,66,872,1300,1056,2016-11-01,Solapur,428
