Commodity,Year,Month,arrivals_in_qtl,min_price,max_price,modal_price,date,district_name,diff_price
jaggery,2014,December,307,1900,2341,2000,2014-12-01,Solapur,441
jaggery,2015,January,977,2221,2285,2243,2015-01-01,Solapur,64
jaggery,2015,February,2259,2091,2226,2147,2015-02-01,Solapur,135
jaggery,2015,May,8,2280,2280,2280,2015-05-01,Solapur,0
jaggery,2015,June,100,2350,2350,2350,2015-06-01,Solapur,0
jaggery,2015,July,46,2150,2150,2150,2015-07-01,Solapur,0
jaggery,2015,December,5,2100,2100,2100,2015-12-01,Solapur,0
