Commodity,Year,Month,arrivals_in_qtl,min_price,max_price,modal_price,date,district_name,diff_price
black gram,2014,September,853,4956,6276,5794,2014-09-01,Solapur,1320
black gram,2014,October,3088,4088,5265,4823,2014-10-01,Solapur,1177
black gram,2014,November,1218,4214,5457,5160,2014-11-01,Solapur,1243
black gram,2014,December,317,4750,5414,5142,2014-12-01,Solapur,664
black gram,2015,January,80,5141,5350,5297,2015-01-01,Solapur,209
black gram,2015,February,81,4296,4981,4704,2015-02-01,Solapur,685
black gram,2015,March,11,4875,4875,4875,2015-03-01,Solapur,0
black gram,2015,April,38,5167,5834,5167,2015-04-01,Solapur,667
black gram,2015,May,39,8086,8121,8086,2015-05-01,Solapur,35
black gram,2015,June,79,7428,7966,7585,2015-06-01,Solapur,538
black gram,2015,July,68,6095,6892,6345,2015-07-01,Solapur,797
black gram,2015,August,145,6364,7791,7072,2015-08-01,Solapur,1427
black gram,2015,September,860,7852,9037,8601,2015-09-01,Solapur,1185
black gram,2015,October,496,8650,11505,10018,2015-10-01,Solapur,2855
black gram,2015,November,300,7635,10065,9094,2015-11-01,Solapur,2430
black gram,2015,December,83,8408,9125,8683,2015-12-01,Solapur,717
black gram,2016,January,54,6508,6808,6525,2016-01-01,Solapur,300
black gram,2016,February,23,8967,8967,8967,2016-02-01,Solapur,0
black gram,2016,March,1,5500,5500,5500,2016-03-01,Solapur,0
black gram,2016,April,119,9443,10072,9672,2016-04-01,Solapur,629
black gram,2016,May,169,10763,11095,10993,2016-05-01,Solapur,332
black gram,2016,June,204,10873,11589,11507,2016-06-01,Solapur,716
black gram,2016,July,16,7542,7767,7700,2016-07-01,Solapur,225
black gram,2016,August,3369,6929,7582,7375,2016-08-01,Solapur,653
black gram,2016,September,27826,6256,7158,6864,2016-09-01,Solapur,902
black gram,2016,October,11201,3961,7413,6295,2016-10-01,Solapur,3452
black gram,2016,November,755,3267,6822,6189,2016-11-01,Solapur,3555
