Commodity,Year,Month,arrivals_in_qtl,min_price,max_price,modal_price,date,district_name,diff_price
maize,2014,September,112,1300,1370,1322,2014-09-01,Solapur,70
maize,2014,October,100,1126,1182,1156,2014-10-01,Solapur,56
maize,2014,November,2764,1052,1201,1138,2014-11-01,Solapur,149
maize,2014,December,8529,1047,1148,1109,2014-12-01,Solapur,101
maize,2015,January,3432,1090,1232,1167,2015-01-01,Solapur,142
maize,2015,February,2640,1108,1191,1160,2015-02-01,Solapur,83
maize,2015,March,1111,1197,1285,1249,2015-03-01,Solapur,88
maize,2015,April,914,1227,1384,1303,2015-04-01,Solapur,157
maize,2015,May,1462,1218,1288,1255,2015-05-01,Solapur,70
maize,2015,June,563,1240,1323,1277,2015-06-01,Solapur,83
maize,2015,July,316,1394,1462,1425,2015-07-01,Solapur,68
maize,2015,August,187,1464,1512,1466,2015-08-01,Solapur,48
maize,2015,September,92,1547,1607,1575,2015-09-01,Solapur,60
maize,2015,October,380,1314,1461,1411,2015-10-01,Solapur,147
maize,2015,November,668,1360,1498,1446,2015-11-01,Solapur,138
maize,2015,December,576,1418,1566,1483,2015-12-01,Solapur,148
maize,2016,January,594,1412,1485,1446,2016-01-01,Solapur,73
maize,2016,February,455,1403,1442,1417,2016-02-01,Solapur,39
maize,2016,March,696,1444,1534,1495,2016-03-01,Solapur,90
maize,2016,April,423,1417,1485,1429,2016-04-01,Solapur,68
maize,2016,May,296,1487,1532,1517,2016-05-01,Solapur,45
maize,2016,June,276,1592,1661,1634,2016-06-01,Solapur,69
maize,2016,July,111,1705,1807,1768,2016-07-01,Solapur,102
maize,2016,August,125,1723,1773,1750,2016-08-01,Solapur,50
maize,2016,September,231,1721,1881,1806,2016-09-01,Solapur,160
maize,2016,October,2712,1287,1518,1410,2016-10-01,Solapur,231
maize,2016,November,4123,1081,1266,1220,2016-11-01,Solapur,185
