Commodity,Year,Month,arrivals_in_qtl,min_price,max_price,modal_price,date,district_name,diff_price
green chilli,2014,September,143,136,239,192,2014-09-01,Solapur,103
green chilli,2014,October,79,150,297,248,2014-10-01,Solapur,147
green chilli,2014,November,17,167,275,217,2014-11-01,Solapur,108
green chilli,2014,December,85,126,260,192,2014-12-01,Solapur,134
green chilli,2015,January,105,185,325,260,2015-01-01,Solapur,140
green chilli,2015,February,132,200,323,273,2015-02-01,Solapur,123
green chilli,2015,March,153,217,337,269,2015-03-01,Solapur,120
green chilli,2015,April,135,150,250,200,2015-04-01,Solapur,100
green chilli,2015,May,51,195,386,291,2015-05-01,Solapur,191
green chilli,2015,June,81,200,354,304,2015-06-01,Solapur,154
green chilli,2015,July,138,200,396,348,2015-07-01,Solapur,196
green chilli,2015,August,132,150,298,248,2015-08-01,Solapur,148
green chilli,2015,September,99,138,274,224,2015-09-01,Solapur,136
green chilli,2015,October,96,100,200,150,2015-10-01,Solapur,100
green chilli,2015,November,71,130,200,161,2015-11-01,Solapur,70
green chilli,2015,December,103,113,223,177,2015-12-01,Solapur,110
green chilli,2016,January,102,100,250,200,2016-01-01,Solapur,150
green chilli,2016,February,88,278,463,330,2016-02-01,Solapur,185
green chilli,2016,March,106,352,544,462,2016-03-01,Solapur,192
green chilli,2016,April,33,400,600,500,2016-04-01,Solapur,200
green chilli,2016,May,162,1459,2150,1811,2016-05-01,Solapur,691
green chilli,2016,June,50,918,1486,1186,2016-06-01,Solapur,568
green chilli,2016,July,138,3055,5190,3990,2016-07-01,Solapur,2135
green chilli,2016,August,192,2178,3009,2643,2016-08-01,Solapur,831
green chilli,2016,September,243,665,1158,919,2016-09-01,Solapur,493
green chilli,2016,October,201,500,1031,751,2016-10-01,Solapur,531
green chilli,2016,November,90,944,1611,1267,2016-11-01,Solapur,667
