Commodity,Year,Month,arrivals_in_qtl,min_price,max_price,modal_price,date,district_name,diff_price
cluster bean,2014,September,69,142,261,213,2014-09-01,Solapur,119
cluster bean,2014,October,48,122,225,178,2014-10-01,Solapur,103
cluster bean,2014,November,12,150,300,250,2014-11-01,Solapur,150
cluster bean,2014,December,72,248,450,378,2014-12-01,Solapur,202
cluster bean,2015,January,83,200,433,342,2015-01-01,Solapur,233
cluster bean,2015,February,33,350,500,400,2015-02-01,Solapur,150
cluster bean,2015,March,51,400,500,450,2015-03-01,Solapur,100
cluster bean,2015,April,100,97,242,193,2015-04-01,Solapur,145
cluster bean,2015,May,39,100,205,155,2015-05-01,Solapur,105
cluster bean,2015,June,81,104,254,204,2015-06-01,Solapur,150
cluster bean,2015,July,132,150,300,250,2015-07-01,Solapur,150
cluster bean,2015,August,78,150,300,200,2015-08-01,Solapur,150
cluster bean,2015,September,51,162,312,224,2015-09-01,Solapur,150
cluster bean,2015,October,60,144,239,200,2015-10-01,Solapur,95
cluster bean,2015,November,73,250,350,300,2015-11-01,Solapur,100
cluster bean,2015,December,88,254,443,324,2015-12-01,Solapur,189
cluster bean,2016,January,48,300,600,400,2016-01-01,Solapur,300
cluster bean,2016,February,45,268,457,350,2016-02-01,Solapur,189
cluster bean,2016,March,78,222,381,308,2016-03-01,Solapur,159
cluster bean,2016,April,30,200,400,300,2016-04-01,Solapur,200
cluster bean,2016,May,82,416,727,564,2016-05-01,Solapur,311
cluster bean,2016,June,41,509,923,746,2016-06-01,Solapur,414
cluster bean,2016,July,51,1763,2875,2331,2016-07-01,Solapur,1112
cluster bean,2016,August,61,1848,2257,2070,2016-08-01,Solapur,409
cluster bean,2016,September,84,1548,2252,1954,2016-09-01,Solapur,704
cluster bean,2016,October,57,3095,4821,4021,2016-10-01,Solapur,1726
cluster bean,2016,November,173,2150,3388,2775,2016-11-01,Solapur,1238
