Commodity,Year,Month,arrivals_in_qtl,min_price,max_price,modal_price,date,district_name,diff_price
soybean,2014,October,427,2970,3152,3045,2014-10-01,Solapur,182
soybean,2014,November,4587,3105,3338,3236,2014-11-01,Solapur,233
soybean,2014,December,669,3125,3350,3271,2014-12-01,Solapur,225
soybean,2015,January,42,3300,3300,3300,2015-01-01,Solapur,0
soybean,2016,June,56,3800,3851,3851,2016-06-01,Solapur,51
soybean,2016,October,5631,1826,2751,2269,2016-10-01,Solapur,925
soybean,2016,November,1447,2329,2691,2629,2016-11-01,Solapur,362
