Commodity,Year,Month,arrivals_in_qtl,min_price,max_price,modal_price,date,district_name,diff_price
wheat(husked),2014,September,1162,1510,1736,1585,2014-09-01,Solapur,226
wheat(husked),2014,October,316,1521,1712,1596,2014-10-01,Solapur,191
wheat(husked),2014,November,459,1437,1694,1505,2014-11-01,Solapur,257
wheat(husked),2014,December,807,1351,1756,1572,2014-12-01,Solapur,405
wheat(husked),2015,January,652,1422,1941,1582,2015-01-01,Solapur,519
wheat(husked),2015,February,610,1415,1876,1595,2015-02-01,Solapur,461
wheat(husked),2015,March,719,1487,2114,1777,2015-03-01,Solapur,627
wheat(husked),2015,April,344,1649,2443,1911,2015-04-01,Solapur,794
wheat(husked),2015,May,811,1417,2190,1824,2015-05-01,Solapur,773
wheat(husked),2015,June,937,1474,2144,1849,2015-06-01,Solapur,670
wheat(husked),2015,July,591,1433,2300,1704,2015-07-01,Solapur,867
wheat(husked),2015,August,473,1480,2188,1807,2015-08-01,Solapur,708
wheat(husked),2015,September,551,1469,2171,1773,2015-09-01,Solapur,702
wheat(husked),2015,October,964,1452,1957,1588,2015-10-01,Solapur,505
wheat(husked),2015,November,701,1615,1889,1676,2015-11-01,Solapur,274
wheat(husked),2015,December,540,1500,2011,1649,2015-12-01,Solapur,511
wheat(husked),2016,January,704,1715,2101,1912,2016-01-01,Solapur,386
wheat(husked),2016,February,283,1660,1877,1758,2016-02-01,Solapur,217
wheat(husked),2016,March,389,1715,1965,1821,2016-03-01,Solapur,250
wheat(husked),2016,April,341,1713,2680,1981,2016-04-01,Solapur,967
wheat(husked),2016,May,549,1595,2045,1931,2016-05-01,Solapur,450
wheat(husked),2016,June,499,1613,2096,1898,2016-06-01,Solapur,483
wheat(husked),2016,July,270,1753,2133,1883,2016-07-01,Solapur,380
wheat(husked),2016,August,705,1622,2206,1939,2016-08-01,Solapur,584
wheat(husked),2016,September,289,1834,2036,1943,2016-09-01,Solapur,202
wheat(husked),2016,October,526,1694,2191,2047,2016-10-01,Solapur,497
wheat(husked),2016,November,345,1901,2217,2073,2016-11-01,Solapur,316
