Commodity,Year,Month,arrivals_in_qtl,min_price,max_price,modal_price,date,district_name,diff_price
pigeon pea (tur),2014,September,884,3942,4341,4142,2014-09-01,Solapur,399
pigeon pea (tur),2014,October,87,3768,3984,3859,2014-10-01,Solapur,216
pigeon pea (tur),2014,November,1039,3923,4651,4143,2014-11-01,Solapur,728
pigeon pea (tur),2014,December,8228,4537,5237,4951,2014-12-01,Solapur,700
pigeon pea (tur),2015,January,29934,4703,5581,5276,2015-01-01,Solapur,878
pigeon pea (tur),2015,February,13361,4684,5722,5328,2015-02-01,Solapur,1038
pigeon pea (tur),2015,March,1227,5023,5581,5336,2015-03-01,Solapur,558
pigeon pea (tur),2015,April,500,5421,5902,5679,2015-04-01,Solapur,481
pigeon pea (tur),2015,May,539,5718,6478,6091,2015-05-01,Solapur,760
pigeon pea (tur),2015,June,308,5702,6501,6134,2015-06-01,Solapur,799
pigeon pea (tur),2015,July,323,5853,6610,6302,2015-07-01,Solapur,757
pigeon pea (tur),2015,August,592,6614,7508,7068,2015-08-01,Solapur,894
pigeon pea (tur),2015,September,198,7543,8165,7857,2015-09-01,Solapur,622
pigeon pea (tur),2015,October,95,7491,8162,7826,2015-10-01,Solapur,671
pigeon pea (tur),2015,November,90,7762,8347,8000,2015-11-01,Solapur,585
pigeon pea (tur),2015,December,6589,8656,9768,9230,2015-12-01,Solapur,1112
pigeon pea (tur),2016,January,15051,7535,8930,8343,2016-01-01,Solapur,1395
pigeon pea (tur),2016,February,5245,7111,8038,7655,2016-02-01,Solapur,927
pigeon pea (tur),2016,March,1378,7081,7748,7327,2016-03-01,Solapur,667
pigeon pea (tur),2016,April,2503,7847,8709,8304,2016-04-01,Solapur,862
pigeon pea (tur),2016,May,1565,7539,8357,8001,2016-05-01,Solapur,818
pigeon pea (tur),2016,June,1337,7405,8439,8055,2016-06-01,Solapur,1034
pigeon pea (tur),2016,July,197,7193,8054,7642,2016-07-01,Solapur,861
pigeon pea (tur),2016,August,716,5818,6690,6285,2016-08-01,Solapur,872
pigeon pea (tur),2016,September,723,5810,6237,6035,2016-09-01,Solapur,427
pigeon pea (tur),2016,October,326,5550,6072,5872,2016-10-01,Solapur,522
pigeon pea (tur),2016,November,22,5167,5200,5200,2016-11-01,Solapur,33
