Commodity,Year,Month,arrivals_in_qtl,min_price,max_price,modal_price,date,district_name,diff_price
cabbage,2014,September,123,41,76,57,2014-09-01,Solapur,35
cabbage,2014,October,72,33,59,46,2014-10-01,Solapur,26
cabbage,2014,November,17,30,55,45,2014-11-01,Solapur,25
cabbage,2014,December,89,28,62,44,2014-12-01,Solapur,34
cabbage,2015,January,81,50,113,88,2015-01-01,Solapur,63
cabbage,2015,February,138,50,100,70,2015-02-01,Solapur,50
cabbage,2015,March,146,27,69,43,2015-03-01,Solapur,42
cabbage,2015,April,135,20,30,20,2015-04-01,Solapur,10
cabbage,2015,May,57,47,94,75,2015-05-01,Solapur,47
cabbage,2015,June,81,50,80,60,2015-06-01,Solapur,30
cabbage,2015,July,132,50,87,66,2015-07-01,Solapur,37
cabbage,2015,August,132,30,60,50,2015-08-01,Solapur,30
cabbage,2015,September,102,28,58,45,2015-09-01,Solapur,30
cabbage,2015,October,102,26,67,47,2015-10-01,Solapur,41
cabbage,2015,November,81,38,70,50,2015-11-01,Solapur,32
cabbage,2015,December,100,44,105,77,2015-12-01,Solapur,61
cabbage,2016,January,110,47,115,84,2016-01-01,Solapur,68
cabbage,2016,February,72,38,83,56,2016-02-01,Solapur,45
cabbage,2016,March,122,47,87,63,2016-03-01,Solapur,40
cabbage,2016,April,30,50,100,70,2016-04-01,Solapur,50
cabbage,2016,May,105,173,333,248,2016-05-01,Solapur,160
cabbage,2016,June,66,429,888,696,2016-06-01,Solapur,459
cabbage,2016,July,124,872,1486,1168,2016-07-01,Solapur,614
cabbage,2016,August,179,685,1010,828,2016-08-01,Solapur,325
cabbage,2016,September,246,510,800,643,2016-09-01,Solapur,290
cabbage,2016,October,184,355,632,498,2016-10-01,Solapur,277
cabbage,2016,November,79,444,675,538,2016-11-01,Solapur,231
