Commodity,Year,Month,arrivals_in_qtl,min_price,max_price,modal_price,date,district_name,diff_price
safflower,2015,March,3,2525,2525,2525,2015-03-01,Solapur,0
safflower,2015,October,15,2756,2756,2756,2015-10-01,Solapur,0
safflower,2015,November,3,2775,2775,2775,2015-11-01,Solapur,0
safflower,2016,January,31,2600,2750,2600,2016-01-01,Solapur,150
safflower,2016,April,8,2550,2550,2550,2016-04-01,Solapur,0
safflower,2016,May,11,2825,2825,2825,2016-05-01,Solapur,0
safflower,2016,June,26,2925,2925,2925,2016-06-01,Solapur,0
safflower,2016,October,2,2600,2600,2600,2016-10-01,Solapur,0
