Commodity,Year,Month,arrivals_in_qtl,min_price,max_price,modal_price,date,district_name,diff_price
paddy-unhusked,2014,September,257,1494,1663,1632,2014-09-01,Solapur,169
paddy-unhusked,2014,October,79,1366,1500,1416,2014-10-01,Solapur,134
paddy-unhusked,2014,November,84,1342,1581,1435,2014-11-01,Solapur,239
paddy-unhusked,2014,December,346,1270,1407,1360,2014-12-01,Solapur,137
paddy-unhusked,2015,January,235,1344,1479,1385,2015-01-01,Solapur,135
paddy-unhusked,2015,February,46,1441,1500,1441,2015-02-01,Solapur,59
paddy-unhusked,2015,March,90,1394,1494,1405,2015-03-01,Solapur,100
paddy-unhusked,2015,April,62,1483,1525,1483,2015-04-01,Solapur,42
paddy-unhusked,2015,May,17,1327,1492,1383,2015-05-01,Solapur,165
paddy-unhusked,2015,June,104,1433,1544,1501,2015-06-01,Solapur,111
paddy-unhusked,2015,July,142,1575,1614,1593,2015-07-01,Solapur,39
paddy-unhusked,2015,August,365,1362,1423,1403,2015-08-01,Solapur,61
paddy-unhusked,2015,September,228,1402,1442,1403,2015-09-01,Solapur,40
paddy-unhusked,2015,October,521,1435,1521,1477,2015-10-01,Solapur,86
paddy-unhusked,2015,November,334,1469,1531,1493,2015-11-01,Solapur,62
paddy-unhusked,2015,December,198,1524,1585,1551,2015-12-01,Solapur,61
paddy-unhusked,2016,January,318,1583,1641,1632,2016-01-01,Solapur,58
paddy-unhusked,2016,February,202,1559,1619,1601,2016-02-01,Solapur,60
paddy-unhusked,2016,March,238,1688,1716,1705,2016-03-01,Solapur,28
paddy-unhusked,2016,April,277,1701,1740,1721,2016-04-01,Solapur,39
paddy-unhusked,2016,May,234,1816,1843,1824,2016-05-01,Solapur,27
paddy-unhusked,2016,June,329,1742,1807,1786,2016-06-01,Solapur,65
paddy-unhusked,2016,July,146,1691,1825,1812,2016-07-01,Solapur,134
paddy-unhusked,2016,August,480,1685,1820,1721,2016-08-01,Solapur,135
paddy-unhusked,2016,September,394,1797,1802,1800,2016-09-01,Solapur,5
paddy-unhusked,2016,October,395,1732,1789,1781,2016-10-01,Solapur,57
paddy-unhusked,2016,November,166,1646,1754,1754,2016-11-01,Solapur,108
