Commodity,Year,Month,arrivals_in_qtl,min_price,max_price,modal_price,date,district_name,diff_price
onion,2014,September,1321,150,1776,1250,2014-09-01,Solapur,1626
onion,2014,November,9438,189,1421,908,2014-11-01,Solapur,1232
onion,2014,December,33248,199,1767,1254,2014-12-01,Solapur,1568
onion,2015,January,13984,119,1653,1122,2015-01-01,Solapur,1534
onion,2015,February,3642,214,1647,983,2015-02-01,Solapur,1433
onion,2015,March,987,417,1491,975,2015-03-01,Solapur,1074
onion,2015,April,1675,289,1245,780,2015-04-01,Solapur,956
onion,2015,May,1799,238,1364,823,2015-05-01,Solapur,1126
onion,2015,June,449,948,2024,1400,2015-06-01,Solapur,1076
onion,2015,July,78,1297,1910,1503,2015-07-01,Solapur,613
onion,2015,August,1151,1542,3327,2463,2015-08-01,Solapur,1785
onion,2015,October,1281,313,3046,1740,2015-10-01,Solapur,2733
onion,2015,November,2822,283,3233,2833,2015-11-01,Solapur,2950
onion,2015,December,7486,155,1976,1676,2015-12-01,Solapur,1821
onion,2016,January,9730,106,1590,1093,2016-01-01,Solapur,1484
onion,2016,February,3940,60,964,708,2016-02-01,Solapur,904
onion,2016,March,2589,100,747,607,2016-03-01,Solapur,647
onion,2016,April,2427,141,645,521,2016-04-01,Solapur,504
onion,2016,May,726,248,688,543,2016-05-01,Solapur,440
onion,2016,June,237,200,660,500,2016-06-01,Solapur,460
onion,2016,August,349,88,750,548,2016-08-01,Solapur,662
onion,2016,October,3,1000,1000,1000,2016-10-01,Solapur,0
