Commodity,Year,Month,arrivals_in_qtl,min_price,max_price,modal_price,date,district_name,diff_price
water melon,2014,September,300,100,150,120,2014-09-01,Solapur,50
water melon,2015,January,270,100,200,140,2015-01-01,Solapur,100
water melon,2015,February,1400,50,167,107,2015-02-01,Solapur,117
water melon,2015,March,500,70,200,120,2015-03-01,Solapur,130
water melon,2015,April,3000,50,160,100,2015-04-01,Solapur,110
water melon,2015,June,81,47,67,57,2015-06-01,Solapur,20
water melon,2015,July,57,44,64,54,2015-07-01,Solapur,20
water melon,2015,October,23,40,60,50,2015-10-01,Solapur,20
water melon,2015,November,46,40,60,49,2015-11-01,Solapur,20
water melon,2015,December,70,40,60,50,2015-12-01,Solapur,20
water melon,2016,January,121,35,55,45,2016-01-01,Solapur,20
water melon,2016,February,160,32,55,44,2016-02-01,Solapur,23
water melon,2016,March,269,43,76,61,2016-03-01,Solapur,33
water melon,2016,April,365,55,84,70,2016-04-01,Solapur,29
water melon,2016,May,297,325,529,407,2016-05-01,Solapur,204
water melon,2016,June,245,270,494,377,2016-06-01,Solapur,224
water melon,2016,July,137,282,495,386,2016-07-01,Solapur,213
water melon,2016,August,118,283,425,354,2016-08-01,Solapur,142
water melon,2016,September,36,288,488,400,2016-09-01,Solapur,200
water melon,2016,October,8,300,500,400,2016-10-01,Solapur,200
