Commodity,Year,Month,arrivals_in_qtl,min_price,max_price,modal_price,date,district_name,diff_price
ground nut pods (dry),2014,October,41,3251,3881,3300,2014-10-01,Solapur,630
ground nut pods (dry),2014,November,14,3500,3500,3500,2014-11-01,Solapur,0
ground nut pods (dry),2014,December,2,3500,3500,3500,2014-12-01,Solapur,0
ground nut pods (dry),2015,January,16,4525,4525,4525,2015-01-01,Solapur,0
ground nut pods (dry),2015,May,30,4300,4300,4300,2015-05-01,Solapur,0
ground nut pods (dry),2015,June,56,4228,4228,4228,2015-06-01,Solapur,0
ground nut pods (dry),2015,July,21,5094,5094,5094,2015-07-01,Solapur,0
ground nut pods (dry),2015,August,12,5465,5490,5465,2015-08-01,Solapur,25
ground nut pods (dry),2016,March,1,6100,6100,6100,2016-03-01,Solapur,0
ground nut pods (dry),2016,June,10,4201,4201,4201,2016-06-01,Solapur,0
