Commodity,Year,Month,arrivals_in_qtl,min_price,max_price,modal_price,date,district_name,diff_price
sorgum(jawar),2014,September,1678,1163,2061,1726,2014-09-01,Solapur,898
sorgum(jawar),2014,October,1276,1184,2220,1780,2014-10-01,Solapur,1036
sorgum(jawar),2014,November,1168,1362,2676,1798,2014-11-01,Solapur,1314
sorgum(jawar),2014,December,1354,1104,2208,1604,2014-12-01,Solapur,1104
sorgum(jawar),2015,January,1233,1307,2518,1868,2015-01-01,Solapur,1211
sorgum(jawar),2015,February,1070,1159,2132,1666,2015-02-01,Solapur,973
sorgum(jawar),2015,March,2850,1217,2449,1857,2015-03-01,Solapur,1232
sorgum(jawar),2015,April,6467,1334,2375,1974,2015-04-01,Solapur,1041
sorgum(jawar),2015,May,8903,1188,2180,1734,2015-05-01,Solapur,992
sorgum(jawar),2015,June,3300,1498,2041,1723,2015-06-01,Solapur,543
sorgum(jawar),2015,July,1855,1538,2275,1781,2015-07-01,Solapur,737
sorgum(jawar),2015,August,729,1441,2139,1747,2015-08-01,Solapur,698
sorgum(jawar),2015,September,1418,1748,2301,1908,2015-09-01,Solapur,553
sorgum(jawar),2015,October,1534,1772,2182,1902,2015-10-01,Solapur,410
sorgum(jawar),2015,November,1385,1862,2362,2039,2015-11-01,Solapur,500
sorgum(jawar),2015,December,1438,1807,2457,2033,2015-12-01,Solapur,650
sorgum(jawar),2016,January,1998,1740,2341,2001,2016-01-01,Solapur,601
sorgum(jawar),2016,February,1150,1680,2344,1954,2016-02-01,Solapur,664
sorgum(jawar),2016,March,3409,1872,2563,2124,2016-03-01,Solapur,691
sorgum(jawar),2016,April,6202,1828,3838,2069,2016-04-01,Solapur,2010
sorgum(jawar),2016,May,3422,1782,2415,1992,2016-05-01,Solapur,633
sorgum(jawar),2016,June,3448,1693,2467,2083,2016-06-01,Solapur,774
sorgum(jawar),2016,July,1028,1692,2560,2081,2016-07-01,Solapur,868
sorgum(jawar),2016,August,1670,1819,2465,2091,2016-08-01,Solapur,646
sorgum(jawar),2016,September,1987,1562,2459,2020,2016-09-01,Solapur,897
sorgum(jawar),2016,October,2010,1699,2577,2132,2016-10-01,Solapur,878
