Commodity,Year,Month,arrivals_in_qtl,min_price,max_price,modal_price,date,district_name,diff_price
tamarind,2014,September,9,2600,2600,2600,2014-09-01,Solapur,0
tamarind,2014,November,11,7139,7139,7139,2014-11-01,Solapur,0
tamarind,2015,February,810,5190,6522,5750,2015-02-01,Solapur,1332
tamarind,2015,March,5130,4714,5963,5413,2015-03-01,Solapur,1249
tamarind,2015,April,4752,4169,5563,4666,2015-04-01,Solapur,1394
tamarind,2015,May,2913,3649,4536,4185,2015-05-01,Solapur,887
tamarind,2015,June,1571,3310,3852,3564,2015-06-01,Solapur,542
tamarind,2015,July,196,2995,3300,3164,2015-07-01,Solapur,305
tamarind,2015,August,35,2833,2975,2833,2015-08-01,Solapur,142
tamarind,2015,September,1,2500,2500,2500,2015-09-01,Solapur,0
tamarind,2015,October,1,2500,2500,2500,2015-10-01,Solapur,0
tamarind,2016,January,62,6372,7680,6615,2016-01-01,Solapur,1308
tamarind,2016,February,2616,6754,9054,8027,2016-02-01,Solapur,2300
tamarind,2016,March,7285,6938,9068,8194,2016-03-01,Solapur,2130
tamarind,2016,April,3860,6754,8165,7435,2016-04-01,Solapur,1411
tamarind,2016,May,1068,6300,6927,6623,2016-05-01,Solapur,627
tamarind,2016,June,411,5897,6178,6026,2016-06-01,Solapur,281
tamarind,2016,July,10,6485,6625,6550,2016-07-01,Solapur,140
