Commodity,Year,Month,arrivals_in_qtl,min_price,max_price,modal_price,date,district_name,diff_price
ghevda,2014,September,9,143,233,193,2014-09-01,Solapur,90
ghevda,2014,November,12,250,350,300,2014-11-01,Solapur,100
ghevda,2014,December,28,139,261,200,2014-12-01,Solapur,122
ghevda,2015,January,79,100,185,135,2015-01-01,Solapur,85
ghevda,2016,January,24,150,242,200,2016-01-01,Solapur,92
ghevda,2016,July,3,2000,3500,3100,2016-07-01,Solapur,1500
ghevda,2016,August,35,1700,2012,1871,2016-08-01,Solapur,312
ghevda,2016,September,61,1439,1859,1664,2016-09-01,Solapur,420
ghevda,2016,October,29,2069,2569,2323,2016-10-01,Solapur,500
ghevda,2016,November,7,1250,2050,1750,2016-11-01,Solapur,800
