Commodity,Year,Month,arrivals_in_qtl,min_price,max_price,modal_price,date,district_name,diff_price
chikoo,2014,September,75,100,179,140,2014-09-01,Solapur,79
chikoo,2014,October,60,120,253,208,2014-10-01,Solapur,133
chikoo,2014,November,133,122,221,171,2014-11-01,Solapur,99
chikoo,2014,December,72,105,251,185,2014-12-01,Solapur,146
chikoo,2015,January,180,100,230,175,2015-01-01,Solapur,130
chikoo,2015,February,280,100,215,161,2015-02-01,Solapur,115
chikoo,2015,March,288,101,202,155,2015-03-01,Solapur,101
chikoo,2015,April,291,80,178,129,2015-04-01,Solapur,98
chikoo,2015,May,21,90,190,145,2015-05-01,Solapur,100
chikoo,2015,June,45,124,235,171,2015-06-01,Solapur,111
chikoo,2015,July,24,120,224,174,2015-07-01,Solapur,104
chikoo,2015,August,9,183,300,250,2015-08-01,Solapur,117
chikoo,2015,September,3,200,300,250,2015-09-01,Solapur,100
chikoo,2015,December,95,158,213,190,2015-12-01,Solapur,55
chikoo,2016,January,134,115,232,185,2016-01-01,Solapur,117
chikoo,2016,February,144,121,228,182,2016-02-01,Solapur,107
chikoo,2016,March,264,151,228,191,2016-03-01,Solapur,77
chikoo,2016,April,221,166,289,246,2016-04-01,Solapur,123
chikoo,2016,May,88,1645,2970,2306,2016-05-01,Solapur,1325
chikoo,2016,June,30,2740,3880,3320,2016-06-01,Solapur,1140
chikoo,2016,July,9,550,850,675,2016-07-01,Solapur,300
chikoo,2016,August,16,1200,1875,1550,2016-08-01,Solapur,675
