Commodity,Year,Month,arrivals_in_qtl,min_price,max_price,modal_price,date,district_name,diff_price
ridge gourd,2014,September,131,102,190,145,2014-09-01,Solapur,88
ridge gourd,2014,October,75,100,159,126,2014-10-01,Solapur,59
ridge gourd,2014,November,17,133,258,200,2014-11-01,Solapur,125
ridge gourd,2014,December,76,140,244,192,2014-12-01,Solapur,104
ridge gourd,2015,January,87,187,320,262,2015-01-01,Solapur,133
ridge gourd,2015,February,138,200,324,272,2015-02-01,Solapur,124
ridge gourd,2015,March,144,186,328,278,2015-03-01,Solapur,142
ridge gourd,2015,April,135,100,154,120,2015-04-01,Solapur,54
ridge gourd,2015,May,54,146,288,239,2015-05-01,Solapur,142
ridge gourd,2015,June,78,109,216,166,2015-06-01,Solapur,107
ridge gourd,2015,July,132,200,350,300,2015-07-01,Solapur,150
ridge gourd,2015,August,129,80,122,102,2015-08-01,Solapur,42
ridge gourd,2015,September,99,80,129,107,2015-09-01,Solapur,49
ridge gourd,2015,October,42,80,150,120,2015-10-01,Solapur,70
ridge gourd,2015,November,45,140,200,176,2015-11-01,Solapur,60
ridge gourd,2015,December,3,140,200,180,2015-12-01,Solapur,60
