Commodity,Year,Month,arrivals_in_qtl,min_price,max_price,modal_price,date,district_name,diff_price
soybean,2014,October,1885,3003,3165,3092,2014-10-01,Hingoli,162
soybean,2014,November,2487,3253,3345,3304,2014-11-01,Hingoli,92
soybean,2014,December,483,3203,3246,3226,2014-12-01,Hingoli,43
soybean,2015,January,187,3237,3257,3244,2015-01-01,Hingoli,20
soybean,2015,February,209,3220,3286,3251,2015-02-01,Hingoli,66
soybean,2015,March,82,3167,3307,3233,2015-03-01,Hingoli,140
soybean,2015,April,104,3433,3490,3440,2015-04-01,Hingoli,57
soybean,2015,May,25,3915,3915,3915,2015-05-01,Hingoli,0
soybean,2015,June,48,3518,3518,3518,2015-06-01,Hingoli,0
soybean,2015,September,635,3142,3320,3244,2015-09-01,Hingoli,178
soybean,2015,October,10680,3485,3731,3600,2015-10-01,Hingoli,246
soybean,2015,November,641,3613,3721,3681,2015-11-01,Hingoli,108
soybean,2015,December,65,3625,3655,3638,2015-12-01,Hingoli,30
soybean,2016,January,123,3559,3590,3580,2016-01-01,Hingoli,31
soybean,2016,February,224,3578,3639,3601,2016-02-01,Hingoli,61
soybean,2016,March,134,3604,3694,3641,2016-03-01,Hingoli,90
soybean,2016,May,30,3500,3560,3530,2016-05-01,Hingoli,60
soybean,2016,June,60,3730,3730,3730,2016-06-01,Hingoli,0
soybean,2016,September,75,2800,2900,2850,2016-09-01,Hingoli,100
soybean,2016,October,15860,2577,2839,2707,2016-10-01,Hingoli,262
soybean,2016,November,9548,2754,2858,2803,2016-11-01,Hingoli,104
