Commodity,Year,Month,arrivals_in_qtl,min_price,max_price,modal_price,date,district_name,diff_price
ground nut pods (dry),2014,September,364,4090,4434,4253,2014-09-01,Hingoli,344
ground nut pods (dry),2014,October,15,3800,4300,4200,2014-10-01,Hingoli,500
ground nut pods (dry),2014,December,21,3600,3600,3600,2014-12-01,Hingoli,0
ground nut pods (dry),2015,January,2,3400,3500,3450,2015-01-01,Hingoli,100
ground nut pods (dry),2015,February,3,3500,3500,3500,2015-02-01,Hingoli,0
ground nut pods (dry),2015,May,978,4916,5549,5381,2015-05-01,Hingoli,633
ground nut pods (dry),2015,June,207,5100,5628,5350,2015-06-01,Hingoli,528
