Commodity,Year,Month,arrivals_in_qtl,min_price,max_price,modal_price,date,district_name,diff_price
cotton,2014,November,5653,4050,4050,4050,2014-11-01,Hingoli,0
cotton,2014,December,6331,4000,4028,4017,2014-12-01,Hingoli,28
cotton,2015,January,930,3950,3950,3950,2015-01-01,Hingoli,0
cotton,2015,February,7820,3888,3950,3919,2015-02-01,Hingoli,62
cotton,2015,October,363,4286,4338,4311,2015-10-01,Hingoli,52
cotton,2015,November,340,4200,4275,4250,2015-11-01,Hingoli,75
cotton,2015,December,60,4100,4115,4133,2015-12-01,Hingoli,15
cotton,2016,November,70,4750,4850,4800,2016-11-01,Hingoli,100
