Commodity,Year,Month,arrivals_in_qtl,min_price,max_price,modal_price,date,district_name,diff_price
wheat(husked),2014,December,40,1500,1500,1500,2014-12-01,Hingoli,0
wheat(husked),2015,January,2,1550,1550,1550,2015-01-01,Hingoli,0
wheat(husked),2015,February,36,1585,1585,1585,2015-02-01,Hingoli,0
wheat(husked),2015,March,66,1388,1493,1400,2015-03-01,Hingoli,105
wheat(husked),2015,August,20,1550,1550,1550,2015-08-01,Hingoli,0
wheat(husked),2015,September,2,1350,1350,1350,2015-09-01,Hingoli,0
wheat(husked),2015,October,12,1720,1720,1720,2015-10-01,Hingoli,0
wheat(husked),2015,November,3,1600,1600,1600,2015-11-01,Hingoli,0
