Commodity,Year,Month,arrivals_in_qtl,min_price,max_price,modal_price,date,district_name,diff_price
turmeric,2014,September,15232,5510,6605,6082,2014-09-01,Hingoli,1095
turmeric,2014,October,7245,5400,7056,6136,2014-10-01,Hingoli,1656
turmeric,2014,November,6348,5577,7328,6418,2014-11-01,Hingoli,1751
turmeric,2014,December,7236,6668,9158,7733,2014-12-01,Hingoli,2490
turmeric,2015,January,8174,7650,8884,8543,2015-01-01,Hingoli,1234
turmeric,2015,February,4807,7789,9401,8389,2015-02-01,Hingoli,1612
turmeric,2015,March,6258,7811,9138,8370,2015-03-01,Hingoli,1327
turmeric,2015,April,15959,7762,9600,8594,2015-04-01,Hingoli,1838
turmeric,2015,May,10030,7044,8683,7912,2015-05-01,Hingoli,1639
turmeric,2015,June,7873,6656,8190,7478,2015-06-01,Hingoli,1534
turmeric,2015,July,5826,7110,8392,7571,2015-07-01,Hingoli,1282
turmeric,2015,August,8203,7014,8661,7739,2015-08-01,Hingoli,1647
turmeric,2015,September,5614,7800,9181,8580,2015-09-01,Hingoli,1381
turmeric,2015,October,5359,8179,9339,8657,2015-10-01,Hingoli,1160
turmeric,2015,November,3625,9309,10917,10045,2015-11-01,Hingoli,1608
turmeric,2015,December,3568,9617,10846,10183,2015-12-01,Hingoli,1229
turmeric,2016,January,3535,9349,10537,10054,2016-01-01,Hingoli,1188
turmeric,2016,February,3780,9040,10505,9507,2016-02-01,Hingoli,1465
turmeric,2016,March,3971,8971,10504,9436,2016-03-01,Hingoli,1533
turmeric,2016,April,16836,8704,10415,9221,2016-04-01,Hingoli,1711
turmeric,2016,May,16136,7988,9496,8453,2016-05-01,Hingoli,1508
turmeric,2016,June,13137,7783,9384,8189,2016-06-01,Hingoli,1601
turmeric,2016,July,940,7950,9200,8150,2016-07-01,Hingoli,1250
turmeric,2016,August,3010,7325,8200,7675,2016-08-01,Hingoli,875
turmeric,2016,September,11695,6922,8160,7365,2016-09-01,Hingoli,1238
turmeric,2016,October,8705,6708,8063,7254,2016-10-01,Hingoli,1355
turmeric,2016,November,6720,7113,8443,7600,2016-11-01,Hingoli,1330
