Commodity,Year,Month,arrivals_in_qtl,min_price,max_price,modal_price,date,district_name,diff_price
green gram,2014,September,7,5707,5707,5707,2014-09-01,Hingoli,0
green gram,2014,November,2,6610,6610,6610,2014-11-01,Hingoli,0
green gram,2015,September,33,7400,7508,7467,2015-09-01,Hingoli,108
green gram,2015,October,28,8208,8271,8239,2015-10-01,Hingoli,63
green gram,2015,November,2,7005,7005,7005,2015-11-01,Hingoli,0
green gram,2016,February,2,6300,6300,6300,2016-02-01,Hingoli,0
green gram,2016,March,3,6800,6800,6800,2016-03-01,Hingoli,0
green gram,2016,September,25,5100,5100,5100,2016-09-01,Hingoli,0
