Commodity,Year,Month,arrivals_in_qtl,min_price,max_price,modal_price,date,district_name,diff_price
pigeon pea (tur),2015,January,77,4488,4869,4650,2015-01-01,Hingoli,381
pigeon pea (tur),2015,February,236,4897,5203,5048,2015-02-01,Hingoli,306
pigeon pea (tur),2015,March,114,5151,5638,5340,2015-03-01,Hingoli,487
pigeon pea (tur),2015,August,36,5700,5700,5700,2015-08-01,Hingoli,0
pigeon pea (tur),2015,September,3,7030,7030,7030,2015-09-01,Hingoli,0
pigeon pea (tur),2015,November,1,7800,7800,7800,2015-11-01,Hingoli,0
pigeon pea (tur),2015,December,28,7725,7978,7925,2015-12-01,Hingoli,253
pigeon pea (tur),2016,January,130,8300,9220,8950,2016-01-01,Hingoli,920
pigeon pea (tur),2016,February,88,7350,7824,7620,2016-02-01,Hingoli,474
pigeon pea (tur),2016,March,52,7259,7398,7334,2016-03-01,Hingoli,139
pigeon pea (tur),2016,April,30,7800,8100,8000,2016-04-01,Hingoli,300
pigeon pea (tur),2016,June,20,7940,7940,7940,2016-06-01,Hingoli,0
