Commodity,Year,Month,arrivals_in_qtl,min_price,max_price,modal_price,date,district_name,diff_price
gram,2014,October,235,5800,7980,6500,2014-10-01,Hingoli,2180
gram,2015,March,261,3331,3444,3376,2015-03-01,Hingoli,113
gram,2015,April,119,3434,3668,3545,2015-04-01,Hingoli,234
gram,2015,May,40,3900,3900,3900,2015-05-01,Hingoli,0
gram,2015,June,15,4195,4195,4195,2015-06-01,Hingoli,0
gram,2015,October,3,5000,5000,5000,2015-10-01,Hingoli,0
gram,2016,February,81,4113,4178,4143,2016-02-01,Hingoli,65
gram,2016,March,75,4311,4341,4321,2016-03-01,Hingoli,30
gram,2016,April,4,4900,4900,4900,2016-04-01,Hingoli,0
gram,2016,May,15,5360,5360,5360,2016-05-01,Hingoli,0
gram,2016,June,20,5580,5580,5580,2016-06-01,Hingoli,0
