Commodity,Year,Month,arrivals_in_qtl,min_price,max_price,modal_price,date,district_name,diff_price
sesamum,2014,October,4,11000,11000,11000,2014-10-01,Beed,0
sesamum,2014,November,25,11250,11313,11263,2014-11-01,Beed,63
sesamum,2014,December,23,11503,11748,11670,2014-12-01,Beed,245
sesamum,2015,January,27,10193,10668,10580,2015-01-01,Beed,475
sesamum,2015,April,7,6191,6191,6191,2015-04-01,Beed,0
sesamum,2015,October,3,8700,9300,9300,2015-10-01,Beed,600
sesamum,2015,November,5,8301,8301,8301,2015-11-01,Beed,0
sesamum,2016,June,5,6500,6500,6500,2016-06-01,Beed,0
