Commodity,Year,Month,arrivals_in_qtl,min_price,max_price,modal_price,date,district_name,diff_price
pigeon pea (tur),2014,December,19,4922,4997,4947,2014-12-01,Beed,75
pigeon pea (tur),2015,January,10,5377,5377,5377,2015-01-01,Beed,0
pigeon pea (tur),2015,March,43,5550,5642,5587,2015-03-01,Beed,92
pigeon pea (tur),2015,April,72,5561,6067,5794,2015-04-01,Beed,506
pigeon pea (tur),2015,May,31,5467,5733,5633,2015-05-01,Beed,266
pigeon pea (tur),2015,June,53,5433,6690,6257,2015-06-01,Beed,1257
pigeon pea (tur),2015,August,20,7690,8744,8569,2015-08-01,Beed,1054
pigeon pea (tur),2015,September,43,7545,8917,8350,2015-09-01,Beed,1372
pigeon pea (tur),2015,December,1301,7742,9075,8822,2015-12-01,Beed,1333
pigeon pea (tur),2016,January,2915,8072,8944,8581,2016-01-01,Beed,872
pigeon pea (tur),2016,February,326,7188,8130,7825,2016-02-01,Beed,942
pigeon pea (tur),2016,March,37,7283,7783,7567,2016-03-01,Beed,500
pigeon pea (tur),2016,April,124,7900,8436,8227,2016-04-01,Beed,536
pigeon pea (tur),2016,May,73,7499,7749,7618,2016-05-01,Beed,250
pigeon pea (tur),2016,June,126,8027,8497,8410,2016-06-01,Beed,470
pigeon pea (tur),2016,July,16,7248,8187,8084,2016-07-01,Beed,939
pigeon pea (tur),2016,August,33,5425,5621,5592,2016-08-01,Beed,196
pigeon pea (tur),2016,September,1,5710,5710,5710,2016-09-01,Beed,0
pigeon pea (tur),2016,October,82,6356,6490,6392,2016-10-01,Beed,134
