Commodity,Year,Month,arrivals_in_qtl,min_price,max_price,modal_price,date,district_name,diff_price
black gram,2014,October,459,4435,4763,4652,2014-10-01,Beed,328
black gram,2014,November,69,5090,5249,5195,2014-11-01,Beed,159
black gram,2014,December,15,5140,5140,5140,2014-12-01,Beed,0
black gram,2015,January,1,5700,5700,5700,2015-01-01,Beed,0
black gram,2015,April,1,5400,5400,5400,2015-04-01,Beed,0
black gram,2015,July,3,6700,6700,6700,2015-07-01,Beed,0
black gram,2015,September,259,7951,9141,8893,2015-09-01,Beed,1190
black gram,2015,October,180,8621,10951,10327,2015-10-01,Beed,2330
black gram,2015,November,36,7840,9938,9828,2015-11-01,Beed,2098
black gram,2015,December,66,7384,9133,8933,2015-12-01,Beed,1749
black gram,2016,January,5,9686,9686,9686,2016-01-01,Beed,0
black gram,2016,August,12,5073,5473,5348,2016-08-01,Beed,400
black gram,2016,September,1512,5694,6854,6514,2016-09-01,Beed,1160
black gram,2016,October,909,5753,7268,6981,2016-10-01,Beed,1515
black gram,2016,November,42,5750,6884,6350,2016-11-01,Beed,1134
