Commodity,Year,Month,arrivals_in_qtl,min_price,max_price,modal_price,date,district_name,diff_price
green gram,2014,September,246,5619,6510,6299,2014-09-01,Beed,891
green gram,2014,October,239,6009,7048,6721,2014-10-01,Beed,1039
green gram,2014,November,69,7523,7743,7669,2014-11-01,Beed,220
green gram,2014,December,11,7090,7090,7090,2014-12-01,Beed,0
green gram,2015,January,2,7850,7850,7850,2015-01-01,Beed,0
green gram,2015,July,6,5250,5250,5250,2015-07-01,Beed,0
green gram,2015,August,44,7354,7890,7693,2015-08-01,Beed,536
green gram,2015,September,257,6764,7928,7604,2015-09-01,Beed,1164
green gram,2015,October,78,8061,8750,8568,2015-10-01,Beed,689
green gram,2015,November,10,6101,7940,7645,2015-11-01,Beed,1839
green gram,2015,December,5,6000,7320,7000,2015-12-01,Beed,1320
green gram,2016,June,10,7900,7900,7900,2016-06-01,Beed,0
green gram,2016,September,190,4850,5116,4951,2016-09-01,Beed,266
green gram,2016,October,15,4850,5025,4900,2016-10-01,Beed,175
