Commodity,Year,Month,arrivals_in_qtl,min_price,max_price,modal_price,date,district_name,diff_price
wheat(husked),2014,September,709,1497,1851,1651,2014-09-01,Beed,354
wheat(husked),2014,October,469,1546,1838,1681,2014-10-01,Beed,292
wheat(husked),2014,November,137,1774,1815,1793,2014-11-01,Beed,41
wheat(husked),2014,December,375,1725,1858,1786,2014-12-01,Beed,133
wheat(husked),2015,January,30,1737,1737,1737,2015-01-01,Beed,0
wheat(husked),2015,March,636,1809,2089,1900,2015-03-01,Beed,280
wheat(husked),2015,April,681,1696,2464,2038,2015-04-01,Beed,768
wheat(husked),2015,May,649,1691,2097,1818,2015-05-01,Beed,406
wheat(husked),2015,June,482,1773,2263,2013,2015-06-01,Beed,490
wheat(husked),2015,July,220,1627,2047,1721,2015-07-01,Beed,420
wheat(husked),2015,August,93,1651,1972,1842,2015-08-01,Beed,321
wheat(husked),2015,September,101,1660,1982,1940,2015-09-01,Beed,322
wheat(husked),2015,October,147,1634,2003,1822,2015-10-01,Beed,369
wheat(husked),2015,November,209,1775,2042,1924,2015-11-01,Beed,267
wheat(husked),2015,December,25,1798,1798,1798,2015-12-01,Beed,0
wheat(husked),2016,January,30,1680,2028,1802,2016-01-01,Beed,348
wheat(husked),2016,February,110,1646,1874,1874,2016-02-01,Beed,228
wheat(husked),2016,March,199,1922,2259,2060,2016-03-01,Beed,337
wheat(husked),2016,April,476,1652,2412,1839,2016-04-01,Beed,760
wheat(husked),2016,May,165,1701,2206,1922,2016-05-01,Beed,505
wheat(husked),2016,June,236,1735,1965,1884,2016-06-01,Beed,230
wheat(husked),2016,July,31,1858,2007,1939,2016-07-01,Beed,149
wheat(husked),2016,August,370,1834,2053,1931,2016-08-01,Beed,219
wheat(husked),2016,September,87,1683,2145,1909,2016-09-01,Beed,462
wheat(husked),2016,October,65,1901,2294,2079,2016-10-01,Beed,393
wheat(husked),2016,November,32,2103,2429,2244,2016-11-01,Beed,326
