Commodity,Year,Month,arrivals_in_qtl,min_price,max_price,modal_price,date,district_name,diff_price
maize,2014,September,3,1500,1500,1500,2014-09-01,Beed,0
maize,2014,November,25,1310,1310,1310,2014-11-01,Beed,0
maize,2014,December,90,1268,1268,1268,2014-12-01,Beed,0
maize,2015,March,35,1366,1366,1366,2015-03-01,Beed,0
maize,2015,April,20,1276,1326,1326,2015-04-01,Beed,50
maize,2015,May,24,1360,1360,1360,2015-05-01,Beed,0
maize,2015,June,66,1285,1297,1285,2015-06-01,Beed,12
maize,2015,November,235,1446,1458,1458,2015-11-01,Beed,12
maize,2015,December,238,1403,1430,1430,2015-12-01,Beed,27
maize,2016,January,308,1358,1426,1407,2016-01-01,Beed,68
maize,2016,February,121,1372,1383,1383,2016-02-01,Beed,11
maize,2016,March,40,1376,1377,1377,2016-03-01,Beed,1
maize,2016,April,77,1379,1409,1379,2016-04-01,Beed,30
maize,2016,May,31,1469,1476,1474,2016-05-01,Beed,7
maize,2016,June,10,1539,1574,1574,2016-06-01,Beed,35
maize,2016,August,13,1454,1521,1487,2016-08-01,Beed,67
maize,2016,September,8,1730,1730,1730,2016-09-01,Beed,0
maize,2016,October,3,1466,1561,1466,2016-10-01,Beed,95
maize,2016,November,14,1417,1417,1417,2016-11-01,Beed,0
