Commodity,Year,Month,arrivals_in_qtl,min_price,max_price,modal_price,date,district_name,diff_price
sorgum(jawar),2014,September,1853,1691,2270,2058,2014-09-01,Beed,579
sorgum(jawar),2014,October,789,1614,2327,2051,2014-10-01,Beed,713
sorgum(jawar),2014,November,1532,1629,2670,2409,2014-11-01,Beed,1041
sorgum(jawar),2014,December,963,1652,2513,2180,2014-12-01,Beed,861
sorgum(jawar),2015,January,370,1591,2653,2424,2015-01-01,Beed,1062
sorgum(jawar),2015,March,6260,1634,2218,1951,2015-03-01,Beed,584
sorgum(jawar),2015,April,6680,1610,2226,1941,2015-04-01,Beed,616
sorgum(jawar),2015,May,5495,1606,1914,1698,2015-05-01,Beed,308
sorgum(jawar),2015,June,2538,1619,1858,1711,2015-06-01,Beed,239
sorgum(jawar),2015,July,1317,1585,1757,1661,2015-07-01,Beed,172
sorgum(jawar),2015,August,957,1643,1995,1824,2015-08-01,Beed,352
sorgum(jawar),2015,September,2057,1569,1938,1699,2015-09-01,Beed,369
sorgum(jawar),2015,October,1159,1620,1775,1709,2015-10-01,Beed,155
sorgum(jawar),2015,November,975,1670,2266,2035,2015-11-01,Beed,596
sorgum(jawar),2015,December,1700,1630,2200,1997,2015-12-01,Beed,570
sorgum(jawar),2016,January,1245,1633,1958,1812,2016-01-01,Beed,325
sorgum(jawar),2016,February,6945,1605,2120,1876,2016-02-01,Beed,515
sorgum(jawar),2016,March,4427,1614,2161,1794,2016-03-01,Beed,547
sorgum(jawar),2016,April,4070,1643,2119,1801,2016-04-01,Beed,476
sorgum(jawar),2016,May,3445,1639,1967,1793,2016-05-01,Beed,328
sorgum(jawar),2016,June,3055,1676,2052,1837,2016-06-01,Beed,376
sorgum(jawar),2016,July,705,1670,1946,1794,2016-07-01,Beed,276
sorgum(jawar),2016,August,2470,1608,1789,1682,2016-08-01,Beed,181
sorgum(jawar),2016,September,1789,1605,1883,1688,2016-09-01,Beed,278
sorgum(jawar),2016,October,1764,1706,2056,1841,2016-10-01,Beed,350
sorgum(jawar),2016,November,872,1938,2408,2225,2016-11-01,Beed,470
