Commodity,Year,Month,arrivals_in_qtl,min_price,max_price,modal_price,date,district_name,diff_price
soybean,2014,September,23,3200,3235,3225,2014-09-01,Beed,35
soybean,2014,October,3135,2915,3195,3102,2014-10-01,Beed,280
soybean,2014,November,11360,3019,3337,3255,2014-11-01,Beed,318
soybean,2014,December,693,3107,3263,3216,2014-12-01,Beed,156
soybean,2015,January,129,3299,3319,3307,2015-01-01,Beed,20
soybean,2015,March,147,3204,3204,3204,2015-03-01,Beed,0
soybean,2015,April,309,3438,3543,3494,2015-04-01,Beed,105
soybean,2015,May,75,3799,3899,3857,2015-05-01,Beed,100
soybean,2015,June,60,3423,3423,3423,2015-06-01,Beed,0
soybean,2015,July,34,3303,3370,3362,2015-07-01,Beed,67
soybean,2015,August,94,3241,3250,3250,2015-08-01,Beed,9
soybean,2015,September,71,3228,3271,3257,2015-09-01,Beed,43
soybean,2015,October,6022,3290,3710,3636,2015-10-01,Beed,420
soybean,2015,November,3170,3443,3742,3672,2015-11-01,Beed,299
soybean,2015,December,871,3382,3639,3584,2015-12-01,Beed,257
soybean,2016,January,901,3544,3712,3682,2016-01-01,Beed,168
soybean,2016,February,389,3517,3670,3630,2016-02-01,Beed,153
soybean,2016,March,557,3550,3736,3689,2016-03-01,Beed,186
soybean,2016,April,494,3900,4026,4000,2016-04-01,Beed,126
soybean,2016,May,10,3700,3900,3800,2016-05-01,Beed,200
soybean,2016,June,26,3750,3765,3750,2016-06-01,Beed,15
soybean,2016,July,31,3638,3688,3663,2016-07-01,Beed,50
soybean,2016,August,31,3264,3414,3403,2016-08-01,Beed,150
soybean,2016,September,7,3010,3030,3025,2016-09-01,Beed,20
soybean,2016,October,852,2573,2943,2806,2016-10-01,Beed,370
soybean,2016,November,200,2400,2800,2600,2016-11-01,Beed,400
