Commodity,Year,Month,arrivals_in_qtl,min_price,max_price,modal_price,date,district_name,diff_price
wheat(husked),2014,September,196,1359,1475,1401,2014-09-01,Bhandara,116
wheat(husked),2014,November,65,1293,1425,1353,2014-11-01,Bhandara,132
wheat(husked),2014,December,94,1410,1587,1471,2014-12-01,Bhandara,177
wheat(husked),2015,July,6,1300,1300,1300,2015-07-01,Bhandara,0
wheat(husked),2015,August,156,1430,1529,1479,2015-08-01,Bhandara,99
wheat(husked),2015,September,108,1394,1579,1461,2015-09-01,Bhandara,185
wheat(husked),2015,October,161,1406,1534,1441,2015-10-01,Bhandara,128
wheat(husked),2015,November,100,1477,1742,1544,2015-11-01,Bhandara,265
wheat(husked),2015,December,49,1496,1677,1572,2015-12-01,Bhandara,181
wheat(husked),2016,January,67,1537,1656,1612,2016-01-01,Bhandara,119
wheat(husked),2016,February,37,1543,1681,1615,2016-02-01,Bhandara,138
wheat(husked),2016,March,400,1434,1570,1470,2016-03-01,Bhandara,136
wheat(husked),2016,April,1001,1519,1832,1618,2016-04-01,Bhandara,313
wheat(husked),2016,May,562,1433,1711,1539,2016-05-01,Bhandara,278
wheat(husked),2016,June,270,1534,1688,1598,2016-06-01,Bhandara,154
wheat(husked),2016,July,81,1644,1737,1687,2016-07-01,Bhandara,93
wheat(husked),2016,August,48,1579,1647,1608,2016-08-01,Bhandara,68
wheat(husked),2016,September,53,1613,1703,1646,2016-09-01,Bhandara,90
wheat(husked),2016,October,96,1637,1753,1687,2016-10-01,Bhandara,116
wheat(husked),2016,November,44,1766,2005,1890,2016-11-01,Bhandara,239
