Commodity,Year,Month,arrivals_in_qtl,min_price,max_price,modal_price,date,district_name,diff_price
other cereals,2015,August,4,3750,3750,3750,2015-08-01,Bhandara,0
other cereals,2015,September,3,2650,2650,2650,2015-09-01,Bhandara,0
other cereals,2015,October,5,3350,3850,3650,2015-10-01,Bhandara,500
other cereals,2015,November,3,3400,3770,3640,2015-11-01,Bhandara,370
other cereals,2016,February,363,2468,2468,2468,2016-02-01,Bhandara,0
other cereals,2016,March,2160,2689,2689,2689,2016-03-01,Bhandara,0
other cereals,2016,April,624,3824,3824,3824,2016-04-01,Bhandara,0
other cereals,2016,May,119,3805,3829,3817,2016-05-01,Bhandara,24
other cereals,2016,June,32,3854,3869,3863,2016-06-01,Bhandara,15
other cereals,2016,July,13,3400,3986,3936,2016-07-01,Bhandara,586
other cereals,2016,August,6,4273,4273,4273,2016-08-01,Bhandara,0
other cereals,2016,September,1,3000,3000,3000,2016-09-01,Bhandara,0
other cereals,2016,October,15,3960,4112,4070,2016-10-01,Bhandara,152
other cereals,2016,November,1,3650,3650,3650,2016-11-01,Bhandara,0
