Commodity,Year,Month,arrivals_in_qtl,min_price,max_price,modal_price,date,district_name,diff_price
coriander (dry),2015,October,5,9500,9500,9500,2015-10-01,Bhandara,0
coriander (dry),2016,February,1,6730,6730,6730,2016-02-01,Bhandara,0
coriander (dry),2016,March,21,5820,5951,5916,2016-03-01,Bhandara,131
coriander (dry),2016,April,2,6550,6550,6550,2016-04-01,Bhandara,0
coriander (dry),2016,May,1,7100,7100,7100,2016-05-01,Bhandara,0
coriander (dry),2016,July,1,6500,6500,6500,2016-07-01,Bhandara,0
coriander (dry),2016,August,2,6850,6850,6850,2016-08-01,Bhandara,0
coriander (dry),2016,October,1,6500,6500,6500,2016-10-01,Bhandara,0
coriander (dry),2016,November,1,6550,6550,6550,2016-11-01,Bhandara,0
