Commodity,Year,Month,arrivals_in_qtl,min_price,max_price,modal_price,date,district_name,diff_price
rice(paddy-hus),2014,September,4470,3527,3697,3613,2014-09-01,Bhandara,170
rice(paddy-hus),2014,November,115,3018,3251,3148,2014-11-01,Bhandara,233
rice(paddy-hus),2014,December,123,3386,3634,3513,2014-12-01,Bhandara,248
rice(paddy-hus),2015,July,20,2123,2355,2225,2015-07-01,Bhandara,232
rice(paddy-hus),2015,August,317,2475,2602,2545,2015-08-01,Bhandara,127
rice(paddy-hus),2015,September,357,2460,2649,2568,2015-09-01,Bhandara,189
rice(paddy-hus),2015,October,490,2405,2696,2565,2015-10-01,Bhandara,291
rice(paddy-hus),2015,November,508,2571,2821,2700,2015-11-01,Bhandara,250
rice(paddy-hus),2015,December,603,2601,2852,2722,2015-12-01,Bhandara,251
rice(paddy-hus),2016,January,770,2600,2775,2673,2016-01-01,Bhandara,175
rice(paddy-hus),2016,February,612,2598,2746,2665,2016-02-01,Bhandara,148
rice(paddy-hus),2016,March,375,2557,2691,2624,2016-03-01,Bhandara,134
rice(paddy-hus),2016,April,195,2680,2826,2754,2016-04-01,Bhandara,146
rice(paddy-hus),2016,May,266,2858,3030,2955,2016-05-01,Bhandara,172
rice(paddy-hus),2016,June,219,3022,3229,3144,2016-06-01,Bhandara,207
rice(paddy-hus),2016,July,176,3235,3488,3385,2016-07-01,Bhandara,253
rice(paddy-hus),2016,August,186,3019,3162,3126,2016-08-01,Bhandara,143
rice(paddy-hus),2016,September,149,2977,3160,3076,2016-09-01,Bhandara,183
rice(paddy-hus),2016,October,312,3091,3287,3187,2016-10-01,Bhandara,196
rice(paddy-hus),2016,November,289,2790,3060,2927,2016-11-01,Bhandara,270
