Commodity,Year,Month,arrivals_in_qtl,min_price,max_price,modal_price,date,district_name,diff_price
green gram,2014,September,2,4805,4805,4805,2014-09-01,Bhandara,0
green gram,2014,November,1,5670,5670,5670,2014-11-01,Bhandara,0
green gram,2015,August,9,3940,4300,4130,2015-08-01,Bhandara,360
green gram,2015,September,3,4567,4567,4567,2015-09-01,Bhandara,0
green gram,2015,December,1,7600,7600,7600,2015-12-01,Bhandara,0
green gram,2016,January,3,5983,5983,5983,2016-01-01,Bhandara,0
green gram,2016,February,11,5983,6183,6095,2016-02-01,Bhandara,200
green gram,2016,March,4,5250,6000,5433,2016-03-01,Bhandara,750
green gram,2016,April,11,5468,5468,5468,2016-04-01,Bhandara,0
green gram,2016,May,35,5072,5459,5159,2016-05-01,Bhandara,387
green gram,2016,June,201,5232,5593,5334,2016-06-01,Bhandara,361
green gram,2016,July,16,5200,5225,5213,2016-07-01,Bhandara,25
