Commodity,Year,Month,arrivals_in_qtl,min_price,max_price,modal_price,date,district_name,diff_price
indian bean,2015,November,2,2000,2000,2000,2015-11-01,Bhandara,0
indian bean,2016,February,74,2394,2758,2443,2016-02-01,Bhandara,364
indian bean,2016,March,416,3016,3151,3081,2016-03-01,Bhandara,135
indian bean,2016,April,80,3509,3795,3626,2016-04-01,Bhandara,286
indian bean,2016,May,9,3338,3338,3338,2016-05-01,Bhandara,0
indian bean,2016,June,2,3800,3800,3800,2016-06-01,Bhandara,0
indian bean,2016,August,1,4010,4010,4010,2016-08-01,Bhandara,0
