Commodity,Year,Month,arrivals_in_qtl,min_price,max_price,modal_price,date,district_name,diff_price
pigeon pea (tur),2014,September,1,3600,3600,3600,2014-09-01,Bhandara,0
pigeon pea (tur),2015,September,2,7000,8600,7500,2015-09-01,Bhandara,1600
pigeon pea (tur),2016,January,31,6756,6811,6789,2016-01-01,Bhandara,55
pigeon pea (tur),2016,February,283,6700,6836,6796,2016-02-01,Bhandara,136
pigeon pea (tur),2016,March,870,6846,6875,6865,2016-03-01,Bhandara,29
pigeon pea (tur),2016,April,317,7767,7819,7798,2016-04-01,Bhandara,52
pigeon pea (tur),2016,May,59,7731,7855,7774,2016-05-01,Bhandara,124
pigeon pea (tur),2016,June,20,7570,7599,7574,2016-06-01,Bhandara,29
pigeon pea (tur),2016,July,9,7625,7811,7700,2016-07-01,Bhandara,186
pigeon pea (tur),2016,August,2,7750,7750,7750,2016-08-01,Bhandara,0
