Commodity,Year,Month,arrivals_in_qtl,min_price,max_price,modal_price,date,district_name,diff_price
soybean,2014,September,60,3500,3650,3540,2014-09-01,Bhandara,150
soybean,2014,November,392,2871,3329,3197,2014-11-01,Bhandara,458
soybean,2014,December,40,2927,3075,3021,2014-12-01,Bhandara,148
soybean,2015,August,10,3050,3050,3050,2015-08-01,Bhandara,0
soybean,2015,September,3,2700,3100,2875,2015-09-01,Bhandara,400
soybean,2015,October,215,3159,3259,3243,2015-10-01,Bhandara,100
soybean,2015,November,42,3060,3084,3072,2015-11-01,Bhandara,24
soybean,2015,December,54,3275,3288,3280,2015-12-01,Bhandara,13
soybean,2016,January,23,3000,3000,3000,2016-01-01,Bhandara,0
soybean,2016,February,10,3150,3150,3150,2016-02-01,Bhandara,0
soybean,2016,March,148,3800,3800,3800,2016-03-01,Bhandara,0
soybean,2016,May,4,3500,3500,3500,2016-05-01,Bhandara,0
soybean,2016,June,1,3500,3500,3500,2016-06-01,Bhandara,0
soybean,2016,September,1,4000,4000,4000,2016-09-01,Bhandara,0
soybean,2016,October,106,3090,3308,3238,2016-10-01,Bhandara,218
soybean,2016,November,164,2711,2768,2746,2016-11-01,Bhandara,57
