Commodity,Year,Month,arrivals_in_qtl,min_price,max_price,modal_price,date,district_name,diff_price
gram,2014,September,37,2234,2546,2365,2014-09-01,Bhandara,312
gram,2014,November,74,2232,2738,2576,2014-11-01,Bhandara,506
gram,2014,December,13,2367,2720,2563,2014-12-01,Bhandara,353
gram,2015,July,2,3800,3800,3800,2015-07-01,Bhandara,0
gram,2015,August,19,4499,4921,4793,2015-08-01,Bhandara,422
gram,2015,September,6,4833,4833,4833,2015-09-01,Bhandara,0
gram,2015,October,12,4522,4987,4818,2015-10-01,Bhandara,465
gram,2015,November,12,5061,5494,5311,2015-11-01,Bhandara,433
gram,2015,December,18,4586,5247,4854,2015-12-01,Bhandara,661
gram,2016,January,7,4118,4505,4344,2016-01-01,Bhandara,387
gram,2016,February,52,3970,4060,4027,2016-02-01,Bhandara,90
gram,2016,March,927,4072,4227,4111,2016-03-01,Bhandara,155
gram,2016,April,591,4940,5328,5067,2016-04-01,Bhandara,388
gram,2016,May,156,5420,5661,5494,2016-05-01,Bhandara,241
gram,2016,June,73,6091,6369,6219,2016-06-01,Bhandara,278
gram,2016,July,25,7819,7959,7883,2016-07-01,Bhandara,140
gram,2016,August,20,6774,7136,6900,2016-08-01,Bhandara,362
gram,2016,September,4,6415,6415,6415,2016-09-01,Bhandara,0
gram,2016,October,32,9364,9912,9702,2016-10-01,Bhandara,548
gram,2016,November,44,7991,8992,8669,2016-11-01,Bhandara,1001
