Commodity,Year,Month,arrivals_in_qtl,min_price,max_price,modal_price,date,district_name,diff_price
rice(paddy-hus),2014,September,849,1413,2408,1950,2014-09-01,Thane,995
rice(paddy-hus),2014,October,1148,1418,2496,2011,2014-10-01,Thane,1078
rice(paddy-hus),2014,November,1278,1406,2265,1818,2014-11-01,Thane,859
rice(paddy-hus),2014,December,1375,1467,2119,1814,2014-12-01,Thane,652
rice(paddy-hus),2015,January,1147,1599,2101,1833,2015-01-01,Thane,502
rice(paddy-hus),2015,February,445,1455,1675,1558,2015-02-01,Thane,220
rice(paddy-hus),2015,March,360,1450,1730,1570,2015-03-01,Thane,280
rice(paddy-hus),2015,April,348,1590,1770,1680,2015-04-01,Thane,180
rice(paddy-hus),2015,May,279,1473,1798,1648,2015-05-01,Thane,325
rice(paddy-hus),2015,June,287,1500,1700,1600,2015-06-01,Thane,200
rice(paddy-hus),2015,July,372,1630,1910,1780,2015-07-01,Thane,280
rice(paddy-hus),2015,August,426,2080,2540,2300,2015-08-01,Thane,460
rice(paddy-hus),2015,September,627,2024,2296,2131,2015-09-01,Thane,272
rice(paddy-hus),2015,October,374,1940,2220,2080,2015-10-01,Thane,280
rice(paddy-hus),2015,November,215,2250,2817,2517,2015-11-01,Thane,567
rice(paddy-hus),2015,December,741,2323,2923,2626,2015-12-01,Thane,600
rice(paddy-hus),2016,January,1956,2375,4195,3324,2016-01-01,Thane,1820
rice(paddy-hus),2016,February,1456,2176,3100,2621,2016-02-01,Thane,924
rice(paddy-hus),2016,March,1372,2142,3921,3147,2016-03-01,Thane,1779
rice(paddy-hus),2016,April,1146,2182,3658,2973,2016-04-01,Thane,1476
rice(paddy-hus),2016,May,377338,2860,4338,3573,2016-05-01,Thane,1478
rice(paddy-hus),2016,June,595353,2029,2383,2215,2016-06-01,Thane,354
rice(paddy-hus),2016,July,596883,2190,4157,2940,2016-07-01,Thane,1967
rice(paddy-hus),2016,August,745880,2287,3262,2503,2016-08-01,Thane,975
rice(paddy-hus),2016,September,650200,2372,3484,2735,2016-09-01,Thane,1112
rice(paddy-hus),2016,October,732950,2252,3494,2639,2016-10-01,Thane,1242
rice(paddy-hus),2016,November,10083,2092,2877,2390,2016-11-01,Thane,785
