Commodity,Year,Month,arrivals_in_qtl,min_price,max_price,modal_price,date,district_name,diff_price
male goat,2014,November,7800,2500,3500,3000,2014-11-01,Thane,1000
male goat,2014,December,5100,2250,3250,2750,2014-12-01,Thane,1000
male goat,2015,January,3800,2500,3500,3000,2015-01-01,Thane,1000
male goat,2015,March,15000,2500,2700,3000,2015-03-01,Thane,200
male goat,2016,January,10650,500,700,600,2016-01-01,Thane,200
male goat,2016,March,11750,5500,7500,6800,2016-03-01,Thane,2000
male goat,2016,April,3300,7000,8000,7500,2016-04-01,Thane,1000
male goat,2016,June,3550,4500,6500,5500,2016-06-01,Thane,2000
