Commodity,Year,Month,arrivals_in_qtl,min_price,max_price,modal_price,date,district_name,diff_price
onion,2014,September,69,1526,2519,2024,2014-09-01,Thane,993
onion,2014,October,109,1500,2488,2025,2014-10-01,Thane,988
onion,2014,November,74,1500,2500,2033,2014-11-01,Thane,1000
onion,2014,December,148,1433,2189,1800,2014-12-01,Thane,756
onion,2015,January,248,1563,2113,1800,2015-01-01,Thane,550
onion,2015,February,160,1570,2230,1900,2015-02-01,Thane,660
onion,2015,March,139,1498,1742,1620,2015-03-01,Thane,244
onion,2015,April,147,1517,1894,1672,2015-04-01,Thane,377
onion,2015,May,186,1510,1823,1673,2015-05-01,Thane,313
onion,2015,June,243,1598,1842,1720,2015-06-01,Thane,244
onion,2015,July,449,1633,2056,1861,2015-07-01,Thane,423
onion,2015,August,651,2050,2800,2425,2015-08-01,Thane,750
onion,2015,September,307,5200,6250,5725,2015-09-01,Thane,1050
onion,2015,October,189,1400,1800,1567,2015-10-01,Thane,400
onion,2015,November,362,1548,1880,1712,2015-11-01,Thane,332
onion,2015,December,666,1585,2064,1829,2015-12-01,Thane,479
onion,2016,January,1346,1693,2127,1889,2016-01-01,Thane,434
onion,2016,February,1252,1320,1529,1412,2016-02-01,Thane,209
onion,2016,March,1063,1006,1256,1127,2016-03-01,Thane,250
onion,2016,April,922,1219,1538,1360,2016-04-01,Thane,319
onion,2016,May,119068,903,1171,1017,2016-05-01,Thane,268
onion,2016,June,100790,763,1042,920,2016-06-01,Thane,279
onion,2016,July,14000,850,1036,940,2016-07-01,Thane,186
