Commodity,Year,Month,arrivals_in_qtl,min_price,max_price,modal_price,date,district_name,diff_price
potato,2014,September,50,1060,2020,1520,2014-09-01,Thane,960
potato,2014,October,81,1000,2000,1500,2014-10-01,Thane,1000
potato,2014,November,101,1056,2000,1522,2014-11-01,Thane,944
potato,2014,December,4922,1170,2030,1600,2014-12-01,Thane,860
potato,2015,January,250,1240,2014,1585,2015-01-01,Thane,774
potato,2015,February,189,1170,1880,1480,2015-02-01,Thane,710
potato,2015,March,153,1185,1715,1445,2015-03-01,Thane,530
potato,2015,April,148,1133,1578,1356,2015-04-01,Thane,445
potato,2015,May,142,1163,1588,1363,2015-05-01,Thane,425
potato,2015,June,3528,1267,1678,1472,2015-06-01,Thane,411
potato,2015,July,381,1489,1944,1722,2015-07-01,Thane,455
potato,2015,August,649,2063,2575,2313,2015-08-01,Thane,512
potato,2015,September,345,3025,3825,3425,2015-09-01,Thane,800
potato,2015,October,126,1000,1600,1300,2015-10-01,Thane,600
potato,2015,November,189,983,1333,1138,2015-11-01,Thane,350
potato,2015,December,4367,1101,1453,1293,2015-12-01,Thane,352
potato,2016,January,1124,1205,1599,1394,2016-01-01,Thane,394
potato,2016,February,980,1105,1395,1259,2016-02-01,Thane,290
potato,2016,March,750,916,1136,1022,2016-03-01,Thane,220
potato,2016,April,731,1097,1372,1231,2016-04-01,Thane,275
potato,2016,May,157268,998,1327,1188,2016-05-01,Thane,329
potato,2016,June,124403,1069,1412,1238,2016-06-01,Thane,343
potato,2016,July,13600,1230,1470,1280,2016-07-01,Thane,240
