Commodity,Year,Month,arrivals_in_qtl,min_price,max_price,modal_price,date,district_name,diff_price
wheat(husked),2014,September,35,1388,2145,1788,2014-09-01,Thane,757
wheat(husked),2014,October,63,1467,2067,1900,2014-10-01,Thane,600
wheat(husked),2014,November,192,1388,1838,1663,2014-11-01,Thane,450
wheat(husked),2014,December,269,1460,2080,1780,2014-12-01,Thane,620
wheat(husked),2015,January,681,1706,2069,1877,2015-01-01,Thane,363
wheat(husked),2015,February,512,1629,1843,1729,2015-02-01,Thane,214
wheat(husked),2015,March,339,1400,1640,1520,2015-03-01,Thane,240
wheat(husked),2015,April,408,1513,1680,1597,2015-04-01,Thane,167
wheat(husked),2015,May,371,1575,1750,1663,2015-05-01,Thane,175
wheat(husked),2015,June,285,1375,1550,1438,2015-06-01,Thane,175
wheat(husked),2015,July,4501,1600,1920,1760,2015-07-01,Thane,320
wheat(husked),2015,August,441,1840,2200,2020,2015-08-01,Thane,360
wheat(husked),2015,September,436,1892,2133,2025,2015-09-01,Thane,241
wheat(husked),2015,October,159,2017,2283,2150,2015-10-01,Thane,266
wheat(husked),2015,November,116,1913,2317,2100,2015-11-01,Thane,404
wheat(husked),2015,December,419,2021,2324,2186,2015-12-01,Thane,303
wheat(husked),2016,January,1165,2027,2469,2244,2016-01-01,Thane,442
wheat(husked),2016,February,874,1929,2328,2138,2016-02-01,Thane,399
wheat(husked),2016,March,770,1826,2249,2053,2016-03-01,Thane,423
wheat(husked),2016,April,843,1843,2235,2033,2016-04-01,Thane,392
wheat(husked),2016,May,86860,1858,2231,2023,2016-05-01,Thane,373
wheat(husked),2016,June,103830,1897,2317,2179,2016-06-01,Thane,420
wheat(husked),2016,July,79450,1990,2815,2350,2016-07-01,Thane,825
wheat(husked),2016,August,91000,2000,2800,2163,2016-08-01,Thane,800
wheat(husked),2016,September,31000,1867,2700,2217,2016-09-01,Thane,833
wheat(husked),2016,October,122200,1838,2431,1981,2016-10-01,Thane,593
wheat(husked),2016,November,1294,1670,2180,1870,2016-11-01,Thane,510
