Commodity,Year,Month,arrivals_in_qtl,min_price,max_price,modal_price,date,district_name,diff_price
other vegetables,2014,September,305,1113,2075,1598,2014-09-01,Thane,962
other vegetables,2014,October,283,1021,1660,1339,2014-10-01,Thane,639
other vegetables,2014,November,345,1010,1476,1219,2014-11-01,Thane,466
other vegetables,2014,December,372,1057,1687,1374,2014-12-01,Thane,630
other vegetables,2015,January,475,1153,1691,1432,2015-01-01,Thane,538
other vegetables,2015,February,356,1089,1500,1289,2015-02-01,Thane,411
other vegetables,2015,March,354,1105,1391,1248,2015-03-01,Thane,286
other vegetables,2015,April,406,1133,1386,1260,2015-04-01,Thane,253
other vegetables,2015,May,527,1086,1341,1211,2015-05-01,Thane,255
other vegetables,2015,June,626,1157,1383,1270,2015-06-01,Thane,226
other vegetables,2015,July,836,1258,1813,1538,2015-07-01,Thane,555
other vegetables,2015,August,1074,1215,1935,1573,2015-08-01,Thane,720
other vegetables,2015,September,1120,1262,1852,1552,2015-09-01,Thane,590
other vegetables,2015,October,3543,895,1391,1139,2015-10-01,Thane,496
other vegetables,2015,November,430,840,1197,1025,2015-11-01,Thane,357
other vegetables,2015,December,607,851,1184,1041,2015-12-01,Thane,333
other vegetables,2016,January,682,902,1246,1079,2016-01-01,Thane,344
other vegetables,2016,February,782,926,1252,1090,2016-02-01,Thane,326
other vegetables,2016,March,785,934,1216,1083,2016-03-01,Thane,282
other vegetables,2016,April,877,943,1161,1050,2016-04-01,Thane,218
other vegetables,2016,May,466,917,1173,1038,2016-05-01,Thane,256
other vegetables,2016,June,468,1102,1276,1189,2016-06-01,Thane,174
other vegetables,2016,July,113,1630,3660,2440,2016-07-01,Thane,2030
