Commodity,Year,Month,arrivals_in_qtl,min_price,max_price,modal_price,date,district_name,diff_price
green chilli,2014,December,2090,1725,1735,1730,2014-12-01,Nagpur,10
green chilli,2015,January,9590,1611,1622,1617,2015-01-01,Nagpur,11
green chilli,2015,February,8800,1809,1819,1814,2015-02-01,Nagpur,10
green chilli,2015,March,350,1734,1846,1789,2015-03-01,Nagpur,112
green chilli,2015,November,52,2196,2206,2201,2015-11-01,Nagpur,10
green chilli,2015,December,3810,2106,2170,2143,2015-12-01,Nagpur,64
green chilli,2016,January,13875,2350,2380,2365,2016-01-01,Nagpur,30
green chilli,2016,February,10670,2904,2914,2909,2016-02-01,Nagpur,10
green chilli,2016,March,3947,2599,2609,2604,2016-03-01,Nagpur,10
