Commodity,Year,Month,arrivals_in_qtl,min_price,max_price,modal_price,date,district_name,diff_price
wheat(husked),2014,November,3,1450,1460,1455,2014-11-01,Nagpur,10
wheat(husked),2015,April,330,1300,1365,1333,2015-04-01,Nagpur,65
wheat(husked),2015,May,150,1300,1400,1350,2015-05-01,Nagpur,100
wheat(husked),2015,June,375,1255,1381,1332,2015-06-01,Nagpur,126
wheat(husked),2015,July,15,1300,1380,1380,2015-07-01,Nagpur,80
wheat(husked),2016,March,86,1400,1450,1425,2016-03-01,Nagpur,50
wheat(husked),2016,April,202,1400,1441,1423,2016-04-01,Nagpur,41
wheat(husked),2016,May,228,1400,1615,1510,2016-05-01,Nagpur,215
wheat(husked),2016,June,146,1513,1569,1541,2016-06-01,Nagpur,56
