Commodity,Year,Month,arrivals_in_qtl,min_price,max_price,modal_price,date,district_name,diff_price
soybean,2014,October,500,2850,3090,2970,2014-10-01,Nagpur,240
soybean,2014,November,1601,3080,3332,3206,2014-11-01,Nagpur,252
soybean,2014,December,560,3000,3243,3121,2014-12-01,Nagpur,243
soybean,2015,January,290,3100,3300,3200,2015-01-01,Nagpur,200
soybean,2015,February,245,3164,3300,3232,2015-02-01,Nagpur,136
soybean,2015,March,480,3167,3255,3211,2015-03-01,Nagpur,88
soybean,2015,April,45,3100,3300,3200,2015-04-01,Nagpur,200
soybean,2015,May,690,3850,4017,3933,2015-05-01,Nagpur,167
soybean,2015,June,330,3533,3677,3638,2015-06-01,Nagpur,144
soybean,2015,July,21,3500,3700,3700,2015-07-01,Nagpur,200
soybean,2015,October,6950,3500,3669,3583,2015-10-01,Nagpur,169
soybean,2015,November,975,3533,3640,3593,2015-11-01,Nagpur,107
soybean,2015,December,270,3400,3505,3450,2015-12-01,Nagpur,105
soybean,2016,January,160,3500,3550,3525,2016-01-01,Nagpur,50
soybean,2016,February,390,3325,3520,3406,2016-02-01,Nagpur,195
soybean,2016,March,357,3400,3610,3525,2016-03-01,Nagpur,210
soybean,2016,April,168,3233,3700,3500,2016-04-01,Nagpur,467
soybean,2016,May,503,3383,3629,3533,2016-05-01,Nagpur,246
soybean,2016,June,402,3488,3690,3581,2016-06-01,Nagpur,202
soybean,2016,July,110,3200,3500,3330,2016-07-01,Nagpur,300
soybean,2016,October,4141,2454,2728,2623,2016-10-01,Nagpur,274
soybean,2016,November,4362,2682,2791,2725,2016-11-01,Nagpur,109
