Commodity,Year,Month,arrivals_in_qtl,min_price,max_price,modal_price,date,district_name,diff_price
paddy-unhusked,2014,September,525,2583,2868,2727,2014-09-01,Nagpur,285
paddy-unhusked,2014,October,370,2500,2542,2521,2014-10-01,Nagpur,42
paddy-unhusked,2014,November,851,2225,2567,2395,2014-11-01,Nagpur,342
paddy-unhusked,2014,December,6125,1850,2008,1929,2014-12-01,Nagpur,158
paddy-unhusked,2015,January,4250,1988,2098,2043,2015-01-01,Nagpur,110
paddy-unhusked,2015,February,4200,1910,2032,1965,2015-02-01,Nagpur,122
paddy-unhusked,2015,March,860,1800,1850,1825,2015-03-01,Nagpur,50
paddy-unhusked,2015,April,1850,1863,1941,1900,2015-04-01,Nagpur,78
paddy-unhusked,2015,May,2550,1875,1938,1906,2015-05-01,Nagpur,63
paddy-unhusked,2015,June,2100,1754,1815,1788,2015-06-01,Nagpur,61
paddy-unhusked,2015,July,1170,1750,1863,1847,2015-07-01,Nagpur,113
paddy-unhusked,2015,August,700,1917,1960,1960,2015-08-01,Nagpur,43
paddy-unhusked,2015,September,2525,2163,2332,2318,2015-09-01,Nagpur,169
paddy-unhusked,2015,October,1050,2025,2125,2075,2015-10-01,Nagpur,100
paddy-unhusked,2015,November,4350,1800,1952,1835,2015-11-01,Nagpur,152
paddy-unhusked,2015,December,12050,1917,1986,1952,2015-12-01,Nagpur,69
paddy-unhusked,2016,January,5565,1867,1958,1917,2016-01-01,Nagpur,91
paddy-unhusked,2016,February,5550,1840,1931,1885,2016-02-01,Nagpur,91
paddy-unhusked,2016,March,1150,1850,1943,1900,2016-03-01,Nagpur,93
paddy-unhusked,2016,April,2040,2050,2173,2118,2016-04-01,Nagpur,123
paddy-unhusked,2016,May,2450,2135,2208,2170,2016-05-01,Nagpur,73
paddy-unhusked,2016,June,1665,2288,2368,2326,2016-06-01,Nagpur,80
paddy-unhusked,2016,July,725,2083,2125,2100,2016-07-01,Nagpur,42
paddy-unhusked,2016,August,65,2300,2350,2325,2016-08-01,Nagpur,50
paddy-unhusked,2016,September,587,2313,2347,2327,2016-09-01,Nagpur,34
paddy-unhusked,2016,October,373,2229,2273,2245,2016-10-01,Nagpur,44
paddy-unhusked,2016,November,6610,1870,2101,1970,2016-11-01,Nagpur,231
