Commodity,Year,Month,arrivals_in_qtl,min_price,max_price,modal_price,date,district_name,diff_price
gram,2015,February,30,3000,3600,3300,2015-02-01,Nagpur,600
gram,2015,March,2290,3100,3187,3143,2015-03-01,Nagpur,87
gram,2015,April,2325,3540,3622,3581,2015-04-01,Nagpur,82
gram,2015,May,1500,4013,4188,4100,2015-05-01,Nagpur,175
gram,2015,June,390,4060,4190,4125,2015-06-01,Nagpur,130
gram,2015,July,45,3900,3950,3950,2015-07-01,Nagpur,50
gram,2016,February,2700,3950,4227,4125,2016-02-01,Nagpur,277
gram,2016,March,5610,4004,9938,4138,2016-03-01,Nagpur,5934
gram,2016,April,1237,4970,5101,5035,2016-04-01,Nagpur,131
gram,2016,May,609,5143,5434,5322,2016-05-01,Nagpur,291
gram,2016,June,177,5750,5945,5838,2016-06-01,Nagpur,195
