Commodity,Year,Month,arrivals_in_qtl,min_price,max_price,modal_price,date,district_name,diff_price
pigeon pea (tur),2015,February,120,5000,5250,5125,2015-02-01,Nagpur,250
pigeon pea (tur),2015,April,100,5600,5720,5660,2015-04-01,Nagpur,120
pigeon pea (tur),2015,June,60,5500,5700,5600,2015-06-01,Nagpur,200
pigeon pea (tur),2015,December,3,6975,7000,6995,2015-12-01,Nagpur,25
pigeon pea (tur),2016,February,1525,6892,7283,7158,2016-02-01,Nagpur,391
pigeon pea (tur),2016,March,2671,6852,7269,7093,2016-03-01,Nagpur,417
pigeon pea (tur),2016,April,733,7743,8500,8200,2016-04-01,Nagpur,757
pigeon pea (tur),2016,May,388,6814,7171,7071,2016-05-01,Nagpur,357
pigeon pea (tur),2016,June,65,6900,7150,7050,2016-06-01,Nagpur,250
pigeon pea (tur),2016,July,3,6500,6500,6500,2016-07-01,Nagpur,0
