Commodity,Year,Month,arrivals_in_qtl,min_price,max_price,modal_price,date,district_name,diff_price
cotton,2014,October,150,3500,3800,3650,2014-10-01,Nagpur,300
cotton,2014,November,2209,3717,4111,3913,2014-11-01,Nagpur,394
cotton,2014,December,2517,3863,3956,3909,2014-12-01,Nagpur,93
cotton,2015,January,2120,3754,3828,3790,2015-01-01,Nagpur,74
cotton,2015,February,2110,3802,3944,3871,2015-02-01,Nagpur,142
cotton,2015,March,1005,3814,3911,3862,2015-03-01,Nagpur,97
cotton,2015,April,680,3875,4201,4032,2015-04-01,Nagpur,326
cotton,2015,May,875,3619,3863,3748,2015-05-01,Nagpur,244
cotton,2015,June,45,1850,3400,3300,2015-06-01,Nagpur,1550
cotton,2015,October,990,4033,4125,4083,2015-10-01,Nagpur,92
cotton,2015,November,5320,3860,3949,3905,2015-11-01,Nagpur,89
cotton,2015,December,5985,3983,4287,4234,2015-12-01,Nagpur,304
cotton,2016,January,5146,4473,4558,4517,2016-01-01,Nagpur,85
cotton,2016,February,4253,4350,4478,4427,2016-02-01,Nagpur,128
cotton,2016,March,5823,4171,4358,4248,2016-03-01,Nagpur,187
cotton,2016,April,3226,4109,4562,4311,2016-04-01,Nagpur,453
cotton,2016,May,898,4105,4450,4268,2016-05-01,Nagpur,345
cotton,2016,November,3687,4650,4849,4743,2016-11-01,Nagpur,199
