Commodity,Year,Month,arrivals_in_qtl,min_price,max_price,modal_price,date,district_name,diff_price
green gram,2015,February,9,6100,6300,6200,2015-02-01,Nagpur,200
green gram,2015,April,15,6100,6200,6150,2015-04-01,Nagpur,100
green gram,2015,June,9,6200,6400,6300,2015-06-01,Nagpur,200
green gram,2016,February,42,5333,5587,5483,2016-02-01,Nagpur,254
green gram,2016,March,65,5300,5567,5450,2016-03-01,Nagpur,267
green gram,2016,April,15,5875,6068,5975,2016-04-01,Nagpur,193
green gram,2016,May,5,4900,5000,4950,2016-05-01,Nagpur,100
green gram,2016,June,9,4850,4900,4875,2016-06-01,Nagpur,50
