Commodity,Year,Month,arrivals_in_qtl,min_price,max_price,modal_price,date,district_name,diff_price
chillies(red),2014,September,155,3000,5833,4417,2014-09-01,Nagpur,2833
chillies(red),2014,October,163,3000,6500,4750,2014-10-01,Nagpur,3500
chillies(red),2014,November,115,4000,8000,6000,2014-11-01,Nagpur,4000
chillies(red),2014,December,592,2723,5525,4124,2014-12-01,Nagpur,2802
chillies(red),2015,January,267,3000,7800,5200,2015-01-01,Nagpur,4800
chillies(red),2015,February,2545,4500,7875,6200,2015-02-01,Nagpur,3375
chillies(red),2015,March,700,3687,5360,4523,2015-03-01,Nagpur,1673
chillies(red),2015,April,980,3020,6023,4521,2015-04-01,Nagpur,3003
chillies(red),2015,May,1340,2832,5240,3936,2015-05-01,Nagpur,2408
chillies(red),2015,June,125,810,2323,1568,2015-06-01,Nagpur,1513
chillies(red),2015,July,18,53,73,73,2015-07-01,Nagpur,20
chillies(red),2015,August,130,2290,4310,3310,2015-08-01,Nagpur,2020
chillies(red),2015,September,213,1656,3672,2568,2015-09-01,Nagpur,2016
chillies(red),2015,October,157,3200,9100,5540,2015-10-01,Nagpur,5900
chillies(red),2015,November,129,4750,9500,6625,2015-11-01,Nagpur,4750
chillies(red),2015,December,125,4500,9750,7875,2015-12-01,Nagpur,5250
chillies(red),2016,January,279,5600,11400,8200,2016-01-01,Nagpur,5800
chillies(red),2016,February,390,7000,12750,9125,2016-02-01,Nagpur,5750
chillies(red),2016,March,535,6600,11500,9000,2016-03-01,Nagpur,4900
chillies(red),2016,April,612,7000,10917,8833,2016-04-01,Nagpur,3917
chillies(red),2016,May,259,7800,11600,9300,2016-05-01,Nagpur,3800
chillies(red),2016,June,221,8375,13250,11000,2016-06-01,Nagpur,4875
chillies(red),2016,July,62,7300,11375,9175,2016-07-01,Nagpur,4075
chillies(red),2016,August,89,7500,10875,8825,2016-08-01,Nagpur,3375
chillies(red),2016,September,75,6750,10250,8375,2016-09-01,Nagpur,3500
chillies(red),2016,October,63,6000,9250,7750,2016-10-01,Nagpur,3250
chillies(red),2016,November,61,5100,7402,6401,2016-11-01,Nagpur,2302
