Commodity,Year,Month,arrivals_in_qtl,min_price,max_price,modal_price,date,district_name,diff_price
bajri,2015,October,182,1200,1232,1215,2015-10-01,Jalna,32
bajri,2015,November,87,1283,1318,1299,2015-11-01,Jalna,35
bajri,2015,December,79,1276,1357,1307,2015-12-01,Jalna,81
bajri,2016,January,115,1279,1359,1302,2016-01-01,Jalna,80
bajri,2016,February,79,1279,1371,1300,2016-02-01,Jalna,92
bajri,2016,March,47,1216,1276,1240,2016-03-01,Jalna,60
bajri,2016,April,57,1200,1229,1217,2016-04-01,Jalna,29
bajri,2016,May,60,1388,1431,1409,2016-05-01,Jalna,43
bajri,2016,June,28,1433,1490,1475,2016-06-01,Jalna,57
bajri,2016,July,19,1428,1453,1435,2016-07-01,Jalna,25
bajri,2016,August,28,1400,1463,1443,2016-08-01,Jalna,63
bajri,2016,September,77,1413,1473,1444,2016-09-01,Jalna,60
bajri,2016,October,158,1412,1475,1443,2016-10-01,Jalna,63
bajri,2016,November,28,1403,1440,1426,2016-11-01,Jalna,37
