Commodity,Year,Month,arrivals_in_qtl,min_price,max_price,modal_price,date,district_name,diff_price
cotton,2014,November,29540,3803,4037,3954,2014-11-01,Jalna,234
cotton,2014,December,67957,3901,4050,4000,2014-12-01,Jalna,149
cotton,2015,January,75246,3877,4025,3977,2015-01-01,Jalna,148
cotton,2015,February,35300,3900,4000,3950,2015-02-01,Jalna,100
cotton,2015,November,3919,4147,4181,4163,2015-11-01,Jalna,34
cotton,2015,December,8779,4180,4290,4227,2015-12-01,Jalna,110
cotton,2016,January,7318,4199,4377,4282,2016-01-01,Jalna,178
cotton,2016,February,5219,4157,4304,4232,2016-02-01,Jalna,147
cotton,2016,March,2563,4147,4322,4222,2016-03-01,Jalna,175
