Commodity,Year,Month,arrivals_in_qtl,min_price,max_price,modal_price,date,district_name,diff_price
gram,2014,October,12,3050,3100,3070,2014-10-01,Jalna,50
gram,2015,February,32,3100,3150,3130,2015-02-01,Jalna,50
gram,2015,March,578,3050,3094,3074,2015-03-01,Jalna,44
gram,2015,April,170,3163,3250,3200,2015-04-01,Jalna,87
gram,2015,May,67,3675,3763,3718,2015-05-01,Jalna,88
gram,2016,January,9,4050,4150,4100,2016-01-01,Jalna,100
gram,2016,February,112,3950,4075,4013,2016-02-01,Jalna,125
gram,2016,March,150,4060,4160,4110,2016-03-01,Jalna,100
gram,2016,April,25,4667,5067,4867,2016-04-01,Jalna,400
gram,2016,May,22,4667,4733,4700,2016-05-01,Jalna,66
gram,2016,September,2,3900,4100,4000,2016-09-01,Jalna,200
gram,2016,October,3,7000,7050,7025,2016-10-01,Jalna,50
