Commodity,Year,Month,arrivals_in_qtl,min_price,max_price,modal_price,date,district_name,diff_price
soybean,2014,September,44,3455,3586,3519,2014-09-01,Nanded,131
soybean,2014,October,3077,2816,3100,2950,2014-10-01,Nanded,284
soybean,2014,November,8030,3054,3363,3190,2014-11-01,Nanded,309
soybean,2014,December,4600,3085,3314,3199,2014-12-01,Nanded,229
soybean,2015,January,843,3249,3307,3290,2015-01-01,Nanded,58
soybean,2015,February,572,3206,3316,3244,2015-02-01,Nanded,110
soybean,2015,March,398,3188,3255,3222,2015-03-01,Nanded,67
soybean,2015,April,468,3256,3349,3292,2015-04-01,Nanded,93
soybean,2015,May,80,3678,3820,3757,2015-05-01,Nanded,142
soybean,2015,June,190,3529,3564,3544,2015-06-01,Nanded,35
soybean,2015,July,212,3379,3431,3401,2015-07-01,Nanded,52
soybean,2015,August,161,3207,3279,3235,2015-08-01,Nanded,72
soybean,2015,September,137,3070,3315,3175,2015-09-01,Nanded,245
soybean,2015,October,9096,3301,3760,3521,2015-10-01,Nanded,459
soybean,2015,November,7188,3426,3695,3560,2015-11-01,Nanded,269
soybean,2015,December,3348,3378,3587,3476,2015-12-01,Nanded,209
soybean,2016,January,1280,3442,3570,3505,2016-01-01,Nanded,128
soybean,2016,February,1074,3415,3584,3507,2016-02-01,Nanded,169
soybean,2016,March,506,3421,3624,3521,2016-03-01,Nanded,203
soybean,2016,April,438,3536,3819,3674,2016-04-01,Nanded,283
soybean,2016,May,331,3519,3686,3606,2016-05-01,Nanded,167
soybean,2016,June,325,3459,3658,3556,2016-06-01,Nanded,199
soybean,2016,July,30,3367,3501,3450,2016-07-01,Nanded,134
soybean,2016,August,110,3209,3284,3250,2016-08-01,Nanded,75
soybean,2016,September,261,3021,3154,3086,2016-09-01,Nanded,133
soybean,2016,October,3289,2587,2849,2715,2016-10-01,Nanded,262
soybean,2016,November,14423,2533,2779,2654,2016-11-01,Nanded,246
