Commodity,Year,Month,arrivals_in_qtl,min_price,max_price,modal_price,date,district_name,diff_price
gram,2014,October,56,2452,3079,2889,2014-10-01,Nanded,627
gram,2014,November,283,3013,3627,3279,2014-11-01,Nanded,614
gram,2015,January,27,3182,3252,3202,2015-01-01,Nanded,70
gram,2015,February,31,3186,3219,3199,2015-02-01,Nanded,33
gram,2015,March,897,3092,3365,3254,2015-03-01,Nanded,273
gram,2015,April,682,3267,3632,3435,2015-04-01,Nanded,365
gram,2015,May,266,3936,4325,4100,2015-05-01,Nanded,389
gram,2015,June,235,3907,4233,4053,2015-06-01,Nanded,326
gram,2015,July,126,3940,4055,3989,2015-07-01,Nanded,115
gram,2015,August,60,3684,3841,3753,2015-08-01,Nanded,157
gram,2015,September,13,3571,3571,3571,2015-09-01,Nanded,0
gram,2015,October,264,4388,4429,4414,2015-10-01,Nanded,41
gram,2015,November,194,4016,4085,4053,2015-11-01,Nanded,69
gram,2015,December,25,4101,4101,4101,2015-12-01,Nanded,0
gram,2016,January,13,4095,4135,4115,2016-01-01,Nanded,40
gram,2016,February,101,3900,4156,4031,2016-02-01,Nanded,256
gram,2016,March,399,4025,4232,4134,2016-03-01,Nanded,207
gram,2016,April,236,4679,5036,4829,2016-04-01,Nanded,357
gram,2016,May,207,5215,5435,5336,2016-05-01,Nanded,220
gram,2016,June,157,5808,6121,5956,2016-06-01,Nanded,313
gram,2016,July,18,6425,7200,7025,2016-07-01,Nanded,775
gram,2016,August,15,5850,6275,6088,2016-08-01,Nanded,425
gram,2016,September,18,6367,6700,6567,2016-09-01,Nanded,333
gram,2016,November,17,7675,7825,7750,2016-11-01,Nanded,150
