Commodity,Year,Month,arrivals_in_qtl,min_price,max_price,modal_price,date,district_name,diff_price
soybean,2014,October,1054,2853,2888,2868,2014-10-01,Jalna,35
soybean,2014,November,4454,3162,3238,3201,2014-11-01,Jalna,76
soybean,2014,December,1025,3141,3181,3166,2014-12-01,Jalna,40
soybean,2015,January,901,3199,3228,3217,2015-01-01,Jalna,29
soybean,2015,February,828,3150,3191,3170,2015-02-01,Jalna,41
soybean,2015,March,367,3100,3153,3126,2015-03-01,Jalna,53
soybean,2015,April,178,3243,3343,3287,2015-04-01,Jalna,100
soybean,2015,May,429,3583,3675,3629,2015-05-01,Jalna,92
soybean,2015,June,164,3377,3495,3441,2015-06-01,Jalna,118
soybean,2015,July,90,3044,3383,3311,2015-07-01,Jalna,339
soybean,2015,August,105,3120,3220,3173,2015-08-01,Jalna,100
soybean,2015,September,110,3200,3293,3246,2015-09-01,Jalna,93
soybean,2015,October,4189,3417,3506,3458,2015-10-01,Jalna,89
soybean,2015,November,1353,3519,3581,3552,2015-11-01,Jalna,62
soybean,2015,December,480,3494,3581,3531,2015-12-01,Jalna,87
soybean,2016,January,649,3527,3609,3568,2016-01-01,Jalna,82
soybean,2016,February,477,3513,3594,3553,2016-02-01,Jalna,81
soybean,2016,March,156,3575,3675,3625,2016-03-01,Jalna,100
soybean,2016,April,187,3788,3888,3838,2016-04-01,Jalna,100
soybean,2016,May,298,3800,3889,3844,2016-05-01,Jalna,89
soybean,2016,June,140,3729,3836,3787,2016-06-01,Jalna,107
soybean,2016,July,176,3497,3573,3533,2016-07-01,Jalna,76
soybean,2016,August,86,3432,3530,3477,2016-08-01,Jalna,98
soybean,2016,September,90,3058,3175,3114,2016-09-01,Jalna,117
soybean,2016,October,4719,2487,2559,2526,2016-10-01,Jalna,72
soybean,2016,November,2594,2692,2741,2718,2016-11-01,Jalna,49
