Commodity,Year,Month,arrivals_in_qtl,min_price,max_price,modal_price,date,district_name,diff_price
sorgum(jawar),2014,September,719,1268,1572,1460,2014-09-01,Nanded,304
sorgum(jawar),2014,October,327,1268,1459,1385,2014-10-01,Nanded,191
sorgum(jawar),2014,November,352,1240,1580,1398,2014-11-01,Nanded,340
sorgum(jawar),2014,December,156,1263,1548,1394,2014-12-01,Nanded,285
sorgum(jawar),2015,January,127,1281,1539,1394,2015-01-01,Nanded,258
sorgum(jawar),2015,February,161,1225,1478,1344,2015-02-01,Nanded,253
sorgum(jawar),2015,March,422,1271,1556,1380,2015-03-01,Nanded,285
sorgum(jawar),2015,April,376,1240,1475,1368,2015-04-01,Nanded,235
sorgum(jawar),2015,May,180,1260,1500,1300,2015-05-01,Nanded,240
sorgum(jawar),2015,June,355,1131,1625,1200,2015-06-01,Nanded,494
sorgum(jawar),2015,July,320,1200,1600,1305,2015-07-01,Nanded,400
sorgum(jawar),2015,December,434,1332,1541,1412,2015-12-01,Nanded,209
sorgum(jawar),2016,January,106,1325,1500,1420,2016-01-01,Nanded,175
sorgum(jawar),2016,February,54,1350,1550,1450,2016-02-01,Nanded,200
sorgum(jawar),2016,March,902,1318,1517,1417,2016-03-01,Nanded,199
sorgum(jawar),2016,April,1329,1321,1514,1418,2016-04-01,Nanded,193
sorgum(jawar),2016,May,1184,1238,1518,1429,2016-05-01,Nanded,280
sorgum(jawar),2016,June,1907,1421,1602,1516,2016-06-01,Nanded,181
sorgum(jawar),2016,July,298,1431,1618,1513,2016-07-01,Nanded,187
sorgum(jawar),2016,August,572,1466,1584,1510,2016-08-01,Nanded,118
sorgum(jawar),2016,September,178,1500,1600,1550,2016-09-01,Nanded,100
sorgum(jawar),2016,October,96,1500,1600,1550,2016-10-01,Nanded,100
sorgum(jawar),2016,November,102,1404,1583,1497,2016-11-01,Nanded,179
