Commodity,Year,Month,arrivals_in_qtl,min_price,max_price,modal_price,date,district_name,diff_price
green gram,2015,August,32,5867,6833,6300,2015-08-01,Jalna,966
green gram,2015,September,87,6625,7025,6788,2015-09-01,Jalna,400
green gram,2015,October,4,7800,8000,7900,2015-10-01,Jalna,200
green gram,2016,August,47,4400,4500,4450,2016-08-01,Jalna,100
green gram,2016,September,491,4604,4836,4781,2016-09-01,Jalna,232
green gram,2016,October,237,4822,4880,4849,2016-10-01,Jalna,58
green gram,2016,November,3,4480,4500,4490,2016-11-01,Jalna,20
