Commodity,Year,Month,arrivals_in_qtl,min_price,max_price,modal_price,date,district_name,diff_price
turmeric,2014,September,112,4034,4954,4600,2014-09-01,Nanded,920
turmeric,2014,October,84,4416,4892,4679,2014-10-01,Nanded,476
turmeric,2014,November,17,4425,4605,4475,2014-11-01,Nanded,180
turmeric,2014,December,58,5465,5565,5498,2014-12-01,Nanded,100
turmeric,2015,January,30,6100,7332,7200,2015-01-01,Nanded,1232
turmeric,2015,February,62,5906,6598,6219,2015-02-01,Nanded,692
turmeric,2015,March,148,6564,7052,6733,2015-03-01,Nanded,488
turmeric,2015,April,538,6240,7368,6667,2015-04-01,Nanded,1128
turmeric,2015,May,1237,6636,7531,6983,2015-05-01,Nanded,895
turmeric,2015,June,694,6355,6914,6603,2015-06-01,Nanded,559
turmeric,2015,July,256,6288,6698,6476,2015-07-01,Nanded,410
turmeric,2015,August,150,6481,6747,6645,2015-08-01,Nanded,266
turmeric,2015,September,67,6974,7164,7065,2015-09-01,Nanded,190
turmeric,2015,October,441,7581,7776,7669,2015-10-01,Nanded,195
turmeric,2015,November,421,8364,8935,8663,2015-11-01,Nanded,571
turmeric,2015,December,35,9029,9029,9029,2015-12-01,Nanded,0
turmeric,2016,January,26,8682,8682,8682,2016-01-01,Nanded,0
turmeric,2016,February,116,6655,6965,6855,2016-02-01,Nanded,310
turmeric,2016,March,573,7583,8130,7906,2016-03-01,Nanded,547
turmeric,2016,April,1353,7662,8325,8072,2016-04-01,Nanded,663
turmeric,2016,May,1123,6832,7934,7373,2016-05-01,Nanded,1102
turmeric,2016,June,700,6821,7763,7332,2016-06-01,Nanded,942
turmeric,2016,July,118,6983,8025,7517,2016-07-01,Nanded,1042
turmeric,2016,August,193,6450,6945,6700,2016-08-01,Nanded,495
turmeric,2016,September,151,6125,6625,6350,2016-09-01,Nanded,500
turmeric,2016,October,67,6425,6725,6550,2016-10-01,Nanded,300
turmeric,2016,November,14,6150,6350,6250,2016-11-01,Nanded,200
