Commodity,Year,Month,arrivals_in_qtl,min_price,max_price,modal_price,date,district_name,diff_price
sorgum(jawar),2014,September,75,1230,1246,1238,2014-09-01,Jalna,16
sorgum(jawar),2014,October,48,1245,1269,1256,2014-10-01,Jalna,24
sorgum(jawar),2014,November,11,1210,1230,1220,2014-11-01,Jalna,20
sorgum(jawar),2014,December,30,1208,1245,1233,2014-12-01,Jalna,37
sorgum(jawar),2015,February,15,1200,1250,1230,2015-02-01,Jalna,50
sorgum(jawar),2015,March,35,1088,1128,1109,2015-03-01,Jalna,40
sorgum(jawar),2015,April,53,1083,1133,1103,2015-04-01,Jalna,50
sorgum(jawar),2015,May,55,1150,1200,1178,2015-05-01,Jalna,50
sorgum(jawar),2015,June,39,1125,1170,1151,2015-06-01,Jalna,45
sorgum(jawar),2015,July,31,1133,1188,1158,2015-07-01,Jalna,55
sorgum(jawar),2015,August,42,1250,1280,1260,2015-08-01,Jalna,30
sorgum(jawar),2015,September,87,1187,1240,1214,2015-09-01,Jalna,53
sorgum(jawar),2015,October,68,1225,1260,1241,2015-10-01,Jalna,35
sorgum(jawar),2015,November,57,1225,1281,1256,2015-11-01,Jalna,56
sorgum(jawar),2015,December,32,1250,1350,1300,2015-12-01,Jalna,100
sorgum(jawar),2016,January,53,1250,1350,1300,2016-01-01,Jalna,100
sorgum(jawar),2016,February,75,1250,1350,1300,2016-02-01,Jalna,100
sorgum(jawar),2016,March,1260,1002,1311,1272,2016-03-01,Jalna,309
sorgum(jawar),2016,April,32,1300,1331,1320,2016-04-01,Jalna,31
sorgum(jawar),2016,May,55,1480,1530,1505,2016-05-01,Jalna,50
sorgum(jawar),2016,June,44,1500,1524,1513,2016-06-01,Jalna,24
sorgum(jawar),2016,July,25,1550,1585,1568,2016-07-01,Jalna,35
sorgum(jawar),2016,August,55,1602,1650,1626,2016-08-01,Jalna,48
sorgum(jawar),2016,September,61,1560,1620,1596,2016-09-01,Jalna,60
sorgum(jawar),2016,October,89,1606,1656,1635,2016-10-01,Jalna,50
sorgum(jawar),2016,November,7,1600,1650,1630,2016-11-01,Jalna,50
