Commodity,Year,Month,arrivals_in_qtl,min_price,max_price,modal_price,date,district_name,diff_price
pigeon pea (tur),2015,February,122,4850,5000,4925,2015-02-01,Jalna,150
pigeon pea (tur),2015,March,88,4840,4950,4890,2015-03-01,Jalna,110
pigeon pea (tur),2015,April,12,4300,4400,4350,2015-04-01,Jalna,100
pigeon pea (tur),2016,January,261,7813,8150,7994,2016-01-01,Jalna,337
pigeon pea (tur),2016,February,98,7150,7600,7413,2016-02-01,Jalna,450
pigeon pea (tur),2016,March,24,6750,6917,6833,2016-03-01,Jalna,167
pigeon pea (tur),2016,April,11,6000,6325,6050,2016-04-01,Jalna,325
