Commodity,Year,Month,arrivals_in_qtl,min_price,max_price,modal_price,date,district_name,diff_price
cotton,2014,October,6684,3956,3989,3956,2014-10-01,Nanded,33
cotton,2014,November,19227,3902,3982,3913,2014-11-01,Nanded,80
cotton,2014,December,51523,3855,3966,3901,2014-12-01,Nanded,111
cotton,2015,January,52474,3670,3843,3741,2015-01-01,Nanded,173
cotton,2015,February,48552,3713,3849,3760,2015-02-01,Nanded,136
cotton,2015,March,31100,3775,3962,3821,2015-03-01,Nanded,187
cotton,2015,April,23217,3912,4375,4038,2015-04-01,Nanded,463
cotton,2015,May,10452,3778,4537,4019,2015-05-01,Nanded,759
cotton,2015,June,1735,3900,4536,4000,2015-06-01,Nanded,636
cotton,2015,September,5,4000,4100,4030,2015-09-01,Nanded,100
cotton,2015,October,38764,3619,4148,3848,2015-10-01,Nanded,529
cotton,2015,November,47772,3900,4052,3998,2015-11-01,Nanded,152
cotton,2015,December,31664,4011,4274,4117,2015-12-01,Nanded,263
cotton,2016,January,36035,4240,4555,4406,2016-01-01,Nanded,315
cotton,2016,February,36114,3950,4459,4090,2016-02-01,Nanded,509
cotton,2016,March,22737,3739,4432,4038,2016-03-01,Nanded,693
cotton,2016,April,13718,3977,4769,4330,2016-04-01,Nanded,792
cotton,2016,May,5174,4250,4919,4828,2016-05-01,Nanded,669
cotton,2016,October,14955,4142,4817,4417,2016-10-01,Nanded,675
cotton,2016,November,28353,4755,4963,4874,2016-11-01,Nanded,208
