Commodity,Year,Month,arrivals_in_qtl,min_price,max_price,modal_price,date,district_name,diff_price
pigeon pea (tur),2014,September,213,4212,4711,4449,2014-09-01,Nanded,499
pigeon pea (tur),2014,October,53,4322,4532,4406,2014-10-01,Nanded,210
pigeon pea (tur),2014,November,149,4140,4471,4320,2014-11-01,Nanded,331
pigeon pea (tur),2015,January,883,4715,5068,4841,2015-01-01,Nanded,353
pigeon pea (tur),2015,February,2820,4971,5651,5289,2015-02-01,Nanded,680
pigeon pea (tur),2015,March,3673,5327,5910,5594,2015-03-01,Nanded,583
pigeon pea (tur),2015,April,2141,5478,6200,5740,2015-04-01,Nanded,722
pigeon pea (tur),2015,May,589,6037,6880,6441,2015-05-01,Nanded,843
pigeon pea (tur),2015,June,326,6211,6675,6439,2015-06-01,Nanded,464
pigeon pea (tur),2015,July,349,6332,6720,6538,2015-07-01,Nanded,388
pigeon pea (tur),2015,August,222,7249,7930,7550,2015-08-01,Nanded,681
pigeon pea (tur),2015,September,38,7471,7661,7508,2015-09-01,Nanded,190
pigeon pea (tur),2015,October,46,8223,8223,8223,2015-10-01,Nanded,0
pigeon pea (tur),2015,November,11,8036,8036,8036,2015-11-01,Nanded,0
pigeon pea (tur),2015,December,716,8093,8755,8455,2015-12-01,Nanded,662
pigeon pea (tur),2016,January,3350,8486,9015,8731,2016-01-01,Nanded,529
pigeon pea (tur),2016,February,3374,7807,8229,8029,2016-02-01,Nanded,422
pigeon pea (tur),2016,March,2350,7827,8223,8053,2016-03-01,Nanded,396
pigeon pea (tur),2016,April,2710,8350,9063,8769,2016-04-01,Nanded,713
pigeon pea (tur),2016,May,1709,8358,8860,8626,2016-05-01,Nanded,502
pigeon pea (tur),2016,June,1118,8445,8853,8652,2016-06-01,Nanded,408
pigeon pea (tur),2016,July,244,8325,8759,8569,2016-07-01,Nanded,434
pigeon pea (tur),2016,August,441,5360,5655,5475,2016-08-01,Nanded,295
pigeon pea (tur),2016,September,462,5994,6393,6222,2016-09-01,Nanded,399
pigeon pea (tur),2016,October,209,6008,6272,6150,2016-10-01,Nanded,264
pigeon pea (tur),2016,November,128,5808,6058,5950,2016-11-01,Nanded,250
