Commodity,Year,Month,arrivals_in_qtl,min_price,max_price,modal_price,date,district_name,diff_price
green gram,2014,September,8,4700,5800,5363,2014-09-01,Nanded,1100
green gram,2014,October,46,5782,6161,5986,2014-10-01,Nanded,379
green gram,2014,November,19,6304,6504,6371,2014-11-01,Nanded,200
green gram,2014,December,7,6150,6250,6217,2014-12-01,Nanded,100
green gram,2015,January,1,6500,6500,6500,2015-01-01,Nanded,0
green gram,2015,February,1,6601,6601,6601,2015-02-01,Nanded,0
green gram,2015,March,1,6665,6665,6665,2015-03-01,Nanded,0
green gram,2015,May,1,6950,6950,6950,2015-05-01,Nanded,0
green gram,2015,June,1,4700,4700,4700,2015-06-01,Nanded,0
green gram,2015,July,7,5551,5551,5551,2015-07-01,Nanded,0
green gram,2015,August,13,5684,6535,6117,2015-08-01,Nanded,851
green gram,2015,September,143,6558,7643,7095,2015-09-01,Nanded,1085
green gram,2015,October,131,7866,8260,8063,2015-10-01,Nanded,394
green gram,2015,November,21,7285,7285,7285,2015-11-01,Nanded,0
green gram,2015,December,7,7040,7040,7040,2015-12-01,Nanded,0
green gram,2016,August,22,4310,4461,4370,2016-08-01,Nanded,151
green gram,2016,September,260,4827,5365,5123,2016-09-01,Nanded,538
green gram,2016,October,132,4625,5131,4900,2016-10-01,Nanded,506
green gram,2016,November,53,4060,4253,4167,2016-11-01,Nanded,193
