Commodity,Year,Month,arrivals_in_qtl,min_price,max_price,modal_price,date,district_name,diff_price
wheat(husked),2014,September,442,1338,1517,1421,2014-09-01,Nanded,179
wheat(husked),2014,October,1035,1311,1447,1382,2014-10-01,Nanded,136
wheat(husked),2014,November,409,1363,1514,1429,2014-11-01,Nanded,151
wheat(husked),2014,December,230,1375,1484,1425,2014-12-01,Nanded,109
wheat(husked),2015,January,164,1954,2234,2008,2015-01-01,Nanded,280
wheat(husked),2015,February,172,1398,1490,1433,2015-02-01,Nanded,92
wheat(husked),2015,March,649,1350,1751,1428,2015-03-01,Nanded,401
wheat(husked),2015,April,653,1354,1608,1430,2015-04-01,Nanded,254
wheat(husked),2015,May,425,1346,1573,1435,2015-05-01,Nanded,227
wheat(husked),2015,June,149,1350,1619,1456,2015-06-01,Nanded,269
wheat(husked),2015,July,150,1397,1620,1505,2015-07-01,Nanded,223
wheat(husked),2015,August,180,1361,1549,1436,2015-08-01,Nanded,188
wheat(husked),2015,September,4814,1292,1455,1363,2015-09-01,Nanded,163
wheat(husked),2015,October,476,1350,1521,1427,2015-10-01,Nanded,171
wheat(husked),2015,November,104,1381,1409,1388,2015-11-01,Nanded,28
wheat(husked),2015,December,132,1395,1455,1421,2015-12-01,Nanded,60
wheat(husked),2016,January,53,1483,1543,1513,2016-01-01,Nanded,60
wheat(husked),2016,February,33,1393,1686,1521,2016-02-01,Nanded,293
wheat(husked),2016,March,191,1479,1732,1600,2016-03-01,Nanded,253
wheat(husked),2016,April,164,1429,1650,1538,2016-04-01,Nanded,221
wheat(husked),2016,May,48,1548,1713,1626,2016-05-01,Nanded,165
wheat(husked),2016,June,84,1488,1700,1604,2016-06-01,Nanded,212
wheat(husked),2016,July,24,1513,1713,1613,2016-07-01,Nanded,200
wheat(husked),2016,August,53,1471,1721,1593,2016-08-01,Nanded,250
wheat(husked),2016,September,85,1614,1786,1693,2016-09-01,Nanded,172
wheat(husked),2016,October,28,1520,1672,1596,2016-10-01,Nanded,152
wheat(husked),2016,November,4,1500,1500,1500,2016-11-01,Nanded,0
