Commodity,Year,Month,arrivals_in_qtl,min_price,max_price,modal_price,date,district_name,diff_price
ground nut pods (dry),2014,September,7,3575,3600,3500,2014-09-01,Nanded,25
ground nut pods (dry),2015,May,1,4400,4400,4400,2015-05-01,Nanded,0
ground nut pods (dry),2015,June,16,4000,4000,4000,2015-06-01,Nanded,0
ground nut pods (dry),2015,August,4,5100,5100,5100,2015-08-01,Nanded,0
ground nut pods (dry),2016,May,2,4750,4750,4750,2016-05-01,Nanded,0
ground nut pods (dry),2016,June,2,5200,5200,5200,2016-06-01,Nanded,0
