Commodity,Year,Month,arrivals_in_qtl,min_price,max_price,modal_price,date,district_name,diff_price
maize,2015,December,9,1450,1450,1450,2015-12-01,Nanded,0
maize,2016,January,10,1345,1345,1345,2016-01-01,Nanded,0
maize,2016,February,7,1405,1405,1405,2016-02-01,Nanded,0
maize,2016,March,8,1200,1500,1400,2016-03-01,Nanded,300
maize,2016,April,61,1258,1339,1292,2016-04-01,Nanded,81
maize,2016,May,15,1260,1360,1300,2016-05-01,Nanded,100
maize,2016,June,3,1350,1350,1350,2016-06-01,Nanded,0
maize,2016,November,1,1325,1325,1325,2016-11-01,Nanded,0
