Commodity,Year,Month,arrivals_in_qtl,min_price,max_price,modal_price,date,district_name,diff_price
maize,2014,September,111,1315,1333,1324,2014-09-01,Jalna,18
maize,2014,October,19,1155,1175,1165,2014-10-01,Jalna,20
maize,2014,November,2431,966,984,976,2014-11-01,Jalna,18
maize,2014,December,5742,992,1004,1001,2014-12-01,Jalna,12
maize,2015,January,6426,1051,1068,1059,2015-01-01,Jalna,17
maize,2015,February,5022,1062,1083,1072,2015-02-01,Jalna,21
maize,2015,March,5323,1138,1156,1147,2015-03-01,Jalna,18
maize,2015,April,4089,1172,1194,1182,2015-04-01,Jalna,22
maize,2015,May,5200,1164,1182,1172,2015-05-01,Jalna,18
maize,2015,June,1088,1136,1165,1151,2015-06-01,Jalna,29
maize,2015,July,537,1253,1291,1270,2015-07-01,Jalna,38
maize,2015,August,423,1258,1308,1285,2015-08-01,Jalna,50
maize,2015,September,37,1313,1380,1345,2015-09-01,Jalna,67
maize,2015,October,969,1061,1091,1073,2015-10-01,Jalna,30
maize,2015,November,6390,1291,1342,1317,2015-11-01,Jalna,51
maize,2015,December,5362,1333,1377,1353,2015-12-01,Jalna,44
maize,2016,January,5113,1349,1401,1371,2016-01-01,Jalna,52
maize,2016,February,3903,1346,1385,1362,2016-02-01,Jalna,39
maize,2016,March,3595,1340,1374,1356,2016-03-01,Jalna,34
maize,2016,April,2139,1320,1345,1332,2016-04-01,Jalna,25
maize,2016,May,2842,1353,1449,1425,2016-05-01,Jalna,96
maize,2016,June,1829,1328,1511,1493,2016-06-01,Jalna,183
maize,2016,July,225,1589,1615,1601,2016-07-01,Jalna,26
maize,2016,August,57,1607,1651,1634,2016-08-01,Jalna,44
maize,2016,September,68,1576,1616,1594,2016-09-01,Jalna,40
maize,2016,October,687,1084,1153,1128,2016-10-01,Jalna,69
maize,2016,November,2893,1055,1090,1072,2016-11-01,Jalna,35
