Commodity,Year,Month,arrivals_in_qtl,min_price,max_price,modal_price,date,district_name,diff_price
soybean,2014,October,262,2853,2897,2873,2014-10-01,Jalna,44
soybean,2014,November,513,3181,3263,3245,2014-11-01,Jalna,82
soybean,2014,December,746,3163,3210,3189,2014-12-01,Jalna,47
soybean,2015,January,549,3188,3238,3220,2015-01-01,Jalna,50
soybean,2015,February,396,3150,3198,3168,2015-02-01,Jalna,48
soybean,2015,March,326,3050,3088,3070,2015-03-01,Jalna,38
soybean,2015,April,69,3150,3233,3193,2015-04-01,Jalna,83
soybean,2015,May,71,3550,3650,3600,2015-05-01,Jalna,100
soybean,2015,June,37,3375,3475,3425,2015-06-01,Jalna,100
soybean,2015,July,11,3250,3350,3300,2015-07-01,Jalna,100
soybean,2015,August,63,3113,3250,3200,2015-08-01,Jalna,137
soybean,2015,September,65,3210,3310,3260,2015-09-01,Jalna,100
soybean,2015,October,669,3450,3525,3488,2015-10-01,Jalna,75
soybean,2015,November,425,3513,3588,3550,2015-11-01,Jalna,75
soybean,2015,December,247,3500,3585,3546,2015-12-01,Jalna,85
soybean,2016,January,175,3550,3633,3594,2016-01-01,Jalna,83
soybean,2016,February,227,3513,3613,3563,2016-02-01,Jalna,100
soybean,2016,March,95,3550,3650,3600,2016-03-01,Jalna,100
soybean,2016,April,28,3833,3933,3883,2016-04-01,Jalna,100
soybean,2016,May,50,3775,3850,3813,2016-05-01,Jalna,75
soybean,2016,June,29,3700,3800,3750,2016-06-01,Jalna,100
soybean,2016,July,21,3700,3825,3763,2016-07-01,Jalna,125
soybean,2016,August,84,3490,3600,3542,2016-08-01,Jalna,110
soybean,2016,September,44,3467,3550,3508,2016-09-01,Jalna,83
soybean,2016,October,664,2400,2488,2450,2016-10-01,Jalna,88
soybean,2016,November,478,2640,2701,2660,2016-11-01,Jalna,61
