Commodity,Year,Month,arrivals_in_qtl,min_price,max_price,modal_price,date,district_name,diff_price
wheat(husked),2014,September,1338,1431,1455,1445,2014-09-01,Jalna,24
wheat(husked),2014,October,884,1438,1460,1449,2014-10-01,Jalna,22
wheat(husked),2014,November,1004,1476,1491,1484,2014-11-01,Jalna,15
wheat(husked),2014,December,737,1550,1560,1555,2014-12-01,Jalna,10
wheat(husked),2015,January,614,1525,1533,1529,2015-01-01,Jalna,8
wheat(husked),2015,February,1038,1413,1450,1431,2015-02-01,Jalna,37
wheat(husked),2015,March,1706,1400,1418,1410,2015-03-01,Jalna,18
wheat(husked),2015,April,837,1400,1435,1409,2015-04-01,Jalna,35
wheat(husked),2015,May,898,1400,1419,1408,2015-05-01,Jalna,19
wheat(husked),2015,June,413,1407,1463,1438,2015-06-01,Jalna,56
wheat(husked),2015,July,270,1414,1475,1438,2015-07-01,Jalna,61
wheat(husked),2015,August,359,1423,1507,1478,2015-08-01,Jalna,84
wheat(husked),2015,September,710,1453,1515,1490,2015-09-01,Jalna,62
wheat(husked),2015,October,724,1493,1545,1518,2015-10-01,Jalna,52
wheat(husked),2015,November,527,1506,1581,1544,2015-11-01,Jalna,75
wheat(husked),2015,December,289,1560,1651,1605,2015-12-01,Jalna,91
wheat(husked),2016,January,207,1525,1625,1575,2016-01-01,Jalna,100
wheat(husked),2016,February,266,1525,1638,1588,2016-02-01,Jalna,113
wheat(husked),2016,March,254,1520,1600,1560,2016-03-01,Jalna,80
wheat(husked),2016,April,100,1500,1600,1550,2016-04-01,Jalna,100
wheat(husked),2016,May,93,1500,1563,1531,2016-05-01,Jalna,63
wheat(husked),2016,June,92,1500,1580,1541,2016-06-01,Jalna,80
wheat(husked),2016,July,21,1500,1600,1550,2016-07-01,Jalna,100
wheat(husked),2016,August,172,1530,1635,1582,2016-08-01,Jalna,105
wheat(husked),2016,September,126,1546,1601,1569,2016-09-01,Jalna,55
wheat(husked),2016,October,207,1569,1644,1613,2016-10-01,Jalna,75
wheat(husked),2016,November,77,1600,1645,1620,2016-11-01,Jalna,45
