Commodity,Year,Month,arrivals_in_qtl,min_price,max_price,modal_price,date,district_name,diff_price
sesamum,2014,September,188,9863,10559,10190,2014-09-01,Nanded,696
sesamum,2014,October,162,9654,9929,9776,2014-10-01,Nanded,275
sesamum,2014,November,158,8956,9328,9135,2014-11-01,Nanded,372
sesamum,2014,December,33,8251,8536,8415,2014-12-01,Nanded,285
sesamum,2015,January,46,8009,8256,8032,2015-01-01,Nanded,247
sesamum,2015,February,30,7685,7717,7685,2015-02-01,Nanded,32
sesamum,2015,March,1,6600,6600,6600,2015-03-01,Nanded,0
sesamum,2015,April,22,6650,7201,7100,2015-04-01,Nanded,551
sesamum,2015,May,1247,7039,8160,7545,2015-05-01,Nanded,1121
sesamum,2015,June,2163,7589,8521,7999,2015-06-01,Nanded,932
sesamum,2015,July,421,7187,7534,7319,2015-07-01,Nanded,347
sesamum,2015,August,163,6734,6986,6838,2015-08-01,Nanded,252
sesamum,2015,September,36,6573,6723,6630,2015-09-01,Nanded,150
sesamum,2015,October,263,6013,6349,6178,2015-10-01,Nanded,336
sesamum,2015,November,33,6561,6561,6561,2015-11-01,Nanded,0
sesamum,2015,December,3,5850,5850,5850,2015-12-01,Nanded,0
sesamum,2016,January,2,5400,5400,5400,2016-01-01,Nanded,0
sesamum,2016,February,27,5020,5260,5050,2016-02-01,Nanded,240
sesamum,2016,March,1,5000,5000,5000,2016-03-01,Nanded,0
sesamum,2016,April,41,5883,6350,6183,2016-04-01,Nanded,467
sesamum,2016,May,354,6085,6572,6349,2016-05-01,Nanded,487
sesamum,2016,June,425,5980,6295,6130,2016-06-01,Nanded,315
sesamum,2016,July,15,6025,6363,6175,2016-07-01,Nanded,338
sesamum,2016,August,106,5833,6668,6233,2016-08-01,Nanded,835
sesamum,2016,September,185,6133,6382,6258,2016-09-01,Nanded,249
sesamum,2016,October,12,6183,6317,6250,2016-10-01,Nanded,134
sesamum,2016,November,22,6025,6088,6063,2016-11-01,Nanded,63
