Commodity,Year,Month,arrivals_in_qtl,min_price,max_price,modal_price,date,district_name,diff_price
wheat(husked),2014,September,2883,1423,1446,1434,2014-09-01,Jalna,23
wheat(husked),2014,October,1969,1425,1441,1433,2014-10-01,Jalna,16
wheat(husked),2014,November,3544,1460,1477,1469,2014-11-01,Jalna,17
wheat(husked),2014,December,1456,1550,1560,1555,2014-12-01,Jalna,10
wheat(husked),2015,January,1986,1539,1549,1544,2015-01-01,Jalna,10
wheat(husked),2015,February,2659,1406,1450,1431,2015-02-01,Jalna,44
wheat(husked),2015,March,4046,1400,1420,1409,2015-03-01,Jalna,20
wheat(husked),2015,April,2135,1400,1430,1411,2015-04-01,Jalna,30
wheat(husked),2015,May,2335,1400,1424,1411,2015-05-01,Jalna,24
wheat(husked),2015,June,2167,1400,1441,1424,2015-06-01,Jalna,41
wheat(husked),2015,July,1228,1408,1460,1437,2015-07-01,Jalna,52
wheat(husked),2015,August,924,1425,1506,1472,2015-08-01,Jalna,81
wheat(husked),2015,September,1113,1439,1508,1473,2015-09-01,Jalna,69
wheat(husked),2015,October,1761,1489,1544,1513,2015-10-01,Jalna,55
wheat(husked),2015,November,687,1525,1586,1556,2015-11-01,Jalna,61
wheat(husked),2015,December,605,1550,1651,1598,2015-12-01,Jalna,101
wheat(husked),2016,January,868,1543,1640,1590,2016-01-01,Jalna,97
wheat(husked),2016,February,576,1531,1638,1588,2016-02-01,Jalna,107
wheat(husked),2016,March,491,1519,1600,1559,2016-03-01,Jalna,81
wheat(husked),2016,April,382,1500,1592,1546,2016-04-01,Jalna,92
wheat(husked),2016,May,322,1493,1564,1529,2016-05-01,Jalna,71
wheat(husked),2016,June,264,1494,1594,1551,2016-06-01,Jalna,100
wheat(husked),2016,July,174,1528,1602,1561,2016-07-01,Jalna,74
wheat(husked),2016,August,144,1566,1652,1610,2016-08-01,Jalna,86
wheat(husked),2016,September,143,1529,1621,1588,2016-09-01,Jalna,92
wheat(husked),2016,October,238,1588,1641,1614,2016-10-01,Jalna,53
wheat(husked),2016,November,35,1604,1636,1617,2016-11-01,Jalna,32
