Commodity,Year,Month,arrivals_in_qtl,min_price,max_price,modal_price,date,district_name,diff_price
gram,2015,February,58,3100,3150,3130,2015-02-01,Jalna,50
gram,2015,March,742,3056,3111,3086,2015-03-01,Jalna,55
gram,2015,April,195,3269,3350,3306,2015-04-01,Jalna,81
gram,2015,May,88,3606,3706,3656,2015-05-01,Jalna,100
gram,2015,June,13,3750,3850,3800,2015-06-01,Jalna,100
gram,2016,January,35,4000,4100,4050,2016-01-01,Jalna,100
gram,2016,February,382,3975,4069,4022,2016-02-01,Jalna,94
gram,2016,March,4154,3509,4113,4063,2016-03-01,Jalna,604
gram,2016,April,63,4478,4722,4544,2016-04-01,Jalna,244
gram,2016,May,17,4938,5600,5213,2016-05-01,Jalna,662
gram,2016,October,12,7000,7550,7450,2016-10-01,Jalna,550
