Commodity,Year,Month,arrivals_in_qtl,min_price,max_price,modal_price,date,district_name,diff_price
rice(paddy-hus),2015,April,1,1725,1725,1725,2015-04-01,Nanded,0
rice(paddy-hus),2015,June,1,1700,1700,1700,2015-06-01,Nanded,0
rice(paddy-hus),2015,August,1,1550,1550,1550,2015-08-01,Nanded,0
rice(paddy-hus),2015,September,3,2000,2000,2000,2015-09-01,Nanded,0
rice(paddy-hus),2015,October,1,1650,1650,1650,2015-10-01,Nanded,0
rice(paddy-hus),2015,December,6,1610,1610,1610,2015-12-01,Nanded,0
rice(paddy-hus),2016,January,6,1651,1651,1651,2016-01-01,Nanded,0
rice(paddy-hus),2016,February,1,1600,1600,1600,2016-02-01,Nanded,0
rice(paddy-hus),2016,March,3,1400,1600,1500,2016-03-01,Nanded,200
rice(paddy-hus),2016,May,12,1600,1600,1600,2016-05-01,Nanded,0
rice(paddy-hus),2016,June,1,1705,1705,1705,2016-06-01,Nanded,0
