Commodity,Year,Month,arrivals_in_qtl,min_price,max_price,modal_price,date,district_name,diff_price
bajri,2015,October,29,1250,1270,1260,2015-10-01,Jalna,20
bajri,2015,November,33,1275,1293,1280,2015-11-01,Jalna,18
bajri,2015,December,28,1289,1378,1335,2015-12-01,Jalna,89
bajri,2016,January,28,1285,1375,1333,2016-01-01,Jalna,90
bajri,2016,February,15,1280,1363,1300,2016-02-01,Jalna,83
bajri,2016,May,3,1500,1550,1525,2016-05-01,Jalna,50
bajri,2016,September,16,1460,1515,1481,2016-09-01,Jalna,55
bajri,2016,October,36,1444,1506,1481,2016-10-01,Jalna,62
bajri,2016,November,20,1405,1458,1440,2016-11-01,Jalna,53
