Commodity,Year,Month,arrivals_in_qtl,min_price,max_price,modal_price,date,district_name,diff_price
sorgum(jawar),2014,September,281,1219,1237,1226,2014-09-01,Jalna,18
sorgum(jawar),2014,October,226,1226,1241,1233,2014-10-01,Jalna,15
sorgum(jawar),2014,November,240,1219,1236,1227,2014-11-01,Jalna,17
sorgum(jawar),2014,December,44,1200,1225,1213,2014-12-01,Jalna,25
sorgum(jawar),2015,January,13,1200,1230,1210,2015-01-01,Jalna,30
sorgum(jawar),2015,February,97,1163,2574,1181,2015-02-01,Jalna,1411
sorgum(jawar),2015,March,160,1088,1123,1106,2015-03-01,Jalna,35
sorgum(jawar),2015,April,278,1089,1125,1100,2015-04-01,Jalna,36
sorgum(jawar),2015,May,434,1140,1170,1157,2015-05-01,Jalna,30
sorgum(jawar),2015,June,288,1094,1138,1118,2015-06-01,Jalna,44
sorgum(jawar),2015,July,161,1158,1209,1180,2015-07-01,Jalna,51
sorgum(jawar),2015,August,247,1212,1257,1233,2015-08-01,Jalna,45
sorgum(jawar),2015,September,195,1179,1224,1198,2015-09-01,Jalna,45
sorgum(jawar),2015,October,493,1183,1238,1209,2015-10-01,Jalna,55
sorgum(jawar),2015,November,104,1250,1297,1274,2015-11-01,Jalna,47
sorgum(jawar),2015,December,100,1250,1340,1294,2015-12-01,Jalna,90
sorgum(jawar),2016,January,250,1250,1353,1299,2016-01-01,Jalna,103
sorgum(jawar),2016,February,323,1250,1331,1291,2016-02-01,Jalna,81
sorgum(jawar),2016,March,203,1225,1304,1263,2016-03-01,Jalna,79
sorgum(jawar),2016,April,163,1200,1226,1214,2016-04-01,Jalna,26
sorgum(jawar),2016,May,117,1488,1538,1513,2016-05-01,Jalna,50
sorgum(jawar),2016,June,83,1489,1517,1505,2016-06-01,Jalna,28
sorgum(jawar),2016,July,96,1552,1585,1569,2016-07-01,Jalna,33
sorgum(jawar),2016,August,81,1609,1648,1628,2016-08-01,Jalna,39
sorgum(jawar),2016,September,113,1608,1650,1633,2016-09-01,Jalna,42
sorgum(jawar),2016,October,232,1603,1653,1631,2016-10-01,Jalna,50
sorgum(jawar),2016,November,46,1610,1645,1630,2016-11-01,Jalna,35
