Commodity,Year,Month,arrivals_in_qtl,min_price,max_price,modal_price,date,district_name,diff_price
black gram,2014,September,2,4976,4976,4976,2014-09-01,Nanded,0
black gram,2014,October,57,4513,4611,4561,2014-10-01,Nanded,98
black gram,2014,November,72,4800,4854,4818,2014-11-01,Nanded,54
black gram,2014,December,30,5075,5075,5075,2014-12-01,Nanded,0
black gram,2015,January,31,5285,5285,5285,2015-01-01,Nanded,0
black gram,2015,February,2,4705,4705,4705,2015-02-01,Nanded,0
black gram,2015,May,1,6601,6601,6601,2015-05-01,Nanded,0
black gram,2015,June,1,5900,5900,5900,2015-06-01,Nanded,0
black gram,2015,September,112,7072,8394,7481,2015-09-01,Nanded,1322
black gram,2015,October,151,9234,10258,9682,2015-10-01,Nanded,1024
black gram,2015,November,17,7817,7817,7817,2015-11-01,Nanded,0
black gram,2015,December,10,8380,8380,8380,2015-12-01,Nanded,0
black gram,2016,February,5,8300,8650,8550,2016-02-01,Nanded,350
black gram,2016,March,2,8000,8000,8000,2016-03-01,Nanded,0
black gram,2016,June,12,8450,8550,8500,2016-06-01,Nanded,100
black gram,2016,July,2,9000,9000,9000,2016-07-01,Nanded,0
black gram,2016,September,2161,6270,7117,6673,2016-09-01,Nanded,847
black gram,2016,October,2473,6413,7359,6900,2016-10-01,Nanded,946
black gram,2016,November,1729,6361,6996,6706,2016-11-01,Nanded,635
