Commodity,Year,Month,arrivals_in_qtl,min_price,max_price,modal_price,date,district_name,diff_price
green gram,2015,August,14,6500,7000,6700,2015-08-01,Jalna,500
green gram,2015,September,61,6720,7240,6970,2015-09-01,Jalna,520
green gram,2015,October,5,7000,8000,7500,2015-10-01,Jalna,1000
green gram,2016,August,32,4300,4350,4310,2016-08-01,Jalna,50
green gram,2016,September,297,4650,4785,4714,2016-09-01,Jalna,135
green gram,2016,October,70,5092,5158,5125,2016-10-01,Jalna,66
green gram,2016,November,3,4450,4550,4500,2016-11-01,Jalna,100
