Commodity,Year,Month,arrivals_in_qtl,min_price,max_price,modal_price,date,district_name,diff_price
maize,2014,September,61,1314,1337,1323,2014-09-01,Jalna,23
maize,2014,November,50,938,958,950,2014-11-01,Jalna,20
maize,2014,December,668,1005,1017,1011,2014-12-01,Jalna,12
maize,2015,January,587,1073,1093,1084,2015-01-01,Jalna,20
maize,2015,February,513,1063,1083,1073,2015-02-01,Jalna,20
maize,2015,March,362,1140,1158,1150,2015-03-01,Jalna,18
maize,2015,April,399,1175,1210,1189,2015-04-01,Jalna,35
maize,2015,May,417,1178,1193,1186,2015-05-01,Jalna,15
maize,2015,June,182,1154,1188,1169,2015-06-01,Jalna,34
maize,2015,July,80,1253,1290,1266,2015-07-01,Jalna,37
maize,2015,August,54,1253,1300,1277,2015-08-01,Jalna,47
maize,2015,September,28,1335,1408,1383,2015-09-01,Jalna,73
maize,2015,October,109,1050,1083,1065,2015-10-01,Jalna,33
maize,2015,November,563,1225,1273,1243,2015-11-01,Jalna,48
maize,2015,December,529,1334,1376,1354,2015-12-01,Jalna,42
maize,2016,January,257,1350,1404,1368,2016-01-01,Jalna,54
maize,2016,February,227,1345,1388,1365,2016-02-01,Jalna,43
maize,2016,March,461,1318,1355,1335,2016-03-01,Jalna,37
maize,2016,April,235,1319,1344,1331,2016-04-01,Jalna,25
maize,2016,May,139,1400,1440,1420,2016-05-01,Jalna,40
maize,2016,June,52,1538,1569,1558,2016-06-01,Jalna,31
maize,2016,July,54,1567,1600,1582,2016-07-01,Jalna,33
maize,2016,August,105,1600,1656,1630,2016-08-01,Jalna,56
maize,2016,September,37,1574,1623,1598,2016-09-01,Jalna,49
maize,2016,October,31,1300,1383,1350,2016-10-01,Jalna,83
maize,2016,November,285,1020,1074,1053,2016-11-01,Jalna,54
