Commodity,Year,Month,arrivals_in_qtl,min_price,max_price,modal_price,date,district_name,diff_price
gram,2014,September,23,2308,2308,2308,2014-09-01,Jalgaon,0
gram,2014,October,73,2265,2375,2275,2014-10-01,Jalgaon,110
gram,2014,November,4,2800,2800,2800,2014-11-01,Jalgaon,0
gram,2014,December,11,2914,2954,2914,2014-12-01,Jalgaon,40
gram,2015,February,56,3075,3175,3100,2015-02-01,Jalgaon,100
gram,2015,March,733,2897,3098,3014,2015-03-01,Jalgaon,201
gram,2015,April,438,3181,3314,3259,2015-04-01,Jalgaon,133
gram,2015,May,54,3696,3772,3702,2015-05-01,Jalgaon,76
gram,2015,June,55,3800,3892,3831,2015-06-01,Jalgaon,92
gram,2015,July,9,4000,4000,4000,2015-07-01,Jalgaon,0
gram,2015,September,1,4000,4000,4000,2015-09-01,Jalgaon,0
gram,2015,October,1,4000,4000,4000,2015-10-01,Jalgaon,0
gram,2015,November,1,4000,4000,4000,2015-11-01,Jalgaon,0
gram,2016,January,22,4125,4150,4150,2016-01-01,Jalgaon,25
gram,2016,February,74,3875,3950,3904,2016-02-01,Jalgaon,75
gram,2016,March,274,3921,4091,3990,2016-03-01,Jalgaon,170
gram,2016,April,73,4675,4697,4675,2016-04-01,Jalgaon,22
gram,2016,May,13,4730,5130,4870,2016-05-01,Jalgaon,400
gram,2016,June,10,5700,5700,5700,2016-06-01,Jalgaon,0
