Commodity,Year,Month,arrivals_in_qtl,min_price,max_price,modal_price,date,district_name,diff_price
bajri,2014,October,4,1250,1250,1250,2014-10-01,Jalgaon,0
bajri,2014,November,27,1317,1317,1317,2014-11-01,Jalgaon,0
bajri,2014,December,15,1300,1300,1300,2014-12-01,Jalgaon,0
bajri,2015,March,1,1100,1100,1100,2015-03-01,Jalgaon,0
bajri,2015,April,61,1150,1250,1200,2015-04-01,Jalgaon,100
bajri,2015,May,14,1300,1300,1300,2015-05-01,Jalgaon,0
bajri,2015,July,5,1150,1150,1150,2015-07-01,Jalgaon,0
bajri,2015,September,15,1206,1300,1300,2015-09-01,Jalgaon,94
bajri,2016,March,5,1500,1500,1500,2016-03-01,Jalgaon,0
bajri,2016,April,3,1600,1600,1600,2016-04-01,Jalgaon,0
bajri,2016,May,65,1644,1644,1644,2016-05-01,Jalgaon,0
bajri,2016,June,11,1625,1700,1700,2016-06-01,Jalgaon,75
bajri,2016,July,24,1550,1775,1700,2016-07-01,Jalgaon,225
bajri,2016,August,9,1550,1550,1550,2016-08-01,Jalgaon,0
bajri,2016,September,2,1500,1500,1500,2016-09-01,Jalgaon,0
