Commodity,Year,Month,arrivals_in_qtl,min_price,max_price,modal_price,date,district_name,diff_price
maize,2014,September,23,1050,1050,1050,2014-09-01,Jalgaon,0
maize,2014,October,7,992,992,992,2014-10-01,Jalgaon,0
maize,2014,November,84,1080,1100,1100,2014-11-01,Jalgaon,20
maize,2014,December,34,975,975,975,2014-12-01,Jalgaon,0
maize,2015,January,18,1050,1050,1050,2015-01-01,Jalgaon,0
maize,2015,February,39,1093,1093,1093,2015-02-01,Jalgaon,0
maize,2015,March,30,1150,1150,1150,2015-03-01,Jalgaon,0
maize,2015,April,23,1100,1138,1138,2015-04-01,Jalgaon,38
maize,2015,May,230,1081,1112,1091,2015-05-01,Jalgaon,31
maize,2015,June,64,1141,1153,1141,2015-06-01,Jalgaon,12
maize,2015,October,33,1250,1250,1250,2015-10-01,Jalgaon,0
maize,2015,November,4,1200,1200,1200,2015-11-01,Jalgaon,0
maize,2016,March,14,1200,1200,1200,2016-03-01,Jalgaon,0
maize,2016,April,42,1275,1275,1275,2016-04-01,Jalgaon,0
maize,2016,May,155,1308,1323,1313,2016-05-01,Jalgaon,15
maize,2016,June,30,1388,1393,1388,2016-06-01,Jalgaon,5
maize,2016,July,3,1600,1600,1600,2016-07-01,Jalgaon,0
maize,2016,October,94,1050,1050,1050,2016-10-01,Jalgaon,0
maize,2016,November,12,1150,1150,1150,2016-11-01,Jalgaon,0
