Commodity,Year,Month,arrivals_in_qtl,min_price,max_price,modal_price,date,district_name,diff_price
green gram,2014,September,20,4440,5090,4570,2014-09-01,Jalgaon,650
green gram,2014,October,6,4180,4290,4180,2014-10-01,Jalgaon,110
green gram,2015,August,2,6201,6201,6201,2015-08-01,Jalgaon,0
green gram,2015,September,4,6900,6900,6900,2015-09-01,Jalgaon,0
green gram,2015,October,6,7600,7600,7600,2015-10-01,Jalgaon,0
green gram,2016,August,20,3982,4053,3982,2016-08-01,Jalgaon,71
green gram,2016,September,41,4542,4882,4792,2016-09-01,Jalgaon,340
green gram,2016,October,12,4713,4713,4713,2016-10-01,Jalgaon,0
green gram,2016,November,2,4600,4600,4600,2016-11-01,Jalgaon,0
