Commodity,Year,Month,arrivals_in_qtl,min_price,max_price,modal_price,date,district_name,diff_price
pigeon pea (tur),2015,February,6,4300,4300,4300,2015-02-01,Jalgaon,0
pigeon pea (tur),2015,March,8,3550,3550,3550,2015-03-01,Jalgaon,0
pigeon pea (tur),2015,April,5,4300,4300,4300,2015-04-01,Jalgaon,0
pigeon pea (tur),2015,May,3,3700,3700,3700,2015-05-01,Jalgaon,0
pigeon pea (tur),2016,January,10,6333,6400,6333,2016-01-01,Jalgaon,67
pigeon pea (tur),2016,April,2,6000,6000,6000,2016-04-01,Jalgaon,0
pigeon pea (tur),2016,May,1,7000,7000,7000,2016-05-01,Jalgaon,0
