Commodity,Year,Month,arrivals_in_qtl,min_price,max_price,modal_price,date,district_name,diff_price
sorgum(jawar),2014,September,103,1088,1148,1127,2014-09-01,Jalgaon,60
sorgum(jawar),2014,October,129,1036,1101,1057,2014-10-01,Jalgaon,65
sorgum(jawar),2014,November,1036,1213,1385,1332,2014-11-01,Jalgaon,172
sorgum(jawar),2014,December,685,1274,1325,1306,2014-12-01,Jalgaon,51
sorgum(jawar),2015,January,1119,1360,1421,1382,2015-01-01,Jalgaon,61
sorgum(jawar),2015,February,122,1282,1328,1302,2015-02-01,Jalgaon,46
sorgum(jawar),2015,March,177,1234,1293,1249,2015-03-01,Jalgaon,59
sorgum(jawar),2015,April,189,1098,1195,1155,2015-04-01,Jalgaon,97
sorgum(jawar),2015,May,97,1128,1181,1149,2015-05-01,Jalgaon,53
sorgum(jawar),2015,June,118,1083,1126,1107,2015-06-01,Jalgaon,43
sorgum(jawar),2015,July,70,1072,1093,1093,2015-07-01,Jalgaon,21
sorgum(jawar),2015,August,95,1147,1197,1162,2015-08-01,Jalgaon,50
sorgum(jawar),2015,September,110,1198,1262,1231,2015-09-01,Jalgaon,64
sorgum(jawar),2015,October,1989,1153,1261,1213,2015-10-01,Jalgaon,108
sorgum(jawar),2015,November,722,1225,1330,1297,2015-11-01,Jalgaon,105
sorgum(jawar),2015,December,592,1299,1364,1338,2015-12-01,Jalgaon,65
sorgum(jawar),2016,January,365,1240,1295,1268,2016-01-01,Jalgaon,55
sorgum(jawar),2016,February,181,1255,1312,1280,2016-02-01,Jalgaon,57
sorgum(jawar),2016,March,211,1377,1434,1409,2016-03-01,Jalgaon,57
sorgum(jawar),2016,April,85,1391,1410,1394,2016-04-01,Jalgaon,19
sorgum(jawar),2016,May,94,1332,1347,1332,2016-05-01,Jalgaon,15
sorgum(jawar),2016,June,85,1307,1329,1313,2016-06-01,Jalgaon,22
sorgum(jawar),2016,July,45,1471,1507,1479,2016-07-01,Jalgaon,36
sorgum(jawar),2016,August,40,1396,1404,1396,2016-08-01,Jalgaon,8
sorgum(jawar),2016,September,117,1413,1451,1430,2016-09-01,Jalgaon,38
sorgum(jawar),2016,October,881,1203,1264,1235,2016-10-01,Jalgaon,61
sorgum(jawar),2016,November,1041,1105,1231,1137,2016-11-01,Jalgaon,126
