Commodity,Year,Month,arrivals_in_qtl,min_price,max_price,modal_price,date,district_name,diff_price
wheat(husked),2014,September,428,1253,1381,1335,2014-09-01,Jalgaon,128
wheat(husked),2014,October,284,1281,1374,1333,2014-10-01,Jalgaon,93
wheat(husked),2014,November,68,1300,1343,1330,2014-11-01,Jalgaon,43
wheat(husked),2014,December,30,1319,1344,1335,2014-12-01,Jalgaon,25
wheat(husked),2015,January,101,1370,1393,1380,2015-01-01,Jalgaon,23
wheat(husked),2015,February,91,1306,1358,1329,2015-02-01,Jalgaon,52
wheat(husked),2015,March,398,1227,1279,1243,2015-03-01,Jalgaon,52
wheat(husked),2015,April,330,1146,1228,1184,2015-04-01,Jalgaon,82
wheat(husked),2015,May,709,1177,1327,1242,2015-05-01,Jalgaon,150
wheat(husked),2015,June,464,1215,1349,1280,2015-06-01,Jalgaon,134
wheat(husked),2015,July,218,1282,1379,1329,2015-07-01,Jalgaon,97
wheat(husked),2015,August,324,1317,1420,1367,2015-08-01,Jalgaon,103
wheat(husked),2015,September,221,1342,1412,1378,2015-09-01,Jalgaon,70
wheat(husked),2015,October,88,1380,1428,1403,2015-10-01,Jalgaon,48
wheat(husked),2015,November,23,1415,1431,1415,2015-11-01,Jalgaon,16
wheat(husked),2015,December,66,1447,1472,1456,2015-12-01,Jalgaon,25
wheat(husked),2016,January,23,1389,1389,1389,2016-01-01,Jalgaon,0
wheat(husked),2016,February,29,1404,1439,1417,2016-02-01,Jalgaon,35
wheat(husked),2016,March,59,1446,1504,1479,2016-03-01,Jalgaon,58
wheat(husked),2016,April,101,1548,1596,1548,2016-04-01,Jalgaon,48
wheat(husked),2016,May,120,1550,1597,1557,2016-05-01,Jalgaon,47
wheat(husked),2016,June,170,1649,1683,1658,2016-06-01,Jalgaon,34
wheat(husked),2016,July,91,1636,1741,1696,2016-07-01,Jalgaon,105
wheat(husked),2016,August,79,1682,1700,1682,2016-08-01,Jalgaon,18
wheat(husked),2016,September,85,1649,1670,1653,2016-09-01,Jalgaon,21
wheat(husked),2016,October,14,1433,1580,1513,2016-10-01,Jalgaon,147
wheat(husked),2016,November,22,1790,1790,1790,2016-11-01,Jalgaon,0
