Commodity,Year,Month,arrivals_in_qtl,min_price,max_price,modal_price,date,district_name,diff_price
soybean,2014,November,146,2610,3235,3138,2014-11-01,Yewatmal,625
soybean,2015,October,712,3475,3553,3513,2015-10-01,Yewatmal,78
soybean,2015,November,292,3446,3489,3470,2015-11-01,Yewatmal,43
soybean,2015,December,3750,3481,3499,3491,2015-12-01,Yewatmal,18
soybean,2016,January,93,3500,3514,3508,2016-01-01,Yewatmal,14
soybean,2016,February,8,3600,3600,3600,2016-02-01,Yewatmal,0
soybean,2016,November,376,2788,2817,2797,2016-11-01,Yewatmal,29
