Commodity,Year,Month,arrivals_in_qtl,min_price,max_price,modal_price,date,district_name,diff_price
paddy-unhusked,2014,September,2378,2660,2755,2708,2014-09-01,Chandrapur,95
paddy-unhusked,2014,October,730,2240,2315,2278,2014-10-01,Chandrapur,75
paddy-unhusked,2014,November,2476,1702,1786,1744,2014-11-01,Chandrapur,84
paddy-unhusked,2014,December,3360,1772,1852,1812,2014-12-01,Chandrapur,80
paddy-unhusked,2015,January,3064,2000,2096,2050,2015-01-01,Chandrapur,96
paddy-unhusked,2015,February,1121,1900,1960,1930,2015-02-01,Chandrapur,60
paddy-unhusked,2015,March,324,1900,1950,1925,2015-03-01,Chandrapur,50
paddy-unhusked,2015,April,195,1800,1900,1850,2015-04-01,Chandrapur,100
paddy-unhusked,2015,May,644,1717,1817,1767,2015-05-01,Chandrapur,100
paddy-unhusked,2015,July,190,1900,1950,1925,2015-07-01,Chandrapur,50
paddy-unhusked,2015,August,995,1800,1888,1844,2015-08-01,Chandrapur,88
paddy-unhusked,2015,September,1730,2044,2144,2094,2015-09-01,Chandrapur,100
paddy-unhusked,2015,October,3769,1943,2043,1993,2015-10-01,Chandrapur,100
paddy-unhusked,2015,November,3969,1941,6059,1994,2015-11-01,Chandrapur,4118
paddy-unhusked,2015,December,5694,1845,1939,1894,2015-12-01,Chandrapur,94
paddy-unhusked,2016,January,4000,1874,1934,1908,2016-01-01,Chandrapur,60
paddy-unhusked,2016,February,3097,1821,1871,1845,2016-02-01,Chandrapur,50
paddy-unhusked,2016,March,2852,1802,1874,1836,2016-03-01,Chandrapur,72
paddy-unhusked,2016,April,2027,1914,2046,1975,2016-04-01,Chandrapur,132
paddy-unhusked,2016,May,3446,1845,2034,1934,2016-05-01,Chandrapur,189
paddy-unhusked,2016,June,5272,2050,2228,2146,2016-06-01,Chandrapur,178
paddy-unhusked,2016,July,1885,2155,2286,2223,2016-07-01,Chandrapur,131
paddy-unhusked,2016,August,1687,2215,2354,2285,2016-08-01,Chandrapur,139
paddy-unhusked,2016,September,2496,2178,2353,2261,2016-09-01,Chandrapur,175
paddy-unhusked,2016,October,5835,2163,2283,2221,2016-10-01,Chandrapur,120
paddy-unhusked,2016,November,5326,1701,1809,1755,2016-11-01,Chandrapur,108
