Commodity,Year,Month,arrivals_in_qtl,min_price,max_price,modal_price,date,district_name,diff_price
maize,2015,February,24,900,1050,1000,2015-02-01,Buldhana,150
maize,2015,March,40,990,1065,1025,2015-03-01,Buldhana,75
maize,2015,April,175,1118,1178,1146,2015-04-01,Buldhana,60
maize,2015,May,55,1080,1120,1105,2015-05-01,Buldhana,40
maize,2015,June,298,1083,1167,1122,2015-06-01,Buldhana,84
maize,2015,July,88,1200,1253,1223,2015-07-01,Buldhana,53
maize,2015,August,37,1367,1473,1427,2015-08-01,Buldhana,106
maize,2015,September,23,1425,1500,1463,2015-09-01,Buldhana,75
maize,2015,November,195,1150,1291,1218,2015-11-01,Buldhana,141
maize,2015,December,135,1248,1364,1309,2015-12-01,Buldhana,116
maize,2016,January,418,1125,1400,1260,2016-01-01,Buldhana,275
maize,2016,February,864,1090,1295,1192,2016-02-01,Buldhana,205
maize,2016,March,590,1100,1317,1217,2016-03-01,Buldhana,217
maize,2016,April,1090,1122,1328,1228,2016-04-01,Buldhana,206
maize,2016,May,507,1183,1410,1300,2016-05-01,Buldhana,227
maize,2016,June,670,1296,1531,1417,2016-06-01,Buldhana,235
maize,2016,July,397,1453,1639,1536,2016-07-01,Buldhana,186
maize,2016,August,193,1433,1603,1518,2016-08-01,Buldhana,170
maize,2016,September,31,1467,1667,1567,2016-09-01,Buldhana,200
maize,2016,October,19,1533,1767,1633,2016-10-01,Buldhana,234
maize,2016,November,100,1180,1340,1260,2016-11-01,Buldhana,160
