Commodity,Year,Month,arrivals_in_qtl,min_price,max_price,modal_price,date,district_name,diff_price
soybean,2014,September,150,2976,3328,3133,2014-09-01,Buldhana,352
soybean,2014,October,491,2906,3120,2983,2014-10-01,Buldhana,214
soybean,2014,November,350,2850,3200,3170,2014-11-01,Buldhana,350
soybean,2014,December,965,3050,3185,3133,2014-12-01,Buldhana,135
soybean,2015,January,645,2997,3241,3085,2015-01-01,Buldhana,244
soybean,2015,February,232,3000,3285,3125,2015-02-01,Buldhana,285
soybean,2015,March,1100,3025,3173,3088,2015-03-01,Buldhana,148
soybean,2015,April,1380,3222,3454,3342,2015-04-01,Buldhana,232
soybean,2015,May,155,3465,3725,3550,2015-05-01,Buldhana,260
soybean,2015,June,525,3270,3449,3359,2015-06-01,Buldhana,179
soybean,2015,July,350,3141,3365,3239,2015-07-01,Buldhana,224
soybean,2015,August,345,3050,3252,3156,2015-08-01,Buldhana,202
soybean,2015,September,215,3038,3255,3150,2015-09-01,Buldhana,217
soybean,2015,October,580,3500,3675,3575,2015-10-01,Buldhana,175
soybean,2015,November,2255,3402,3702,3532,2015-11-01,Buldhana,300
soybean,2015,December,2825,3400,3620,3493,2015-12-01,Buldhana,220
soybean,2016,January,2970,3515,3657,3585,2016-01-01,Buldhana,142
soybean,2016,February,3980,3473,3632,3549,2016-02-01,Buldhana,159
soybean,2016,March,1875,3418,3615,3519,2016-03-01,Buldhana,197
soybean,2016,April,1665,3686,3906,3786,2016-04-01,Buldhana,220
soybean,2016,May,1315,3617,3863,3750,2016-05-01,Buldhana,246
soybean,2016,June,1355,3462,3724,3592,2016-06-01,Buldhana,262
soybean,2016,July,1020,3370,3566,3470,2016-07-01,Buldhana,196
soybean,2016,August,593,3234,3430,3334,2016-08-01,Buldhana,196
soybean,2016,September,374,3009,3200,3105,2016-09-01,Buldhana,191
soybean,2016,October,2880,2182,2880,2527,2016-10-01,Buldhana,698
soybean,2016,November,3420,2494,2808,2625,2016-11-01,Buldhana,314
