Commodity,Year,Month,arrivals_in_qtl,min_price,max_price,modal_price,date,district_name,diff_price
pigeon pea (tur),2015,January,10,3350,4000,3700,2015-01-01,Buldhana,650
pigeon pea (tur),2015,February,59,5250,5750,5525,2015-02-01,Buldhana,500
pigeon pea (tur),2015,March,120,4780,5240,4996,2015-03-01,Buldhana,460
pigeon pea (tur),2015,April,180,5333,5933,5700,2015-04-01,Buldhana,600
pigeon pea (tur),2015,June,58,6025,6850,6450,2015-06-01,Buldhana,825
pigeon pea (tur),2015,August,19,7750,8700,8050,2015-08-01,Buldhana,950
pigeon pea (tur),2015,September,22,8167,9000,8567,2015-09-01,Buldhana,833
pigeon pea (tur),2015,December,363,7419,8575,7956,2015-12-01,Buldhana,1156
pigeon pea (tur),2016,January,1460,7790,8850,8315,2016-01-01,Buldhana,1060
pigeon pea (tur),2016,February,1630,7389,8156,7778,2016-02-01,Buldhana,767
pigeon pea (tur),2016,March,430,7167,7808,7475,2016-03-01,Buldhana,641
pigeon pea (tur),2016,April,524,8067,8589,8333,2016-04-01,Buldhana,522
pigeon pea (tur),2016,May,955,7542,8533,8008,2016-05-01,Buldhana,991
pigeon pea (tur),2016,June,745,7500,8300,7927,2016-06-01,Buldhana,800
pigeon pea (tur),2016,July,224,7300,8150,7733,2016-07-01,Buldhana,850
pigeon pea (tur),2016,August,110,5350,6163,5750,2016-08-01,Buldhana,813
pigeon pea (tur),2016,September,23,5333,6200,5833,2016-09-01,Buldhana,867
pigeon pea (tur),2016,October,12,5267,5933,5583,2016-10-01,Buldhana,666
pigeon pea (tur),2016,November,12,4333,5767,5033,2016-11-01,Buldhana,1434
