Commodity,Year,Month,arrivals_in_qtl,min_price,max_price,modal_price,date,district_name,diff_price
maize,2015,July,30,1000,1300,1250,2015-07-01,Buldhana,300
maize,2015,September,40,1450,1500,1475,2015-09-01,Buldhana,50
maize,2015,December,5705,1100,1357,1237,2015-12-01,Buldhana,257
maize,2016,January,12100,1217,1350,1293,2016-01-01,Buldhana,133
maize,2016,February,17700,1119,1278,1199,2016-02-01,Buldhana,159
maize,2016,March,8900,1050,1300,1180,2016-03-01,Buldhana,250
maize,2016,April,10630,1109,1366,1230,2016-04-01,Buldhana,257
maize,2016,May,18050,1127,1399,1256,2016-05-01,Buldhana,272
maize,2016,June,14145,1292,1555,1425,2016-06-01,Buldhana,263
maize,2016,July,3675,1475,1679,1574,2016-07-01,Buldhana,204
maize,2016,August,3880,1433,1661,1549,2016-08-01,Buldhana,228
maize,2016,September,845,1350,1570,1460,2016-09-01,Buldhana,220
maize,2016,October,187,1275,1613,1443,2016-10-01,Buldhana,338
maize,2016,November,5359,1006,1213,1113,2016-11-01,Buldhana,207
