Commodity,Year,Month,arrivals_in_qtl,min_price,max_price,modal_price,date,district_name,diff_price
soybean,2015,September,83,3075,3300,3200,2015-09-01,Buldhana,225
soybean,2015,December,13190,3373,3619,3483,2015-12-01,Buldhana,246
soybean,2016,January,10240,3514,3645,3575,2016-01-01,Buldhana,131
soybean,2016,February,14697,3418,3580,3498,2016-02-01,Buldhana,162
soybean,2016,March,5000,3380,3580,3490,2016-03-01,Buldhana,200
soybean,2016,April,7305,3708,3969,3833,2016-04-01,Buldhana,261
soybean,2016,May,13770,3649,3859,3737,2016-05-01,Buldhana,210
soybean,2016,June,11735,3496,3714,3604,2016-06-01,Buldhana,218
soybean,2016,July,1600,3409,3605,3508,2016-07-01,Buldhana,196
soybean,2016,August,3340,3282,3498,3395,2016-08-01,Buldhana,216
soybean,2016,September,799,3038,3200,3119,2016-09-01,Buldhana,162
soybean,2016,October,3001,2395,2890,2650,2016-10-01,Buldhana,495
soybean,2016,November,17086,2265,2647,2453,2016-11-01,Buldhana,382
