Commodity,Year,Month,arrivals_in_qtl,min_price,max_price,modal_price,date,district_name,diff_price
gram,2014,September,64,2264,2571,2393,2014-09-01,Buldhana,307
gram,2014,October,58,1800,2250,2000,2014-10-01,Buldhana,450
gram,2014,November,30,2200,2500,2350,2014-11-01,Buldhana,300
gram,2014,December,68,2000,2167,2083,2014-12-01,Buldhana,167
gram,2015,January,185,2200,2875,2567,2015-01-01,Buldhana,675
gram,2015,February,90,2125,2625,2400,2015-02-01,Buldhana,500
gram,2015,March,1676,3407,3749,3566,2015-03-01,Buldhana,342
gram,2015,April,1600,3329,3744,3536,2015-04-01,Buldhana,415
gram,2015,May,155,4083,4300,4167,2015-05-01,Buldhana,217
gram,2015,June,145,3950,4163,4069,2015-06-01,Buldhana,213
gram,2015,July,101,3835,4113,3950,2015-07-01,Buldhana,278
gram,2015,August,65,4183,4567,4400,2015-08-01,Buldhana,384
gram,2015,September,70,4300,4667,4500,2015-09-01,Buldhana,367
gram,2015,October,48,4250,4775,4500,2015-10-01,Buldhana,525
gram,2015,November,300,4180,4480,4320,2015-11-01,Buldhana,300
gram,2015,December,243,3850,4319,4056,2015-12-01,Buldhana,469
gram,2016,January,768,4150,4371,4257,2016-01-01,Buldhana,221
gram,2016,February,7390,4329,4621,4479,2016-02-01,Buldhana,292
gram,2016,March,2020,4060,4318,4190,2016-03-01,Buldhana,258
gram,2016,April,1980,5831,6469,6142,2016-04-01,Buldhana,638
gram,2016,May,1815,6000,6650,6312,2016-05-01,Buldhana,650
gram,2016,June,1330,6294,6929,6621,2016-06-01,Buldhana,635
gram,2016,July,370,7243,7800,7521,2016-07-01,Buldhana,557
gram,2016,August,153,5636,6345,5986,2016-08-01,Buldhana,709
gram,2016,September,59,6500,7343,6929,2016-09-01,Buldhana,843
gram,2016,October,228,8409,9382,8868,2016-10-01,Buldhana,973
gram,2016,November,401,7200,8756,7850,2016-11-01,Buldhana,1556
