Commodity,Year,Month,arrivals_in_qtl,min_price,max_price,modal_price,date,district_name,diff_price
sorgum(jawar),2014,November,17,1150,1800,1500,2014-11-01,Buldhana,650
sorgum(jawar),2015,January,15,1200,1800,1500,2015-01-01,Buldhana,600
sorgum(jawar),2015,March,70,1175,1300,1233,2015-03-01,Buldhana,125
sorgum(jawar),2015,April,55,1185,1717,1417,2015-04-01,Buldhana,532
sorgum(jawar),2015,May,30,1350,1850,1500,2015-05-01,Buldhana,500
sorgum(jawar),2015,June,36,1217,1533,1350,2015-06-01,Buldhana,316
sorgum(jawar),2015,July,9,1150,1280,1180,2015-07-01,Buldhana,130
sorgum(jawar),2015,August,55,1167,1317,1227,2015-08-01,Buldhana,150
sorgum(jawar),2015,September,35,1150,1275,1200,2015-09-01,Buldhana,125
sorgum(jawar),2015,October,59,1100,1325,1225,2015-10-01,Buldhana,225
sorgum(jawar),2015,November,720,1075,1200,1131,2015-11-01,Buldhana,125
sorgum(jawar),2015,December,266,1117,1313,1204,2015-12-01,Buldhana,196
sorgum(jawar),2016,January,296,1183,1423,1283,2016-01-01,Buldhana,240
sorgum(jawar),2016,February,1409,1218,1445,1327,2016-02-01,Buldhana,227
sorgum(jawar),2016,March,255,1140,1360,1250,2016-03-01,Buldhana,220
sorgum(jawar),2016,April,372,1263,1550,1406,2016-04-01,Buldhana,287
sorgum(jawar),2016,May,432,1260,1560,1430,2016-05-01,Buldhana,300
sorgum(jawar),2016,June,452,1262,1505,1382,2016-06-01,Buldhana,243
sorgum(jawar),2016,July,345,1294,1569,1438,2016-07-01,Buldhana,275
sorgum(jawar),2016,August,46,1355,1605,1480,2016-08-01,Buldhana,250
sorgum(jawar),2016,September,139,1260,1565,1415,2016-09-01,Buldhana,305
sorgum(jawar),2016,October,135,1325,1544,1425,2016-10-01,Buldhana,219
sorgum(jawar),2016,November,101,1200,1471,1336,2016-11-01,Buldhana,271
