Commodity,Year,Month,arrivals_in_qtl,min_price,max_price,modal_price,date,district_name,diff_price
green gram,2014,September,8,6300,6500,6400,2014-09-01,Buldhana,200
green gram,2014,October,47,6260,6790,6550,2014-10-01,Buldhana,530
green gram,2014,December,3,6500,7000,6800,2014-12-01,Buldhana,500
green gram,2015,August,64,7000,7300,7175,2015-08-01,Buldhana,300
green gram,2015,September,115,7475,7900,7775,2015-09-01,Buldhana,425
green gram,2015,October,15,7500,8200,7800,2015-10-01,Buldhana,700
green gram,2015,November,113,7433,7767,7567,2015-11-01,Buldhana,334
green gram,2015,December,9,6500,7500,7000,2015-12-01,Buldhana,1000
green gram,2016,April,50,5800,6000,5900,2016-04-01,Buldhana,200
green gram,2016,June,20,5000,6000,5500,2016-06-01,Buldhana,1000
green gram,2016,August,40,4333,4584,4417,2016-08-01,Buldhana,251
green gram,2016,September,678,4764,5045,4909,2016-09-01,Buldhana,281
green gram,2016,October,555,4300,4945,4591,2016-10-01,Buldhana,645
green gram,2016,November,127,4167,4800,4442,2016-11-01,Buldhana,633
