Commodity,Year,Month,arrivals_in_qtl,min_price,max_price,modal_price,date,district_name,diff_price
black gram,2014,December,3,4500,5000,4750,2014-12-01,Buldhana,500
black gram,2015,August,7,7000,7500,7300,2015-08-01,Buldhana,500
black gram,2015,September,9,7000,7500,7300,2015-09-01,Buldhana,500
black gram,2015,November,23,7200,7800,7500,2015-11-01,Buldhana,600
black gram,2015,December,59,7625,8575,8113,2015-12-01,Buldhana,950
black gram,2016,April,65,7150,7850,7500,2016-04-01,Buldhana,700
black gram,2016,May,93,6500,7200,6850,2016-05-01,Buldhana,700
black gram,2016,June,10,10000,13000,11500,2016-06-01,Buldhana,3000
black gram,2016,August,6,6000,7500,6750,2016-08-01,Buldhana,1500
black gram,2016,September,251,6083,6967,6692,2016-09-01,Buldhana,884
black gram,2016,October,1141,5582,6986,6223,2016-10-01,Buldhana,1404
black gram,2016,November,269,5000,6700,5794,2016-11-01,Buldhana,1700
