Commodity,Year,Month,arrivals_in_qtl,min_price,max_price,modal_price,date,district_name,diff_price
wheat(husked),2014,September,12,1800,2000,1900,2014-09-01,Buldhana,200
wheat(husked),2014,November,15,1300,1800,1600,2014-11-01,Buldhana,500
wheat(husked),2014,December,52,1250,1767,1567,2014-12-01,Buldhana,517
wheat(husked),2015,January,27,1450,1975,1700,2015-01-01,Buldhana,525
wheat(husked),2015,March,755,1091,1490,1260,2015-03-01,Buldhana,399
wheat(husked),2015,April,435,1420,1985,1635,2015-04-01,Buldhana,565
wheat(husked),2015,June,67,1250,1395,1300,2015-06-01,Buldhana,145
wheat(husked),2015,July,55,1425,1800,1650,2015-07-01,Buldhana,375
wheat(husked),2015,August,136,1333,1490,1417,2015-08-01,Buldhana,157
wheat(husked),2015,September,73,1338,1625,1450,2015-09-01,Buldhana,287
wheat(husked),2015,October,45,1400,1725,1575,2015-10-01,Buldhana,325
wheat(husked),2015,November,617,1420,1668,1540,2015-11-01,Buldhana,248
wheat(husked),2015,December,293,1370,1630,1472,2015-12-01,Buldhana,260
wheat(husked),2016,January,360,1372,1627,1485,2016-01-01,Buldhana,255
wheat(husked),2016,February,1638,1377,1627,1500,2016-02-01,Buldhana,250
wheat(husked),2016,March,170,1500,1817,1667,2016-03-01,Buldhana,317
wheat(husked),2016,April,525,1489,1767,1628,2016-04-01,Buldhana,278
wheat(husked),2016,May,785,1392,1758,1575,2016-05-01,Buldhana,366
wheat(husked),2016,June,565,1477,1854,1654,2016-06-01,Buldhana,377
wheat(husked),2016,July,340,1525,1875,1694,2016-07-01,Buldhana,350
wheat(husked),2016,August,141,1540,1950,1731,2016-08-01,Buldhana,410
wheat(husked),2016,September,129,1488,1919,1681,2016-09-01,Buldhana,431
wheat(husked),2016,October,160,1505,1864,1673,2016-10-01,Buldhana,359
wheat(husked),2016,November,228,1438,1788,1600,2016-11-01,Buldhana,350
