Commodity,Year,Month,arrivals_in_qtl,min_price,max_price,modal_price,date,district_name,diff_price
soybean,2015,February,60,3650,3751,3725,2015-02-01,Latur,101
soybean,2016,January,509,3626,3749,3698,2016-01-01,Latur,123
soybean,2016,February,330,3565,3729,3679,2016-02-01,Latur,164
soybean,2016,March,126,3653,3764,3726,2016-03-01,Latur,111
soybean,2016,April,351,3858,4076,3995,2016-04-01,Latur,218
soybean,2016,May,252,3739,3973,3880,2016-05-01,Latur,234
soybean,2016,June,313,3687,3942,3810,2016-06-01,Latur,255
soybean,2016,July,48,3380,3672,3547,2016-07-01,Latur,292
soybean,2016,August,282,3303,3517,3418,2016-08-01,Latur,214
soybean,2016,September,74,3196,3313,3236,2016-09-01,Latur,117
soybean,2016,October,487,2810,2930,2832,2016-10-01,Latur,120
soybean,2016,November,696,2721,2853,2773,2016-11-01,Latur,132
