Commodity,Year,Month,arrivals_in_qtl,min_price,max_price,modal_price,date,district_name,diff_price
sorgum(jawar),2016,January,22,1863,1922,1863,2016-01-01,Latur,59
sorgum(jawar),2016,February,13,1988,1988,1988,2016-02-01,Latur,0
sorgum(jawar),2016,March,9,2026,2026,2026,2016-03-01,Latur,0
sorgum(jawar),2016,April,19,1923,2294,2120,2016-04-01,Latur,371
sorgum(jawar),2016,May,16,2208,2208,2208,2016-05-01,Latur,0
sorgum(jawar),2016,June,22,1983,1983,1983,2016-06-01,Latur,0
sorgum(jawar),2016,August,2,1670,1670,1670,2016-08-01,Latur,0
sorgum(jawar),2016,September,9,1716,1802,1752,2016-09-01,Latur,86
sorgum(jawar),2016,October,1,1701,1701,1701,2016-10-01,Latur,0
sorgum(jawar),2016,November,3,2451,2451,2451,2016-11-01,Latur,0
