Commodity,Year,Month,arrivals_in_qtl,min_price,max_price,modal_price,date,district_name,diff_price
gram,2015,February,1,4049,4049,4049,2015-02-01,Latur,0
gram,2016,January,143,4097,4319,4251,2016-01-01,Latur,222
gram,2016,February,158,4008,4137,4084,2016-02-01,Latur,129
gram,2016,March,63,4048,4221,4183,2016-03-01,Latur,173
gram,2016,April,140,4966,5200,5109,2016-04-01,Latur,234
gram,2016,May,54,5548,5643,5564,2016-05-01,Latur,95
gram,2016,June,51,6337,6670,6473,2016-06-01,Latur,333
gram,2016,July,7,6560,7421,6650,2016-07-01,Latur,861
gram,2016,August,9,6148,6308,6194,2016-08-01,Latur,160
gram,2016,October,6,9167,9183,9167,2016-10-01,Latur,16
gram,2016,November,8,8317,8499,8384,2016-11-01,Latur,182
