Commodity,Year,Month,arrivals_in_qtl,min_price,max_price,modal_price,date,district_name,diff_price
pigeon pea (tur),2015,February,9,8616,8767,8690,2015-02-01,Latur,151
pigeon pea (tur),2016,January,346,8937,9373,9217,2016-01-01,Latur,436
pigeon pea (tur),2016,February,155,8144,8460,8320,2016-02-01,Latur,316
pigeon pea (tur),2016,March,79,7816,8213,8092,2016-03-01,Latur,397
pigeon pea (tur),2016,April,118,8383,9171,8987,2016-04-01,Latur,788
pigeon pea (tur),2016,May,102,8573,8907,8774,2016-05-01,Latur,334
pigeon pea (tur),2016,June,120,8751,9006,8901,2016-06-01,Latur,255
pigeon pea (tur),2016,July,14,8114,8723,8435,2016-07-01,Latur,609
pigeon pea (tur),2016,August,56,6537,6854,6701,2016-08-01,Latur,317
pigeon pea (tur),2016,September,21,6307,6729,6444,2016-09-01,Latur,422
pigeon pea (tur),2016,October,5,6168,6273,6168,2016-10-01,Latur,105
pigeon pea (tur),2016,November,9,5491,5491,5491,2016-11-01,Latur,0
