Commodity,Year,Month,arrivals_in_qtl,min_price,max_price,modal_price,date,district_name,diff_price
castor seed,2014,September,11,3000,3300,3150,2014-09-01,Jalgaon,300
castor seed,2016,March,43,2313,2750,2525,2016-03-01,Jalgaon,437
castor seed,2016,April,28,2550,2678,2550,2016-04-01,Jalgaon,128
castor seed,2016,May,13,2750,2800,2750,2016-05-01,Jalgaon,50
castor seed,2016,June,15,3000,3500,3325,2016-06-01,Jalgaon,500
castor seed,2016,July,7,3000,3400,3300,2016-07-01,Jalgaon,400
castor seed,2016,September,4,2500,3500,3000,2016-09-01,Jalgaon,1000
