Commodity,Year,Month,arrivals_in_qtl,min_price,max_price,modal_price,date,district_name,diff_price
bajri,2014,September,2759,1224,1379,1308,2014-09-01,Jalgaon,155
bajri,2014,October,1155,1208,1338,1283,2014-10-01,Jalgaon,130
bajri,2014,December,6805,1102,1362,1302,2014-12-01,Jalgaon,260
bajri,2015,January,4575,1147,1405,1333,2015-01-01,Jalgaon,258
bajri,2015,February,3050,1124,1371,1309,2015-02-01,Jalgaon,247
bajri,2015,March,2045,1100,1360,1288,2015-03-01,Jalgaon,260
bajri,2015,July,2446,1090,1298,1248,2015-07-01,Jalgaon,208
bajri,2015,August,3115,1173,1349,1314,2015-08-01,Jalgaon,176
bajri,2015,September,1230,1314,1440,1393,2015-09-01,Jalgaon,126
bajri,2015,November,625,1300,1447,1367,2015-11-01,Jalgaon,147
bajri,2015,December,5835,1308,1581,1424,2015-12-01,Jalgaon,273
bajri,2016,January,3080,1343,1576,1468,2016-01-01,Jalgaon,233
bajri,2016,February,1980,1361,1594,1482,2016-02-01,Jalgaon,233
bajri,2016,March,1724,1358,1697,1597,2016-03-01,Jalgaon,339
bajri,2016,April,1164,1449,1886,1745,2016-04-01,Jalgaon,437
bajri,2016,May,1658,1417,1905,1783,2016-05-01,Jalgaon,488
bajri,2016,June,434,1429,1888,1754,2016-06-01,Jalgaon,459
bajri,2016,July,96,1390,1900,1798,2016-07-01,Jalgaon,510
bajri,2016,August,153,1350,1737,1569,2016-08-01,Jalgaon,387
bajri,2016,September,335,1371,1753,1612,2016-09-01,Jalgaon,382
bajri,2016,October,702,1262,1715,1517,2016-10-01,Jalgaon,453
bajri,2016,November,485,1176,1675,1525,2016-11-01,Jalgaon,499
