Commodity,Year,Month,arrivals_in_qtl,min_price,max_price,modal_price,date,district_name,diff_price
sorgum(jawar),2014,September,2022,1140,1486,1402,2014-09-01,Jalgaon,346
sorgum(jawar),2014,October,775,1142,1492,1400,2014-10-01,Jalgaon,350
sorgum(jawar),2014,December,3682,1202,1441,1364,2014-12-01,Jalgaon,239
sorgum(jawar),2015,January,2965,1208,1508,1376,2015-01-01,Jalgaon,300
sorgum(jawar),2015,February,2960,1219,2222,1361,2015-02-01,Jalgaon,1003
sorgum(jawar),2015,March,1725,1200,1464,1355,2015-03-01,Jalgaon,264
sorgum(jawar),2015,July,2234,1127,1360,1313,2015-07-01,Jalgaon,233
sorgum(jawar),2015,August,2645,1164,1375,1327,2015-08-01,Jalgaon,211
sorgum(jawar),2015,September,1150,1188,1411,1378,2015-09-01,Jalgaon,223
sorgum(jawar),2015,November,370,1200,1366,1313,2015-11-01,Jalgaon,166
sorgum(jawar),2015,December,3675,1222,1354,1315,2015-12-01,Jalgaon,132
sorgum(jawar),2016,January,2535,1269,1354,1318,2016-01-01,Jalgaon,85
sorgum(jawar),2016,February,1747,1306,1392,1345,2016-02-01,Jalgaon,86
sorgum(jawar),2016,March,1760,1305,1403,1358,2016-03-01,Jalgaon,98
sorgum(jawar),2016,April,1355,1332,1478,1410,2016-04-01,Jalgaon,146
sorgum(jawar),2016,May,2284,1388,1541,1488,2016-05-01,Jalgaon,153
sorgum(jawar),2016,June,486,1403,1562,1487,2016-06-01,Jalgaon,159
sorgum(jawar),2016,July,74,1408,1594,1513,2016-07-01,Jalgaon,186
sorgum(jawar),2016,August,115,1355,1600,1452,2016-08-01,Jalgaon,245
sorgum(jawar),2016,September,273,1398,1578,1492,2016-09-01,Jalgaon,180
sorgum(jawar),2016,October,587,1236,1447,1335,2016-10-01,Jalgaon,211
sorgum(jawar),2016,November,630,1080,1277,1200,2016-11-01,Jalgaon,197
