Commodity,Year,Month,arrivals_in_qtl,min_price,max_price,modal_price,date,district_name,diff_price
matki,2015,February,7,6000,7100,6500,2015-02-01,Jalgaon,1100
matki,2015,March,7,6500,7500,7000,2015-03-01,Jalgaon,1000
matki,2015,July,10,4781,5500,5150,2015-07-01,Jalgaon,719
matki,2015,December,9,6500,8000,7500,2015-12-01,Jalgaon,1500
matki,2016,January,22,6200,7734,7333,2016-01-01,Jalgaon,1534
matki,2016,February,5,4000,6000,5375,2016-02-01,Jalgaon,2000
matki,2016,March,11,4300,4500,4350,2016-03-01,Jalgaon,200
