Commodity,Year,Month,arrivals_in_qtl,min_price,max_price,modal_price,date,district_name,diff_price
sunflower,2014,December,37,2767,2983,2883,2014-12-01,Jalgaon,216
sunflower,2015,January,30,2733,2950,2867,2015-01-01,Jalgaon,217
sunflower,2015,February,66,2750,3108,2990,2015-02-01,Jalgaon,358
sunflower,2015,March,27,2807,2980,2867,2015-03-01,Jalgaon,173
sunflower,2015,November,9,3100,5176,4900,2015-11-01,Jalgaon,2076
sunflower,2015,December,47,2578,2895,2780,2015-12-01,Jalgaon,317
sunflower,2016,January,10,2830,3353,3250,2016-01-01,Jalgaon,523
