Commodity,Year,Month,arrivals_in_qtl,min_price,max_price,modal_price,date,district_name,diff_price
onion,2016,April,31252,434,739,619,2016-04-01,Jalgaon,305
onion,2016,May,43507,451,708,580,2016-05-01,Jalgaon,257
onion,2016,June,23334,356,852,594,2016-06-01,Jalgaon,496
onion,2016,July,7091,322,807,508,2016-07-01,Jalgaon,485
onion,2016,August,22586,313,801,501,2016-08-01,Jalgaon,488
onion,2016,September,26063,213,506,332,2016-09-01,Jalgaon,293
onion,2016,October,33895,276,750,492,2016-10-01,Jalgaon,474
onion,2016,November,19086,300,943,564,2016-11-01,Jalgaon,643
