Commodity,Year,Month,arrivals_in_qtl,min_price,max_price,modal_price,date,district_name,diff_price
pigeon pea (tur),2014,September,206,3456,3919,3741,2014-09-01,Jalgaon,463
pigeon pea (tur),2014,December,13,4000,4200,4000,2014-12-01,Jalgaon,200
pigeon pea (tur),2015,January,161,4233,4353,4417,2015-01-01,Jalgaon,120
pigeon pea (tur),2015,February,317,4506,5171,4818,2015-02-01,Jalgaon,665
pigeon pea (tur),2015,March,158,4441,5229,4945,2015-03-01,Jalgaon,788
pigeon pea (tur),2015,July,223,5117,5711,5533,2015-07-01,Jalgaon,594
pigeon pea (tur),2015,August,166,5273,6105,5868,2015-08-01,Jalgaon,832
pigeon pea (tur),2015,September,65,7008,7296,7183,2015-09-01,Jalgaon,288
pigeon pea (tur),2015,November,42,4500,5500,5225,2015-11-01,Jalgaon,1000
pigeon pea (tur),2015,December,254,6445,7517,7199,2015-12-01,Jalgaon,1072
pigeon pea (tur),2016,January,221,7021,8070,7703,2016-01-01,Jalgaon,1049
pigeon pea (tur),2016,February,238,6655,7470,7222,2016-02-01,Jalgaon,815
pigeon pea (tur),2016,March,353,6513,7212,7038,2016-03-01,Jalgaon,699
pigeon pea (tur),2016,April,327,7325,7858,7680,2016-04-01,Jalgaon,533
pigeon pea (tur),2016,May,373,7071,7739,7549,2016-05-01,Jalgaon,668
pigeon pea (tur),2016,June,103,7000,7614,7341,2016-06-01,Jalgaon,614
pigeon pea (tur),2016,July,18,7200,7900,7575,2016-07-01,Jalgaon,700
