Commodity,Year,Month,arrivals_in_qtl,min_price,max_price,modal_price,date,district_name,diff_price
maize,2014,September,2186,1189,1295,1256,2014-09-01,Jalgaon,106
maize,2014,October,3210,1022,1230,1180,2014-10-01,Jalgaon,208
maize,2014,December,41170,929,1124,1046,2014-12-01,Jalgaon,195
maize,2015,January,40835,1044,1194,1128,2015-01-01,Jalgaon,150
maize,2015,February,23275,1093,1193,1123,2015-02-01,Jalgaon,100
maize,2015,March,9850,1108,1216,1143,2015-03-01,Jalgaon,108
maize,2015,July,2836,1129,1374,1315,2015-07-01,Jalgaon,245
maize,2015,August,2950,1183,1438,1388,2015-08-01,Jalgaon,255
maize,2015,September,450,1200,1386,1333,2015-09-01,Jalgaon,186
maize,2015,November,1015,1335,1506,1443,2015-11-01,Jalgaon,171
maize,2015,December,46510,1313,1455,1407,2015-12-01,Jalgaon,142
maize,2016,January,26050,1364,1437,1412,2016-01-01,Jalgaon,73
maize,2016,February,21280,1307,1423,1392,2016-02-01,Jalgaon,116
maize,2016,March,20850,1267,1414,1385,2016-03-01,Jalgaon,147
maize,2016,April,20500,1300,1408,1363,2016-04-01,Jalgaon,108
maize,2016,May,13435,1348,1465,1413,2016-05-01,Jalgaon,117
maize,2016,June,1502,1442,1590,1529,2016-06-01,Jalgaon,148
maize,2016,July,38,1600,1770,1675,2016-07-01,Jalgaon,170
maize,2016,August,49,1394,1587,1479,2016-08-01,Jalgaon,193
maize,2016,September,114,1417,1654,1563,2016-09-01,Jalgaon,237
maize,2016,October,29340,780,1166,965,2016-10-01,Jalgaon,386
maize,2016,November,58860,941,1233,1111,2016-11-01,Jalgaon,292
