Commodity,Year,Month,arrivals_in_qtl,min_price,max_price,modal_price,date,district_name,diff_price
gram,2014,September,110,2180,2655,2455,2014-09-01,Jalgaon,475
gram,2014,October,34,2233,2667,2450,2014-10-01,Jalgaon,434
gram,2014,December,78,2000,2575,2325,2014-12-01,Jalgaon,575
gram,2015,January,121,2267,2867,2533,2015-01-01,Jalgaon,600
gram,2015,February,111,2558,3200,3033,2015-02-01,Jalgaon,642
gram,2015,March,53,2617,3198,3000,2015-03-01,Jalgaon,581
gram,2015,July,246,3536,4013,3828,2015-07-01,Jalgaon,477
gram,2015,August,63,3340,3920,3770,2015-08-01,Jalgaon,580
gram,2015,September,53,3834,4945,4820,2015-09-01,Jalgaon,1111
gram,2015,December,82,3600,4911,4473,2015-12-01,Jalgaon,1311
gram,2016,January,88,3422,4492,4232,2016-01-01,Jalgaon,1070
gram,2016,February,122,3784,4256,3956,2016-02-01,Jalgaon,472
gram,2016,March,360,3841,4268,4132,2016-03-01,Jalgaon,427
gram,2016,April,214,4618,4929,4764,2016-04-01,Jalgaon,311
gram,2016,May,188,4885,5472,5322,2016-05-01,Jalgaon,587
gram,2016,June,17,5200,6067,5800,2016-06-01,Jalgaon,867
gram,2016,August,14,5000,6000,5500,2016-08-01,Jalgaon,1000
gram,2016,October,32,5000,9000,7000,2016-10-01,Jalgaon,4000
