Commodity,Year,Month,arrivals_in_qtl,min_price,max_price,modal_price,date,district_name,diff_price
wheat(husked),2014,September,2433,1380,1665,1574,2014-09-01,Jalgaon,285
wheat(husked),2014,October,985,1392,1708,1567,2014-10-01,Jalgaon,316
wheat(husked),2014,December,6210,1402,1686,1569,2014-12-01,Jalgaon,284
wheat(husked),2015,January,3990,1340,1680,1523,2015-01-01,Jalgaon,340
wheat(husked),2015,February,2900,1406,1700,1512,2015-02-01,Jalgaon,294
wheat(husked),2015,March,2095,1379,1708,1467,2015-03-01,Jalgaon,329
wheat(husked),2015,July,2544,1570,1844,1734,2015-07-01,Jalgaon,274
wheat(husked),2015,August,2898,1399,1575,1495,2015-08-01,Jalgaon,176
wheat(husked),2015,September,1370,1400,1656,1562,2015-09-01,Jalgaon,256
wheat(husked),2015,November,450,1500,1863,1725,2015-11-01,Jalgaon,363
wheat(husked),2015,December,4275,1439,1669,1537,2015-12-01,Jalgaon,230
wheat(husked),2016,January,2560,1452,1896,1605,2016-01-01,Jalgaon,444
wheat(husked),2016,February,1814,1447,1831,1630,2016-02-01,Jalgaon,384
wheat(husked),2016,March,1667,1444,2670,1751,2016-03-01,Jalgaon,1226
wheat(husked),2016,April,1270,1497,2001,1816,2016-04-01,Jalgaon,504
wheat(husked),2016,May,1661,1444,1896,1801,2016-05-01,Jalgaon,452
wheat(husked),2016,June,443,1528,1957,1813,2016-06-01,Jalgaon,429
wheat(husked),2016,July,94,1425,1913,1713,2016-07-01,Jalgaon,488
wheat(husked),2016,August,114,1410,1789,1586,2016-08-01,Jalgaon,379
wheat(husked),2016,September,304,1426,1748,1587,2016-09-01,Jalgaon,322
wheat(husked),2016,October,650,1440,1800,1598,2016-10-01,Jalgaon,360
wheat(husked),2016,November,635,1440,1854,1610,2016-11-01,Jalgaon,414
