Commodity,Year,Month,arrivals_in_qtl,min_price,max_price,modal_price,date,district_name,diff_price
ground nut pods (dry),2014,September,729,3492,4225,3946,2014-09-01,Jalgaon,733
ground nut pods (dry),2014,October,269,3267,3967,3717,2014-10-01,Jalgaon,700
ground nut pods (dry),2014,December,98,3500,4167,3942,2014-12-01,Jalgaon,667
ground nut pods (dry),2015,January,109,3794,4366,4119,2015-01-01,Jalgaon,572
ground nut pods (dry),2015,February,33,3600,4400,4125,2015-02-01,Jalgaon,800
ground nut pods (dry),2015,July,310,4828,5608,5450,2015-07-01,Jalgaon,780
ground nut pods (dry),2015,August,102,4307,5235,5032,2015-08-01,Jalgaon,928
ground nut pods (dry),2015,November,36,3450,4700,4500,2015-11-01,Jalgaon,1250
ground nut pods (dry),2015,December,147,4036,4771,4479,2015-12-01,Jalgaon,735
ground nut pods (dry),2016,January,52,4013,4825,4498,2016-01-01,Jalgaon,812
ground nut pods (dry),2016,February,47,3633,4678,4292,2016-02-01,Jalgaon,1045
ground nut pods (dry),2016,April,15,3300,4700,4000,2016-04-01,Jalgaon,1400
