Commodity,Year,Month,arrivals_in_qtl,min_price,max_price,modal_price,date,district_name,diff_price
black gram,2014,September,99,3532,4332,4068,2014-09-01,Jalgaon,800
black gram,2014,October,62,3117,4083,3800,2014-10-01,Jalgaon,966
black gram,2014,December,101,3992,4892,4458,2014-12-01,Jalgaon,900
black gram,2015,January,79,4150,5100,4563,2015-01-01,Jalgaon,950
black gram,2015,February,24,5000,5500,5150,2015-02-01,Jalgaon,500
black gram,2015,March,20,4850,5450,5050,2015-03-01,Jalgaon,600
black gram,2015,August,13,6935,7481,7125,2015-08-01,Jalgaon,546
black gram,2015,September,67,6321,7613,7396,2015-09-01,Jalgaon,1292
black gram,2015,November,10,5600,6901,6000,2015-11-01,Jalgaon,1301
black gram,2015,December,72,6690,8685,7860,2015-12-01,Jalgaon,1995
black gram,2016,February,6,9000,10000,9500,2016-02-01,Jalgaon,1000
black gram,2016,March,9,7500,9953,8750,2016-03-01,Jalgaon,2453
black gram,2016,August,11,5600,6500,5825,2016-08-01,Jalgaon,900
black gram,2016,September,153,5611,7146,6786,2016-09-01,Jalgaon,1535
black gram,2016,October,203,5714,6717,6414,2016-10-01,Jalgaon,1003
black gram,2016,November,34,4500,5400,5000,2016-11-01,Jalgaon,900
