Commodity,Year,Month,arrivals_in_qtl,min_price,max_price,modal_price,date,district_name,diff_price
soybean,2014,September,27,2500,3217,3033,2014-09-01,Jalgaon,717
soybean,2014,December,83,3000,3210,3080,2014-12-01,Jalgaon,210
soybean,2015,January,66,3078,3279,3169,2015-01-01,Jalgaon,201
soybean,2015,February,79,3042,3163,3083,2015-02-01,Jalgaon,121
soybean,2015,March,22,3000,3165,3000,2015-03-01,Jalgaon,165
soybean,2015,July,30,3111,3250,3200,2015-07-01,Jalgaon,139
soybean,2015,August,20,3000,3250,3125,2015-08-01,Jalgaon,250
soybean,2015,December,119,3074,3406,2988,2015-12-01,Jalgaon,332
soybean,2016,January,156,3062,3409,3275,2016-01-01,Jalgaon,347
soybean,2016,February,100,2945,3457,3311,2016-02-01,Jalgaon,512
soybean,2016,March,38,2834,3523,3383,2016-03-01,Jalgaon,689
soybean,2016,June,7,3000,3400,3275,2016-06-01,Jalgaon,400
soybean,2016,November,74,2195,2570,2425,2016-11-01,Jalgaon,375
