Commodity,Year,Month,arrivals_in_qtl,min_price,max_price,modal_price,date,district_name,diff_price
green gram,2014,September,163,5350,6433,6006,2014-09-01,Jalgaon,1083
green gram,2014,October,54,5875,6700,6250,2014-10-01,Jalgaon,825
green gram,2014,December,30,5500,6967,6600,2014-12-01,Jalgaon,1467
green gram,2015,January,22,5000,5700,4983,2015-01-01,Jalgaon,700
green gram,2015,August,88,5770,6925,6665,2015-08-01,Jalgaon,1155
green gram,2015,September,39,6713,7775,7475,2015-09-01,Jalgaon,1062
green gram,2015,November,18,5500,6950,6500,2015-11-01,Jalgaon,1450
green gram,2015,December,76,5578,6944,6463,2015-12-01,Jalgaon,1366
green gram,2016,January,40,4640,6340,5895,2016-01-01,Jalgaon,1700
green gram,2016,February,12,4300,6250,5975,2016-02-01,Jalgaon,1950
green gram,2016,August,65,4042,4619,4350,2016-08-01,Jalgaon,577
green gram,2016,September,273,4602,5318,4900,2016-09-01,Jalgaon,716
green gram,2016,October,161,4400,4850,4633,2016-10-01,Jalgaon,450
green gram,2016,November,66,3625,4426,3956,2016-11-01,Jalgaon,801
