Commodity,Year,Month,arrivals_in_qtl,min_price,max_price,modal_price,date,district_name,diff_price
paddy-unhusked,2014,November,175,1700,1850,1755,2014-11-01,Gadchiroli,150
paddy-unhusked,2014,December,12846,1811,1929,1853,2014-12-01,Gadchiroli,118
paddy-unhusked,2015,January,16335,1896,1979,1919,2015-01-01,Gadchiroli,83
paddy-unhusked,2015,February,984,1733,1834,1767,2015-02-01,Gadchiroli,101
paddy-unhusked,2015,March,1485,1790,1880,1838,2015-03-01,Gadchiroli,90
paddy-unhusked,2015,April,5343,1733,1853,1787,2015-04-01,Gadchiroli,120
paddy-unhusked,2015,May,13845,1829,1927,1879,2015-05-01,Gadchiroli,98
paddy-unhusked,2015,June,14573,1797,1893,1844,2015-06-01,Gadchiroli,96
paddy-unhusked,2015,July,11339,1780,1889,1834,2015-07-01,Gadchiroli,109
paddy-unhusked,2015,August,10916,1763,1885,2243,2015-08-01,Gadchiroli,122
paddy-unhusked,2015,September,16111,2031,2170,2092,2015-09-01,Gadchiroli,139
paddy-unhusked,2015,October,9996,1925,2664,1990,2015-10-01,Gadchiroli,739
paddy-unhusked,2015,November,7640,1890,2016,1957,2015-11-01,Gadchiroli,126
paddy-unhusked,2015,December,57621,1877,2003,1937,2015-12-01,Gadchiroli,126
paddy-unhusked,2016,January,51321,1869,1988,1932,2016-01-01,Gadchiroli,119
paddy-unhusked,2016,February,47013,1924,2032,1974,2016-02-01,Gadchiroli,108
paddy-unhusked,2016,March,20040,1993,2083,2035,2016-03-01,Gadchiroli,90
paddy-unhusked,2016,April,15993,2098,2917,2149,2016-04-01,Gadchiroli,819
paddy-unhusked,2016,May,28352,2223,2346,2286,2016-05-01,Gadchiroli,123
paddy-unhusked,2016,June,33876,2345,2429,2389,2016-06-01,Gadchiroli,84
paddy-unhusked,2016,July,5744,2323,2405,2367,2016-07-01,Gadchiroli,82
paddy-unhusked,2016,August,5962,2264,2382,2323,2016-08-01,Gadchiroli,118
paddy-unhusked,2016,September,30410,2295,2398,2351,2016-09-01,Gadchiroli,103
paddy-unhusked,2016,October,22274,2375,2474,2424,2016-10-01,Gadchiroli,99
paddy-unhusked,2016,November,22782,1932,2057,1988,2016-11-01,Gadchiroli,125
