Commodity,Year,Month,arrivals_in_qtl,min_price,max_price,modal_price,date,district_name,diff_price
pomegranate,2014,September,432,1816,5500,3540,2014-09-01,Chandrapur,3684
pomegranate,2014,October,207,2646,6115,4423,2014-10-01,Chandrapur,3469
pomegranate,2015,January,68,2686,7357,4500,2015-01-01,Chandrapur,4671
pomegranate,2015,February,85,2893,6750,4071,2015-02-01,Chandrapur,3857
pomegranate,2015,March,26,4217,7667,5750,2015-03-01,Chandrapur,3450
pomegranate,2015,June,70,3429,7786,4929,2015-06-01,Chandrapur,4357
pomegranate,2015,July,362,2064,3193,2686,2015-07-01,Chandrapur,1129
pomegranate,2015,August,38,2500,3667,3233,2015-08-01,Chandrapur,1167
pomegranate,2015,September,189,2623,4092,3577,2015-09-01,Chandrapur,1469
pomegranate,2015,October,245,2750,4307,3914,2015-10-01,Chandrapur,1557
pomegranate,2015,November,87,2000,4617,4117,2015-11-01,Chandrapur,2617
pomegranate,2015,December,294,2118,4912,4018,2015-12-01,Chandrapur,2794
pomegranate,2016,January,166,2240,4593,3627,2016-01-01,Chandrapur,2353
pomegranate,2016,February,99,2125,4908,3583,2016-02-01,Chandrapur,2783
pomegranate,2016,March,213,2300,5100,3740,2016-03-01,Chandrapur,2800
pomegranate,2016,April,110,2000,4667,3383,2016-04-01,Chandrapur,2667
pomegranate,2016,May,111,2367,5278,3467,2016-05-01,Chandrapur,2911
pomegranate,2016,June,26,3750,5250,4500,2016-06-01,Chandrapur,1500
pomegranate,2016,July,282,3042,6333,4583,2016-07-01,Chandrapur,3291
pomegranate,2016,August,513,3825,6525,5175,2016-08-01,Chandrapur,2700
pomegranate,2016,September,322,3158,7763,4921,2016-09-01,Chandrapur,4605
pomegranate,2016,October,168,3400,9233,5933,2016-10-01,Chandrapur,5833
pomegranate,2016,November,248,3469,8781,6031,2016-11-01,Chandrapur,5312
