Commodity,Year,Month,arrivals_in_qtl,min_price,max_price,modal_price,date,district_name,diff_price
banana,2014,September,3621,698,1676,1296,2014-09-01,Chandrapur,978
banana,2014,October,2179,800,2025,1338,2014-10-01,Chandrapur,1225
banana,2015,January,518,700,1689,1200,2015-01-01,Chandrapur,989
banana,2015,February,1140,1021,1742,1468,2015-02-01,Chandrapur,721
banana,2015,March,423,840,1590,1265,2015-03-01,Chandrapur,750
banana,2015,June,1369,938,1577,1200,2015-06-01,Chandrapur,639
banana,2015,July,2496,800,1092,931,2015-07-01,Chandrapur,292
banana,2015,August,340,750,950,850,2015-08-01,Chandrapur,200
banana,2015,September,4296,809,1141,995,2015-09-01,Chandrapur,332
banana,2015,October,3600,726,1053,921,2015-10-01,Chandrapur,327
banana,2015,November,2998,700,1014,886,2015-11-01,Chandrapur,314
banana,2015,December,2931,519,1015,819,2015-12-01,Chandrapur,496
banana,2016,January,2382,548,1016,792,2016-01-01,Chandrapur,468
banana,2016,February,2183,517,1043,787,2016-02-01,Chandrapur,526
banana,2016,March,1561,552,1210,905,2016-03-01,Chandrapur,658
banana,2016,April,1664,558,1258,950,2016-04-01,Chandrapur,700
banana,2016,May,2201,715,1442,1073,2016-05-01,Chandrapur,727
banana,2016,June,3428,530,1264,916,2016-06-01,Chandrapur,734
banana,2016,July,3644,1118,2095,1577,2016-07-01,Chandrapur,977
banana,2016,August,4246,1008,1560,1294,2016-08-01,Chandrapur,552
banana,2016,September,4111,773,1573,1154,2016-09-01,Chandrapur,800
banana,2016,October,3777,758,1788,1288,2016-10-01,Chandrapur,1030
banana,2016,November,2945,625,1454,965,2016-11-01,Chandrapur,829
