Commodity,Year,Month,arrivals_in_qtl,min_price,max_price,modal_price,date,district_name,diff_price
apple,2014,September,787,2687,8726,5522,2014-09-01,Chandrapur,6039
apple,2014,October,583,2164,8000,5071,2014-10-01,Chandrapur,5836
apple,2015,January,57,2500,6875,4063,2015-01-01,Chandrapur,4375
apple,2015,February,81,2471,6176,4000,2015-02-01,Chandrapur,3705
apple,2015,March,24,3400,8100,5600,2015-03-01,Chandrapur,4700
apple,2015,June,32,4000,8500,5875,2015-06-01,Chandrapur,4500
apple,2015,July,177,5050,6570,5570,2015-07-01,Chandrapur,1520
apple,2015,August,180,4000,4900,4500,2015-08-01,Chandrapur,900
apple,2015,September,1420,3615,5055,4390,2015-09-01,Chandrapur,1440
apple,2015,October,547,3318,4882,4355,2015-10-01,Chandrapur,1564
apple,2015,November,195,2813,4775,4388,2015-11-01,Chandrapur,1962
apple,2015,December,556,2237,4616,4042,2015-12-01,Chandrapur,2379
apple,2016,January,279,2869,5038,4208,2016-01-01,Chandrapur,2169
apple,2016,February,842,3225,6272,4371,2016-02-01,Chandrapur,3047
apple,2016,March,139,2950,6470,4300,2016-03-01,Chandrapur,3520
apple,2016,April,138,3000,7750,4500,2016-04-01,Chandrapur,4750
apple,2016,May,312,2920,6638,4910,2016-05-01,Chandrapur,3718
apple,2016,June,221,4500,8375,6250,2016-06-01,Chandrapur,3875
apple,2016,July,166,4357,8229,6357,2016-07-01,Chandrapur,3872
apple,2016,August,1235,4194,8167,6167,2016-08-01,Chandrapur,3973
apple,2016,September,1770,3413,7439,5152,2016-09-01,Chandrapur,4026
apple,2016,October,1568,3190,10262,5524,2016-10-01,Chandrapur,7072
apple,2016,November,543,2853,9765,5000,2016-11-01,Chandrapur,6912
