Commodity,Year,Month,arrivals_in_qtl,min_price,max_price,modal_price,date,district_name,diff_price
kharbuj,2014,September,3,1800,1800,1800,2014-09-01,Chandrapur,0
kharbuj,2015,January,120,1100,2000,1500,2015-01-01,Chandrapur,900
kharbuj,2015,February,570,1040,2000,1520,2015-02-01,Chandrapur,960
kharbuj,2015,March,555,1183,1933,1517,2015-03-01,Chandrapur,750
kharbuj,2016,February,86,800,2000,1500,2016-02-01,Chandrapur,1200
kharbuj,2016,March,1881,664,1591,1082,2016-03-01,Chandrapur,927
kharbuj,2016,April,3918,752,1691,1122,2016-04-01,Chandrapur,939
kharbuj,2016,May,520,938,2125,1456,2016-05-01,Chandrapur,1187
kharbuj,2016,June,188,960,2000,1420,2016-06-01,Chandrapur,1040
