Commodity,Year,Month,arrivals_in_qtl,min_price,max_price,modal_price,date,district_name,diff_price
chikoo,2014,September,53,2072,2906,2450,2014-09-01,Chandrapur,834
chikoo,2014,October,48,1930,2970,2430,2014-10-01,Chandrapur,1040
chikoo,2015,January,89,1411,2533,1778,2015-01-01,Chandrapur,1122
chikoo,2015,February,139,1564,2571,2014,2015-02-01,Chandrapur,1007
chikoo,2015,March,45,2083,3100,2633,2015-03-01,Chandrapur,1017
chikoo,2015,July,21,1933,2667,2300,2015-07-01,Chandrapur,734
chikoo,2015,September,30,1500,2057,1800,2015-09-01,Chandrapur,557
chikoo,2015,October,67,1800,2600,2360,2015-10-01,Chandrapur,800
chikoo,2015,November,8,1500,2500,1800,2015-11-01,Chandrapur,1000
chikoo,2015,December,94,1429,2307,1936,2015-12-01,Chandrapur,878
chikoo,2016,January,149,1475,2350,2000,2016-01-01,Chandrapur,875
chikoo,2016,February,166,1021,2379,1964,2016-02-01,Chandrapur,1358
chikoo,2016,March,166,1023,2469,1977,2016-03-01,Chandrapur,1446
chikoo,2016,April,48,1500,2463,2025,2016-04-01,Chandrapur,963
chikoo,2016,May,37,1443,2557,2057,2016-05-01,Chandrapur,1114
chikoo,2016,June,75,1757,2643,2271,2016-06-01,Chandrapur,886
chikoo,2016,July,17,2200,3220,2700,2016-07-01,Chandrapur,1020
chikoo,2016,August,26,1550,2317,1875,2016-08-01,Chandrapur,767
chikoo,2016,September,9,1667,3333,2500,2016-09-01,Chandrapur,1666
chikoo,2016,October,27,2500,4500,3500,2016-10-01,Chandrapur,2000
chikoo,2016,November,15,3250,4750,4000,2016-11-01,Chandrapur,1500
