Commodity,Year,Month,arrivals_in_qtl,min_price,max_price,modal_price,date,district_name,diff_price
mosambi,2014,September,127,1474,2884,2137,2014-09-01,Chandrapur,1410
mosambi,2014,October,154,1627,2982,2118,2014-10-01,Chandrapur,1355
mosambi,2015,January,23,1633,3000,2200,2015-01-01,Chandrapur,1367
mosambi,2015,February,100,1823,2654,2192,2015-02-01,Chandrapur,831
mosambi,2015,March,13,2250,3250,2750,2015-03-01,Chandrapur,1000
mosambi,2015,June,16,2540,3000,2720,2015-06-01,Chandrapur,460
mosambi,2015,July,12,2600,3033,2833,2015-07-01,Chandrapur,433
mosambi,2015,September,120,1300,2000,1740,2015-09-01,Chandrapur,700
mosambi,2015,October,118,1143,2443,2171,2015-10-01,Chandrapur,1300
mosambi,2015,November,10,1000,2100,1800,2015-11-01,Chandrapur,1100
mosambi,2015,December,3,1000,2200,2000,2015-12-01,Chandrapur,1200
mosambi,2016,January,47,1667,2933,2333,2016-01-01,Chandrapur,1266
mosambi,2016,February,19,1600,3225,2600,2016-02-01,Chandrapur,1625
mosambi,2016,March,17,1450,2825,2250,2016-03-01,Chandrapur,1375
mosambi,2016,May,8,3250,4500,4000,2016-05-01,Chandrapur,1250
mosambi,2016,July,4,3000,4000,3500,2016-07-01,Chandrapur,1000
mosambi,2016,August,123,1800,2817,2200,2016-08-01,Chandrapur,1017
mosambi,2016,September,171,1971,3657,2700,2016-09-01,Chandrapur,1686
mosambi,2016,October,42,3083,5333,4167,2016-10-01,Chandrapur,2250
mosambi,2016,November,26,4250,6125,5250,2016-11-01,Chandrapur,1875
