Commodity,Year,Month,arrivals_in_qtl,min_price,max_price,modal_price,date,district_name,diff_price
pigeon pea (tur),2014,September,82,4313,4539,4479,2014-09-01,Chandrapur,226
pigeon pea (tur),2014,October,4,4495,4495,4495,2014-10-01,Chandrapur,0
pigeon pea (tur),2015,January,1345,4633,4874,4771,2015-01-01,Chandrapur,241
pigeon pea (tur),2015,February,2561,5049,5390,5216,2015-02-01,Chandrapur,341
pigeon pea (tur),2015,March,294,5050,5570,5335,2015-03-01,Chandrapur,520
pigeon pea (tur),2015,May,27,6000,6700,6500,2015-05-01,Chandrapur,700
pigeon pea (tur),2015,June,196,6350,6624,6488,2015-06-01,Chandrapur,274
pigeon pea (tur),2015,July,122,6180,6706,6597,2015-07-01,Chandrapur,526
pigeon pea (tur),2015,December,304,6546,7825,7667,2015-12-01,Chandrapur,1279
pigeon pea (tur),2016,January,1801,8019,8454,8223,2016-01-01,Chandrapur,435
pigeon pea (tur),2016,February,1160,6921,7405,7218,2016-02-01,Chandrapur,484
pigeon pea (tur),2016,March,1191,7295,7795,7606,2016-03-01,Chandrapur,500
pigeon pea (tur),2016,April,720,7784,8852,8550,2016-04-01,Chandrapur,1068
pigeon pea (tur),2016,May,304,7653,8389,8229,2016-05-01,Chandrapur,736
pigeon pea (tur),2016,June,348,7970,8226,8146,2016-06-01,Chandrapur,256
pigeon pea (tur),2016,July,17,8250,8508,8450,2016-07-01,Chandrapur,258
pigeon pea (tur),2016,October,20,5748,5810,5773,2016-10-01,Chandrapur,62
