Commodity,Year,Month,arrivals_in_qtl,min_price,max_price,modal_price,date,district_name,diff_price
green gram,2014,September,2,5700,5800,5750,2014-09-01,Chandrapur,100
green gram,2015,February,12,6392,6458,6425,2015-02-01,Chandrapur,66
green gram,2015,March,7,6000,6175,6090,2015-03-01,Chandrapur,175
green gram,2016,March,18,5539,5865,5713,2016-03-01,Chandrapur,326
green gram,2016,April,10,6100,6305,6200,2016-04-01,Chandrapur,205
green gram,2016,May,8,5200,5490,5400,2016-05-01,Chandrapur,290
green gram,2016,June,11,5200,6300,6300,2016-06-01,Chandrapur,1100
