Commodity,Year,Month,arrivals_in_qtl,min_price,max_price,modal_price,date,district_name,diff_price
grapes,2014,September,9,5520,6920,6120,2014-09-01,Chandrapur,1400
grapes,2014,October,7,4667,7000,5833,2014-10-01,Chandrapur,2333
grapes,2015,January,236,2422,5278,3222,2015-01-01,Chandrapur,2856
grapes,2015,February,1035,2789,5842,4053,2015-02-01,Chandrapur,3053
grapes,2015,March,613,3500,6278,4833,2015-03-01,Chandrapur,2778
grapes,2015,June,14,2933,5333,4167,2015-06-01,Chandrapur,2400
grapes,2015,December,24,2833,4833,4067,2015-12-01,Chandrapur,2000
grapes,2016,January,416,2177,4577,3700,2016-01-01,Chandrapur,2400
grapes,2016,February,754,1891,4500,3273,2016-02-01,Chandrapur,2609
grapes,2016,March,1460,1711,4847,3484,2016-03-01,Chandrapur,3136
grapes,2016,April,1270,1927,5932,3586,2016-04-01,Chandrapur,4005
grapes,2016,May,180,2100,5320,3290,2016-05-01,Chandrapur,3220
grapes,2016,October,15,2500,3400,2950,2016-10-01,Chandrapur,900
