Commodity,Year,Month,arrivals_in_qtl,min_price,max_price,modal_price,date,district_name,diff_price
pineapple,2014,September,640,20,50,35,2014-09-01,Chandrapur,30
pineapple,2015,February,900,25,42,33,2015-02-01,Chandrapur,17
pineapple,2015,July,1202,33,43,38,2015-07-01,Chandrapur,10
pineapple,2015,August,200,35,45,40,2015-08-01,Chandrapur,10
pineapple,2015,September,150,35,45,40,2015-09-01,Chandrapur,10
pineapple,2015,October,1400,36,46,41,2015-10-01,Chandrapur,10
pineapple,2015,November,1270,25,39,34,2015-11-01,Chandrapur,14
pineapple,2015,December,200,15,30,25,2015-12-01,Chandrapur,15
pineapple,2016,February,700,255,568,413,2016-02-01,Chandrapur,313
pineapple,2016,March,1600,10,35,26,2016-03-01,Chandrapur,25
pineapple,2016,April,455,25,45,33,2016-04-01,Chandrapur,20
pineapple,2016,May,450,33,50,40,2016-05-01,Chandrapur,17
pineapple,2016,June,750,34,51,44,2016-06-01,Chandrapur,17
pineapple,2016,July,200,30,45,35,2016-07-01,Chandrapur,15
pineapple,2016,September,200,30,55,45,2016-09-01,Chandrapur,25
pineapple,2016,November,433,30,45,40,2016-11-01,Chandrapur,15
