Commodity,Year,Month,arrivals_in_qtl,min_price,max_price,modal_price,date,district_name,diff_price
papai,2014,September,423,973,2013,1380,2014-09-01,Chandrapur,1040
papai,2014,October,262,954,1923,1400,2014-10-01,Chandrapur,969
papai,2015,January,191,729,1400,1071,2015-01-01,Chandrapur,671
papai,2015,February,290,800,1544,1189,2015-02-01,Chandrapur,744
papai,2015,March,346,807,1414,1121,2015-03-01,Chandrapur,607
papai,2015,June,133,1083,2050,1717,2015-06-01,Chandrapur,967
papai,2015,July,142,1400,1820,1620,2015-07-01,Chandrapur,420
papai,2015,September,712,1375,2000,1775,2015-09-01,Chandrapur,625
papai,2015,October,193,1083,2000,1767,2015-10-01,Chandrapur,917
papai,2015,November,229,833,1867,1667,2015-11-01,Chandrapur,1034
papai,2015,December,542,509,1545,1309,2015-12-01,Chandrapur,1036
papai,2016,January,465,560,1330,990,2016-01-01,Chandrapur,770
papai,2016,February,223,533,1456,1056,2016-02-01,Chandrapur,923
papai,2016,March,120,533,1450,1033,2016-03-01,Chandrapur,917
papai,2016,April,46,500,1500,1200,2016-04-01,Chandrapur,1000
papai,2016,June,54,2267,3667,3033,2016-06-01,Chandrapur,1400
papai,2016,July,320,2583,3917,3250,2016-07-01,Chandrapur,1334
papai,2016,August,165,1800,2825,2250,2016-08-01,Chandrapur,1025
papai,2016,September,247,1513,2725,2088,2016-09-01,Chandrapur,1212
papai,2016,October,260,1417,3000,2167,2016-10-01,Chandrapur,1583
papai,2016,November,370,1182,2955,2000,2016-11-01,Chandrapur,1773
