Commodity,Year,Month,arrivals_in_qtl,min_price,max_price,modal_price,date,district_name,diff_price
gram,2014,September,54,2283,2638,2521,2014-09-01,Chandrapur,355
gram,2014,October,139,2096,2165,2134,2014-10-01,Chandrapur,69
gram,2015,March,224,3000,3325,3180,2015-03-01,Chandrapur,325
gram,2015,May,13,4175,4285,4250,2015-05-01,Chandrapur,110
gram,2015,June,579,3950,4162,4061,2015-06-01,Chandrapur,212
gram,2015,July,48,3540,3837,3738,2015-07-01,Chandrapur,297
gram,2016,February,931,3875,4041,3960,2016-02-01,Chandrapur,166
gram,2016,March,1380,4112,4247,4206,2016-03-01,Chandrapur,135
gram,2016,April,840,4750,5070,4987,2016-04-01,Chandrapur,320
gram,2016,May,91,5353,5713,5581,2016-05-01,Chandrapur,360
gram,2016,June,143,5550,5821,5750,2016-06-01,Chandrapur,271
