,Commodity,Year,Month,arrivals_in_qtl,min_price,max_price,modal_price,date,district_name,diff_price
0,wheat(husked),2014,September,612,1426,1523,1500,2014-09-01,Jalgaon,97
1,wheat(husked),2014,October,417,1429,1524,1501,2014-10-01,Jalgaon,95
2,wheat(husked),2014,November,240,1460,1556,1533,2014-11-01,Jalgaon,96
3,wheat(husked),2014,December,113,1480,1601,1557,2014-12-01,Jalgaon,121
4,wheat(husked),2015,January,159,1533,1613,1590,2015-01-01,Jalgaon,80
5,wheat(husked),2015,February,408,1442,1531,1525,2015-02-01,Jalgaon,89
6,wheat(husked),2015,March,6556,1231,1546,1440,2015-03-01,Jalgaon,315
7,wheat(husked),2015,April,7384,1130,1449,1309,2015-04-01,Jalgaon,319
8,wheat(husked),2015,May,1746,1231,1449,1363,2015-05-01,Jalgaon,218
9,wheat(husked),2015,June,904,1314,1456,1419,2015-06-01,Jalgaon,142
10,wheat(husked),2015,July,619,1416,1487,1458,2015-07-01,Jalgaon,71
11,wheat(husked),2015,August,433,1436,1515,1473,2015-08-01,Jalgaon,79
12,wheat(husked),2015,September,353,1395,1526,1477,2015-09-01,Jalgaon,131
13,wheat(husked),2015,October,217,1506,1609,1557,2015-10-01,Jalgaon,103
14,wheat(husked),2015,November,217,1472,1602,1560,2015-11-01,Jalgaon,130
15,wheat(husked),2015,December,96,1490,1570,1566,2015-12-01,Jalgaon,80
16,wheat(husked),2016,January,149,1484,1700,1597,2016-01-01,Jalgaon,216
17,wheat(husked),2016,February,376,1523,1673,1640,2016-02-01,Jalgaon,150
18,wheat(husked),2016,March,9510,1436,1735,1626,2016-03-01,Jalgaon,299
19,wheat(husked),2016,April,3872,1521,1763,1642,2016-04-01,Jalgaon,242
20,wheat(husked),2016,May,940,1574,1821,1769,2016-05-01,Jalgaon,247
21,wheat(husked),2016,June,714,1696,1807,1775,2016-06-01,Jalgaon,111
22,wheat(husked),2016,July,55,1706,1808,1757,2016-07-01,Jalgaon,102
23,wheat(husked),2016,August,120,1679,1735,1727,2016-08-01,Jalgaon,56
24,wheat(husked),2016,September,195,1663,1772,1744,2016-09-01,Jalgaon,109
25,wheat(husked),2016,October,293,1636,1780,1743,2016-10-01,Jalgaon,144
26,wheat(husked),2016,November,50,1743,1801,1800,2016-11-01,Jalgaon,58
