,Commodity,Year,Month,arrivals_in_qtl,min_price,max_price,modal_price,date,district_name,diff_price
0,sunflower,2014,October,20,2650,2650,2650,2014-10-01,Jalgaon,0
1,sunflower,2014,November,63,2575,2773,2707,2014-11-01,Jalgaon,198
2,sunflower,2014,December,107,2388,2863,2760,2014-12-01,Jalgaon,475
3,sunflower,2015,January,105,2469,3104,3014,2015-01-01,Jalgaon,635
4,sunflower,2015,February,129,2646,2989,2960,2015-02-01,Jalgaon,343
5,sunflower,2015,March,74,2584,2916,2760,2015-03-01,Jalgaon,332
6,sunflower,2015,April,70,2499,2792,2663,2015-04-01,Jalgaon,293
7,sunflower,2015,May,47,2460,2520,2520,2015-05-01,Jalgaon,60
8,sunflower,2015,June,41,2250,2881,2806,2015-06-01,Jalgaon,631
9,sunflower,2015,October,5,2851,2853,2853,2015-10-01,Jalgaon,2
10,sunflower,2015,December,74,2829,2969,2968,2015-12-01,Jalgaon,140
11,sunflower,2016,January,13,3251,3253,3253,2016-01-01,Jalgaon,2
12,sunflower,2016,March,5,2851,3092,3092,2016-03-01,Jalgaon,241
13,sunflower,2016,April,17,3173,3173,3173,2016-04-01,Jalgaon,0
14,sunflower,2016,May,140,2700,2806,2805,2016-05-01,Jalgaon,106
15,sunflower,2016,June,8,2796,2796,2796,2016-06-01,Jalgaon,0
16,sunflower,2016,November,135,2401,2951,2801,2016-11-01,Jalgaon,550
