,Commodity,Year,Month,arrivals_in_qtl,min_price,max_price,modal_price,date,district_name,diff_price
0,soybean,2014,October,786,2788,3043,2915,2014-10-01,Yewatmal,255
1,soybean,2014,November,747,3048,3257,3124,2014-11-01,Yewatmal,209
2,soybean,2014,December,139,3098,3163,3130,2014-12-01,Yewatmal,65
3,soybean,2015,November,125,3650,3760,3705,2015-11-01,Yewatmal,110
4,soybean,2015,December,226,3383,3643,3575,2015-12-01,Yewatmal,260
5,soybean,2016,November,30,2770,2785,2778,2016-11-01,Yewatmal,15
