,Commodity,Year,Month,arrivals_in_qtl,min_price,max_price,modal_price,date,district_name,diff_price
0,cotton,2014,October,217,3500,3850,3675,2014-10-01,Yewatmal,350
1,cotton,2014,November,4818,3941,4050,3996,2014-11-01,Yewatmal,109
2,cotton,2014,December,3877,3925,4019,3972,2014-12-01,Yewatmal,94
3,cotton,2015,January,4474,3940,4000,3985,2015-01-01,Yewatmal,60
4,cotton,2015,November,300,3900,4050,3975,2015-11-01,Yewatmal,150
5,cotton,2015,December,6683,4084,4219,4152,2015-12-01,Yewatmal,135
6,cotton,2016,January,1731,4506,4612,4559,2016-01-01,Yewatmal,106
7,cotton,2016,November,52,4500,4800,4650,2016-11-01,Yewatmal,300
