,Commodity,Year,Month,arrivals_in_qtl,min_price,max_price,modal_price,date,district_name,diff_price
0,pigeon pea (tur),2014,September,150,4600,5160,5050,2014-09-01,Amaravathi,560
1,pigeon pea (tur),2014,October,185,4600,5350,5280,2014-10-01,Amaravathi,750
2,pigeon pea (tur),2014,November,441,4790,5455,5288,2014-11-01,Amaravathi,665
3,pigeon pea (tur),2014,December,233,4217,4939,4647,2014-12-01,Amaravathi,722
4,pigeon pea (tur),2015,January,39,4467,4983,4797,2015-01-01,Amaravathi,516
5,pigeon pea (tur),2015,May,391,5641,7271,7000,2015-05-01,Amaravathi,1630
6,pigeon pea (tur),2015,June,6131,4965,10561,7191,2015-06-01,Amaravathi,5596
7,pigeon pea (tur),2015,July,2516,5054,7512,7235,2015-07-01,Amaravathi,2458
8,pigeon pea (tur),2015,August,2878,5373,9048,8727,2015-08-01,Amaravathi,3675
9,pigeon pea (tur),2015,September,1725,8064,9441,8922,2015-09-01,Amaravathi,1377
10,pigeon pea (tur),2015,October,622,8433,10415,9763,2015-10-01,Amaravathi,1982
11,pigeon pea (tur),2015,November,175,6188,7180,6719,2015-11-01,Amaravathi,992
12,pigeon pea (tur),2015,December,7276,6320,8866,8238,2015-12-01,Amaravathi,2546
13,pigeon pea (tur),2016,January,39100,7277,9240,8903,2016-01-01,Amaravathi,1963
14,pigeon pea (tur),2016,February,16002,6774,8415,8181,2016-02-01,Amaravathi,1641
15,pigeon pea (tur),2016,March,12914,7154,8302,8113,2016-03-01,Amaravathi,1148
16,pigeon pea (tur),2016,April,19913,7552,9189,8786,2016-04-01,Amaravathi,1637
17,pigeon pea (tur),2016,May,10193,6902,8750,8556,2016-05-01,Amaravathi,1848
18,pigeon pea (tur),2016,June,10648,7261,8878,8659,2016-06-01,Amaravathi,1617
19,pigeon pea (tur),2016,July,2892,7645,8826,8677,2016-07-01,Amaravathi,1181
20,pigeon pea (tur),2016,August,2698,4478,5853,5604,2016-08-01,Amaravathi,1375
21,pigeon pea (tur),2016,September,5294,6164,7032,6763,2016-09-01,Amaravathi,868
22,pigeon pea (tur),2016,October,4637,5971,6592,6433,2016-10-01,Amaravathi,621
23,pigeon pea (tur),2016,November,4036,5190,5828,5615,2016-11-01,Amaravathi,638
