,Commodity,Year,Month,arrivals_in_qtl,min_price,max_price,modal_price,date,district_name,diff_price
0,green gram,2014,September,355,3900,7021,6750,2014-09-01,Amaravathi,3121
1,green gram,2014,November,276,5526,8313,8131,2014-11-01,Amaravathi,2787
2,green gram,2014,December,60,6933,7885,7643,2014-12-01,Amaravathi,952
3,green gram,2015,January,90,5694,8172,8079,2015-01-01,Amaravathi,2478
4,green gram,2015,May,6,9052,9601,9100,2015-05-01,Amaravathi,549
5,green gram,2015,June,619,6578,10830,8336,2015-06-01,Amaravathi,4252
6,green gram,2015,July,143,6451,7261,6875,2015-07-01,Amaravathi,810
7,green gram,2015,August,196,5052,5835,5495,2015-08-01,Amaravathi,783
8,green gram,2015,September,9698,6018,8274,7851,2015-09-01,Amaravathi,2256
9,green gram,2015,October,7525,6543,8819,8298,2015-10-01,Amaravathi,2276
10,green gram,2015,November,1619,5888,7515,7070,2015-11-01,Amaravathi,1627
11,green gram,2015,December,8543,6015,7486,7205,2015-12-01,Amaravathi,1471
12,green gram,2016,January,365,6656,7178,7036,2016-01-01,Amaravathi,522
13,green gram,2016,February,257,6927,7077,6978,2016-02-01,Amaravathi,150
14,green gram,2016,March,190,6440,6803,6558,2016-03-01,Amaravathi,363
15,green gram,2016,April,67,6594,6681,6619,2016-04-01,Amaravathi,87
16,green gram,2016,May,284,5567,6098,5902,2016-05-01,Amaravathi,531
17,green gram,2016,June,3062,4880,6311,5973,2016-06-01,Amaravathi,1431
18,green gram,2016,July,805,4735,5532,5390,2016-07-01,Amaravathi,797
19,green gram,2016,August,1887,3471,4465,4259,2016-08-01,Amaravathi,994
20,green gram,2016,September,28806,3573,5037,4811,2016-09-01,Amaravathi,1464
21,green gram,2016,October,14040,3257,4939,4755,2016-10-01,Amaravathi,1682
22,green gram,2016,November,12169,3428,4951,4745,2016-11-01,Amaravathi,1523
