,Commodity,Year,Month,arrivals_in_qtl,min_price,max_price,modal_price,date,district_name,diff_price
0,gram,2014,September,185,1900,2925,2700,2014-09-01,Amaravathi,1025
1,gram,2014,November,929,2261,3014,2835,2014-11-01,Amaravathi,753
2,gram,2014,December,341,2117,2847,2600,2014-12-01,Amaravathi,730
3,gram,2015,January,245,2688,3374,3163,2015-01-01,Amaravathi,686
4,gram,2015,May,579,3200,4381,4000,2015-05-01,Amaravathi,1181
5,gram,2015,June,7347,3311,4426,4204,2015-06-01,Amaravathi,1115
6,gram,2015,July,1683,3524,4544,4192,2015-07-01,Amaravathi,1020
7,gram,2015,August,1491,3714,4635,4376,2015-08-01,Amaravathi,921
8,gram,2015,September,1512,3956,4915,4611,2015-09-01,Amaravathi,959
9,gram,2015,October,5245,3947,5583,5040,2015-10-01,Amaravathi,1636
10,gram,2015,November,1171,3819,5081,4681,2015-11-01,Amaravathi,1262
11,gram,2015,December,1267,3907,4463,4299,2015-12-01,Amaravathi,556
12,gram,2016,January,35737,3798,4712,4372,2016-01-01,Amaravathi,914
13,gram,2016,February,38657,3710,4384,4225,2016-02-01,Amaravathi,674
14,gram,2016,March,21995,3535,4453,4282,2016-03-01,Amaravathi,918
15,gram,2016,April,11876,4049,5462,5250,2016-04-01,Amaravathi,1413
16,gram,2016,May,8115,4698,5861,5656,2016-05-01,Amaravathi,1163
17,gram,2016,June,3716,5318,6765,6582,2016-06-01,Amaravathi,1447
18,gram,2016,July,623,6976,8069,7936,2016-07-01,Amaravathi,1093
19,gram,2016,August,619,4877,6656,6320,2016-08-01,Amaravathi,1779
20,gram,2016,September,961,6452,7981,7521,2016-09-01,Amaravathi,1529
