,Commodity,Year,Month,arrivals_in_qtl,min_price,max_price,modal_price,date,district_name,diff_price
0,soybean,2014,September,96,2500,3100,3062,2014-09-01,Amaravathi,600
1,soybean,2014,November,3073,2027,3266,3162,2014-11-01,Amaravathi,1239
2,soybean,2014,December,1823,2723,3249,3202,2014-12-01,Amaravathi,526
3,soybean,2015,January,1316,3117,3333,3259,2015-01-01,Amaravathi,216
4,soybean,2015,June,3911,3183,3643,3473,2015-06-01,Amaravathi,460
5,soybean,2015,July,1703,3185,3451,3360,2015-07-01,Amaravathi,266
6,soybean,2015,August,2537,2951,3263,3207,2015-08-01,Amaravathi,312
7,soybean,2015,September,1676,3120,3370,3306,2015-09-01,Amaravathi,250
8,soybean,2015,October,27166,2748,3786,3513,2015-10-01,Amaravathi,1038
9,soybean,2015,November,10433,2529,3720,3369,2015-11-01,Amaravathi,1191
10,soybean,2015,December,9331,2763,3633,3371,2015-12-01,Amaravathi,870
11,soybean,2016,January,3401,2988,3481,3327,2016-01-01,Amaravathi,493
12,soybean,2016,February,1939,3012,3454,3298,2016-02-01,Amaravathi,442
13,soybean,2016,March,1375,2869,3535,3337,2016-03-01,Amaravathi,666
14,soybean,2016,April,1543,3222,3850,3693,2016-04-01,Amaravathi,628
15,soybean,2016,May,1197,3089,3685,3540,2016-05-01,Amaravathi,596
16,soybean,2016,June,1478,3115,3688,3528,2016-06-01,Amaravathi,573
17,soybean,2016,July,314,3009,3546,3405,2016-07-01,Amaravathi,537
18,soybean,2016,August,984,2759,3296,3132,2016-08-01,Amaravathi,537
19,soybean,2016,September,509,2959,3053,3004,2016-09-01,Amaravathi,94
