,Commodity,Year,Month,arrivals_in_qtl,min_price,max_price,modal_price,date,district_name,diff_price
0,black gram,2014,September,29,3600,4781,4500,2014-09-01,Amaravathi,1181
1,black gram,2014,November,259,4800,5513,5267,2014-11-01,Amaravathi,713
2,black gram,2014,December,45,4026,5362,5175,2014-12-01,Amaravathi,1336
3,black gram,2015,January,52,5242,5950,5834,2015-01-01,Amaravathi,708
4,black gram,2015,May,12,6050,11600,7000,2015-05-01,Amaravathi,5550
5,black gram,2015,June,362,7104,8914,7791,2015-06-01,Amaravathi,1810
6,black gram,2015,July,65,6738,7120,6880,2015-07-01,Amaravathi,382
7,black gram,2015,August,61,6199,6227,6213,2015-08-01,Amaravathi,28
8,black gram,2015,September,4927,6912,8920,8261,2015-09-01,Amaravathi,2008
9,black gram,2015,October,3193,7166,11248,9655,2015-10-01,Amaravathi,4082
10,black gram,2015,November,498,7187,9911,8733,2015-11-01,Amaravathi,2724
11,black gram,2015,December,625,7036,10062,9372,2015-12-01,Amaravathi,3026
12,black gram,2016,January,256,7671,8373,8182,2016-01-01,Amaravathi,702
13,black gram,2016,February,28,7500,7900,7550,2016-02-01,Amaravathi,400
14,black gram,2016,March,34,7000,7868,7202,2016-03-01,Amaravathi,868
15,black gram,2016,April,220,8980,11148,10081,2016-04-01,Amaravathi,2168
16,black gram,2016,May,428,7411,10903,9305,2016-05-01,Amaravathi,3492
17,black gram,2016,June,756,7610,12826,10636,2016-06-01,Amaravathi,5216
18,black gram,2016,July,119,6450,9333,8140,2016-07-01,Amaravathi,2883
19,black gram,2016,August,109,4613,5894,5176,2016-08-01,Amaravathi,1281
20,black gram,2016,September,3042,4375,6883,6460,2016-09-01,Amaravathi,2508
21,black gram,2016,October,17797,2111,7590,7184,2016-10-01,Amaravathi,5479
22,black gram,2016,November,9354,2238,7552,7050,2016-11-01,Amaravathi,5314
