,Commodity,Year,Month,arrivals_in_qtl,min_price,max_price,modal_price,date,district_name,diff_price
0,sorgum(jawar),2014,November,195,1225,1377,1356,2014-11-01,Amaravathi,152
1,sorgum(jawar),2014,December,24,1200,1300,1250,2014-12-01,Amaravathi,100
2,sorgum(jawar),2015,January,30,1066,1066,1066,2015-01-01,Amaravathi,0
3,sorgum(jawar),2015,June,51,1100,1177,1136,2015-06-01,Amaravathi,77
4,sorgum(jawar),2015,August,21,1170,1170,1170,2015-08-01,Amaravathi,0
5,sorgum(jawar),2015,September,12,1501,1501,1501,2015-09-01,Amaravathi,0
6,sorgum(jawar),2015,October,948,1148,1407,1275,2015-10-01,Amaravathi,259
7,sorgum(jawar),2015,November,266,1145,2045,1231,2015-11-01,Amaravathi,900
8,sorgum(jawar),2015,December,828,1386,1597,1536,2015-12-01,Amaravathi,211
9,sorgum(jawar),2016,January,114,1397,1428,1412,2016-01-01,Amaravathi,31
10,sorgum(jawar),2016,February,6,800,800,800,2016-02-01,Amaravathi,0
11,sorgum(jawar),2016,March,17,1303,1310,1307,2016-03-01,Amaravathi,7
12,sorgum(jawar),2016,April,42,1523,1523,1523,2016-04-01,Amaravathi,0
13,sorgum(jawar),2016,May,24,1475,1475,1475,2016-05-01,Amaravathi,0
14,sorgum(jawar),2016,August,18,1800,1800,1800,2016-08-01,Amaravathi,0
15,sorgum(jawar),2016,September,15,1610,1610,1610,2016-09-01,Amaravathi,0
