,Commodity,Year,Month,arrivals_in_qtl,min_price,max_price,modal_price,date,district_name,diff_price
0,black gram,2014,September,520,5184,5789,5471,2014-09-01,Nanded,605
1,black gram,2014,October,1394,4952,5426,5168,2014-10-01,Nanded,474
2,black gram,2014,November,767,5219,5596,5488,2014-11-01,Nanded,377
3,black gram,2015,September,2427,8594,9315,9051,2015-09-01,Nanded,721
4,black gram,2015,October,786,9563,12305,11379,2015-10-01,Nanded,2742
5,black gram,2016,January,3,9133,9700,9417,2016-01-01,Nanded,567
6,black gram,2016,February,3,8100,8700,8350,2016-02-01,Nanded,600
7,black gram,2016,September,104,6700,7175,6850,2016-09-01,Nanded,475
8,black gram,2016,October,1590,2771,7414,6750,2016-10-01,Nanded,4643
