,Commodity,Year,Month,arrivals_in_qtl,min_price,max_price,modal_price,date,district_name,diff_price
0,green gram,2014,September,2922,5513,6411,6038,2014-09-01,Nanded,898
1,green gram,2014,October,3076,6346,6874,6651,2014-10-01,Nanded,528
2,green gram,2014,November,420,7238,7557,7447,2014-11-01,Nanded,319
3,green gram,2015,August,578,7172,7495,7341,2015-08-01,Nanded,323
4,green gram,2015,September,2770,7404,7849,7646,2015-09-01,Nanded,445
5,green gram,2015,October,751,8146,8644,8414,2015-10-01,Nanded,498
6,green gram,2016,January,10,6200,6376,6275,2016-01-01,Nanded,176
7,green gram,2016,March,2,6000,6325,6150,2016-03-01,Nanded,325
8,green gram,2016,August,1398,4100,4200,4150,2016-08-01,Nanded,100
9,green gram,2016,September,497,4000,4940,4525,2016-09-01,Nanded,940
10,green gram,2016,October,2836,4300,4910,4661,2016-10-01,Nanded,610
11,green gram,2016,November,343,3001,4601,4520,2016-11-01,Nanded,1600
