,Commodity,Year,Month,arrivals_in_qtl,min_price,max_price,modal_price,date,district_name,diff_price
0,cotton,2014,October,2132,3904,4044,3927,2014-10-01,Buldhana,140
1,cotton,2014,November,23312,3925,4070,4010,2014-11-01,Buldhana,145
2,cotton,2014,December,67875,3927,4067,4009,2014-12-01,Buldhana,140
3,cotton,2015,January,29111,3765,3894,3831,2015-01-01,Buldhana,129
4,cotton,2015,February,34889,3661,3899,3792,2015-02-01,Buldhana,238
5,cotton,2015,March,19400,3821,4212,4055,2015-03-01,Buldhana,391
6,cotton,2015,April,2000,4150,4582,4320,2015-04-01,Buldhana,432
7,cotton,2015,October,8410,4160,4275,4228,2015-10-01,Buldhana,115
8,cotton,2015,November,19436,4006,4136,4074,2015-11-01,Buldhana,130
9,cotton,2015,December,14400,4172,4414,4302,2015-12-01,Buldhana,242
10,cotton,2016,January,14100,4237,4661,4468,2016-01-01,Buldhana,424
11,cotton,2016,February,20300,4118,4591,4327,2016-02-01,Buldhana,473
12,cotton,2016,March,12950,4061,4501,4293,2016-03-01,Buldhana,440
13,cotton,2016,April,7200,4448,4873,4680,2016-04-01,Buldhana,425
14,cotton,2016,October,3407,4467,4882,4640,2016-10-01,Buldhana,415
15,cotton,2016,November,14400,4681,4933,4791,2016-11-01,Buldhana,252
