,Commodity,Year,Month,arrivals_in_qtl,min_price,max_price,modal_price,date,district_name,diff_price
0,tamarind,2015,January,1,1292,1292,1292,2015-01-01,Nasik,0
1,tamarind,2015,February,4,1796,1841,1796,2015-02-01,Nasik,45
2,tamarind,2015,March,67,1616,1641,1624,2015-03-01,Nasik,25
3,tamarind,2015,April,111,1450,1517,1494,2015-04-01,Nasik,67
4,tamarind,2015,May,58,1402,1471,1448,2015-05-01,Nasik,69
5,tamarind,2015,June,3,830,830,830,2015-06-01,Nasik,0
6,tamarind,2016,February,130,2188,2313,2275,2016-02-01,Nasik,125
7,tamarind,2016,March,290,2361,2554,2477,2016-03-01,Nasik,193
8,tamarind,2016,April,69,2623,2933,2699,2016-04-01,Nasik,310
9,tamarind,2016,May,15,2483,2498,2485,2016-05-01,Nasik,15
10,tamarind,2016,June,4,1155,1251,1251,2016-06-01,Nasik,96
