,Commodity,Year,Month,arrivals_in_qtl,min_price,max_price,modal_price,date,district_name,diff_price
0,green peas (dry),2015,April,1,2000,2000,2000,2015-04-01,Nasik,0
1,green peas (dry),2015,May,1,1051,1051,1051,2015-05-01,Nasik,0
2,green peas (dry),2015,June,1,800,800,800,2015-06-01,Nasik,0
3,green peas (dry),2015,July,4,2551,2551,2551,2015-07-01,Nasik,0
4,green peas (dry),2015,September,1,2705,2705,2705,2015-09-01,Nasik,0
5,green peas (dry),2015,December,1,2000,2000,2000,2015-12-01,Nasik,0
6,green peas (dry),2016,August,1,2700,2700,2700,2016-08-01,Nasik,0
7,green peas (dry),2016,September,1,2405,2405,2405,2016-09-01,Nasik,0
