,Commodity,Year,Month,arrivals_in_qtl,min_price,max_price,modal_price,date,district_name,diff_price
0,green gram,2014,September,105,5943,7084,6708,2014-09-01,Nasik,1141
1,green gram,2014,October,144,6812,7614,7279,2014-10-01,Nasik,802
2,green gram,2014,November,22,7770,7969,7877,2014-11-01,Nasik,199
3,green gram,2014,December,13,7498,7571,7534,2014-12-01,Nasik,73
4,green gram,2015,January,8,7392,7630,7486,2015-01-01,Nasik,238
5,green gram,2015,February,10,7599,7637,7599,2015-02-01,Nasik,38
6,green gram,2015,March,3,7728,7728,7728,2015-03-01,Nasik,0
7,green gram,2015,May,2,7200,7200,7200,2015-05-01,Nasik,0
8,green gram,2015,June,2,5550,5550,5550,2015-06-01,Nasik,0
9,green gram,2015,July,1,7625,7625,7625,2015-07-01,Nasik,0
10,green gram,2015,August,139,7083,8013,7673,2015-08-01,Nasik,930
11,green gram,2015,September,83,7300,8579,7844,2015-09-01,Nasik,1279
12,green gram,2015,October,36,8006,8853,8644,2015-10-01,Nasik,847
13,green gram,2015,November,10,7243,7661,7630,2015-11-01,Nasik,418
14,green gram,2015,December,6,7470,7470,7470,2015-12-01,Nasik,0
15,green gram,2016,January,5,6061,6261,6261,2016-01-01,Nasik,200
16,green gram,2016,February,2,5005,5005,5005,2016-02-01,Nasik,0
17,green gram,2016,March,1,6570,6570,6570,2016-03-01,Nasik,0
18,green gram,2016,April,3,7420,7420,7420,2016-04-01,Nasik,0
19,green gram,2016,June,5,6771,7071,7071,2016-06-01,Nasik,300
20,green gram,2016,August,17,5987,6257,6099,2016-08-01,Nasik,270
21,green gram,2016,September,352,5232,5834,5499,2016-09-01,Nasik,602
22,green gram,2016,October,222,4790,5583,5192,2016-10-01,Nasik,793
23,green gram,2016,November,38,4410,5133,4840,2016-11-01,Nasik,723
