,Commodity,Year,Month,arrivals_in_qtl,min_price,max_price,modal_price,date,district_name,diff_price
0,horse gram,2014,September,3,3035,3035,3035,2014-09-01,Nasik,0
1,horse gram,2014,October,2,2150,2150,2150,2014-10-01,Nasik,0
2,horse gram,2014,December,1,2000,2000,2000,2014-12-01,Nasik,0
3,horse gram,2015,January,3,3638,3767,3638,2015-01-01,Nasik,129
4,horse gram,2015,February,2,3268,3268,3268,2015-02-01,Nasik,0
5,horse gram,2015,March,1,3290,3290,3290,2015-03-01,Nasik,0
6,horse gram,2015,April,4,2797,2797,2797,2015-04-01,Nasik,0
7,horse gram,2015,June,3,3447,3447,3447,2015-06-01,Nasik,0
8,horse gram,2015,October,2,3070,3070,3070,2015-10-01,Nasik,0
9,horse gram,2015,November,2,2875,2875,2875,2015-11-01,Nasik,0
10,horse gram,2015,December,11,3355,3564,3397,2015-12-01,Nasik,209
11,horse gram,2016,January,5,3070,3449,3449,2016-01-01,Nasik,379
12,horse gram,2016,February,7,2843,2843,2843,2016-02-01,Nasik,0
13,horse gram,2016,March,4,2646,2688,2688,2016-03-01,Nasik,42
14,horse gram,2016,April,3,2379,2379,2379,2016-04-01,Nasik,0
15,horse gram,2016,May,4,3141,3368,3368,2016-05-01,Nasik,227
16,horse gram,2016,June,2,2901,2901,2901,2016-06-01,Nasik,0
17,horse gram,2016,September,3,3573,3573,3573,2016-09-01,Nasik,0
18,horse gram,2016,October,2,2200,2200,2200,2016-10-01,Nasik,0
19,horse gram,2016,November,1,4005,4005,4005,2016-11-01,Nasik,0
