,Commodity,Year,Month,arrivals_in_qtl,min_price,max_price,modal_price,date,district_name,diff_price
0,pigeon pea (tur),2015,December,183,8001,8916,8458,2015-12-01,Latur,915
1,pigeon pea (tur),2016,January,805,8902,9500,9201,2016-01-01,Latur,598
2,pigeon pea (tur),2016,February,289,8356,8662,8509,2016-02-01,Latur,306
3,pigeon pea (tur),2016,March,227,8087,8395,8241,2016-03-01,Latur,308
4,pigeon pea (tur),2016,April,382,9019,9470,9245,2016-04-01,Latur,451
5,pigeon pea (tur),2016,May,23,9057,9281,9169,2016-05-01,Latur,224
