,Commodity,Year,Month,arrivals_in_qtl,min_price,max_price,modal_price,date,district_name,diff_price
0,rice(paddy-hus),2014,October,1,1511,1511,1511,2014-10-01,Nasik,0
1,rice(paddy-hus),2015,June,1,1500,1500,1500,2015-06-01,Nasik,0
2,rice(paddy-hus),2015,July,2,1496,1496,1496,2015-07-01,Nasik,0
3,rice(paddy-hus),2015,August,3,1630,1630,1630,2015-08-01,Nasik,0
4,rice(paddy-hus),2015,September,1,1620,1620,1620,2015-09-01,Nasik,0
5,rice(paddy-hus),2015,October,2,1575,1575,1575,2015-10-01,Nasik,0
6,rice(paddy-hus),2015,November,2,1376,1376,1376,2015-11-01,Nasik,0
7,rice(paddy-hus),2015,December,1,1400,1400,1400,2015-12-01,Nasik,0
8,rice(paddy-hus),2016,January,3,1373,1373,1373,2016-01-01,Nasik,0
9,rice(paddy-hus),2016,March,1,1490,1490,1490,2016-03-01,Nasik,0
10,rice(paddy-hus),2016,April,1,1415,1415,1415,2016-04-01,Nasik,0
11,rice(paddy-hus),2016,May,3,1534,1534,1534,2016-05-01,Nasik,0
12,rice(paddy-hus),2016,June,1,1675,1675,1675,2016-06-01,Nasik,0
13,rice(paddy-hus),2016,September,2,1615,1630,1630,2016-09-01,Nasik,15
