,Commodity,Year,Month,arrivals_in_qtl,min_price,max_price,modal_price,date,district_name,diff_price
0,sorgum(jawar),2014,September,14,2297,2529,2494,2014-09-01,Nasik,232
1,sorgum(jawar),2014,October,15,2344,2576,2505,2014-10-01,Nasik,232
2,sorgum(jawar),2014,November,15,2698,2761,2736,2014-11-01,Nasik,63
3,sorgum(jawar),2014,December,29,2009,2250,2099,2014-12-01,Nasik,241
4,sorgum(jawar),2015,January,12,1869,1972,1966,2015-01-01,Nasik,103
5,sorgum(jawar),2015,February,7,2131,2252,2243,2015-02-01,Nasik,121
6,sorgum(jawar),2015,March,8,1754,1865,1768,2015-03-01,Nasik,111
7,sorgum(jawar),2015,April,4,2154,2499,2499,2015-04-01,Nasik,345
8,sorgum(jawar),2015,May,81,1872,2032,2056,2015-05-01,Nasik,160
9,sorgum(jawar),2015,June,81,1579,1817,1798,2015-06-01,Nasik,238
10,sorgum(jawar),2015,July,42,1657,1692,1670,2015-07-01,Nasik,35
11,sorgum(jawar),2015,August,22,1551,1557,1556,2015-08-01,Nasik,6
12,sorgum(jawar),2015,September,8,1399,1446,1439,2015-09-01,Nasik,47
13,sorgum(jawar),2015,October,15,1308,1348,1347,2015-10-01,Nasik,40
14,sorgum(jawar),2015,November,15,1268,1339,1334,2015-11-01,Nasik,71
15,sorgum(jawar),2015,December,9,1301,1343,1311,2015-12-01,Nasik,42
16,sorgum(jawar),2016,January,11,1345,1347,1347,2016-01-01,Nasik,2
17,sorgum(jawar),2016,February,6,1449,1481,1481,2016-02-01,Nasik,32
18,sorgum(jawar),2016,March,5,1399,1399,1399,2016-03-01,Nasik,0
19,sorgum(jawar),2016,April,2,1638,1638,1638,2016-04-01,Nasik,0
20,sorgum(jawar),2016,May,17,1785,1849,1792,2016-05-01,Nasik,64
21,sorgum(jawar),2016,June,24,1952,1975,1964,2016-06-01,Nasik,23
22,sorgum(jawar),2016,July,9,1867,1967,1949,2016-07-01,Nasik,100
23,sorgum(jawar),2016,August,19,1484,1516,1512,2016-08-01,Nasik,32
24,sorgum(jawar),2016,September,7,1429,1474,1474,2016-09-01,Nasik,45
25,sorgum(jawar),2016,October,11,1235,1245,1245,2016-10-01,Nasik,10
26,sorgum(jawar),2016,November,5,1194,1194,1194,2016-11-01,Nasik,0
