,Commodity,Year,Month,arrivals_in_qtl,min_price,max_price,modal_price,date,district_name,diff_price
0,soup berries,2015,April,1,1000,1000,1000,2015-04-01,Nasik,0
1,soup berries,2015,May,3,987,987,987,2015-05-01,Nasik,0
2,soup berries,2015,June,2,863,863,863,2015-06-01,Nasik,0
3,soup berries,2015,September,2,603,603,603,2015-09-01,Nasik,0
4,soup berries,2016,March,1,400,400,400,2016-03-01,Nasik,0
5,soup berries,2016,April,2,593,630,630,2016-04-01,Nasik,37
6,soup berries,2016,May,4,733,733,733,2016-05-01,Nasik,0
7,soup berries,2016,September,1,650,650,650,2016-09-01,Nasik,0
