,Commodity,Year,Month,arrivals_in_qtl,min_price,max_price,modal_price,date,district_name,diff_price
0,cowpea,2014,September,6,2565,2565,2565,2014-09-01,Nasik,0
1,cowpea,2014,October,8,2106,2667,2508,2014-10-01,Nasik,561
2,cowpea,2014,November,10,2468,2650,2585,2014-11-01,Nasik,182
3,cowpea,2014,December,4,2348,2605,2515,2014-12-01,Nasik,257
4,cowpea,2015,January,3,2944,2944,2944,2015-01-01,Nasik,0
5,cowpea,2015,February,1,4300,4300,4300,2015-02-01,Nasik,0
6,cowpea,2015,April,1,3390,3390,3390,2015-04-01,Nasik,0
7,cowpea,2015,May,2,3291,4041,4000,2015-05-01,Nasik,750
8,cowpea,2015,June,4,4218,4567,4567,2015-06-01,Nasik,349
9,cowpea,2015,July,4,4358,4358,4358,2015-07-01,Nasik,0
10,cowpea,2015,August,1,4755,4755,4755,2015-08-01,Nasik,0
11,cowpea,2015,September,1,1000,1000,1000,2015-09-01,Nasik,0
12,cowpea,2015,October,2,2803,2803,2803,2015-10-01,Nasik,0
13,cowpea,2015,November,2,3071,3071,3071,2015-11-01,Nasik,0
14,cowpea,2015,December,2,3135,3135,3135,2015-12-01,Nasik,0
15,cowpea,2016,February,1,3205,3205,3205,2016-02-01,Nasik,0
16,cowpea,2016,March,2,3350,3350,3350,2016-03-01,Nasik,0
17,cowpea,2016,May,2,3555,3555,3555,2016-05-01,Nasik,0
18,cowpea,2016,June,3,3925,3925,3925,2016-06-01,Nasik,0
19,cowpea,2016,September,2,3600,3703,3703,2016-09-01,Nasik,103
20,cowpea,2016,October,1,2465,2465,2465,2016-10-01,Nasik,0
21,cowpea,2016,November,2,2720,2720,2720,2016-11-01,Nasik,0
