,Commodity,Year,Month,arrivals_in_qtl,min_price,max_price,modal_price,date,district_name,diff_price
0,matki,2014,September,2,6345,6345,6345,2014-09-01,Nasik,0
1,matki,2014,October,3,6335,6335,6335,2014-10-01,Nasik,0
2,matki,2015,January,1,7710,7710,7710,2015-01-01,Nasik,0
4,matki,2015,April,2,6950,6950,6950,2015-04-01,Nasik,0
5,matki,2015,May,4,7576,7576,7576,2015-05-01,Nasik,0
6,matki,2015,July,2,6048,6048,6048,2015-07-01,Nasik,0
7,matki,2015,August,1,7885,7885,7885,2015-08-01,Nasik,0
8,matki,2015,November,1,8800,8800,8800,2015-11-01,Nasik,0
9,matki,2015,December,22,7322,8039,7900,2015-12-01,Nasik,717
10,matki,2016,January,8,6530,6831,6742,2016-01-01,Nasik,301
11,matki,2016,February,10,5511,5763,5763,2016-02-01,Nasik,252
12,matki,2016,March,6,5169,5169,5169,2016-03-01,Nasik,0
13,matki,2016,April,3,6715,6748,6748,2016-04-01,Nasik,33
14,matki,2016,May,5,6581,6581,6581,2016-05-01,Nasik,0
15,matki,2016,June,6,6591,6825,6792,2016-06-01,Nasik,234
16,matki,2016,July,2,5650,6370,6370,2016-07-01,Nasik,720
17,matki,2016,August,2,5253,5253,5253,2016-08-01,Nasik,0
19,matki,2016,November,2,6288,6288,6288,2016-11-01,Nasik,0
