,Commodity,Year,Month,arrivals_in_qtl,min_price,max_price,modal_price,date,district_name,diff_price
0,black gram,2014,October,2,5013,5013,5013,2014-10-01,Nasik,0
1,black gram,2014,November,8,5068,5207,5121,2014-11-01,Nasik,139
2,black gram,2014,December,3,5262,5262,5262,2014-12-01,Nasik,0
3,black gram,2015,January,4,5436,5436,5436,2015-01-01,Nasik,0
4,black gram,2015,February,6,5418,5484,5484,2015-02-01,Nasik,66
5,black gram,2015,March,2,5643,5643,5643,2015-03-01,Nasik,0
6,black gram,2015,April,2,4398,4398,4398,2015-04-01,Nasik,0
7,black gram,2015,June,1,9250,9250,9250,2015-06-01,Nasik,0
8,black gram,2015,September,9,8013,8190,8190,2015-09-01,Nasik,177
9,black gram,2015,October,2,10450,10450,10450,2015-10-01,Nasik,0
10,black gram,2015,November,3,7167,7167,7167,2015-11-01,Nasik,0
11,black gram,2016,April,3,9000,9000,9000,2016-04-01,Nasik,0
12,black gram,2016,June,2,10700,11000,11000,2016-06-01,Nasik,300
13,black gram,2016,August,1,9905,9905,9905,2016-08-01,Nasik,0
14,black gram,2016,September,20,7097,7509,7420,2016-09-01,Nasik,412
15,black gram,2016,October,16,6786,7094,7078,2016-10-01,Nasik,308
16,black gram,2016,November,7,6178,6804,6804,2016-11-01,Nasik,626
