,Commodity,Year,Month,arrivals_in_qtl,min_price,max_price,modal_price,date,district_name,diff_price
0,wheat(husked),2014,September,54,1562,1635,1587,2014-09-01,Nasik,73
1,wheat(husked),2014,October,59,1473,1586,1513,2014-10-01,Nasik,113
2,wheat(husked),2014,November,73,1523,1560,1530,2014-11-01,Nasik,37
3,wheat(husked),2014,December,69,1497,1567,1510,2014-12-01,Nasik,70
4,wheat(husked),2015,January,53,1567,1658,1601,2015-01-01,Nasik,91
5,wheat(husked),2015,February,84,1457,1582,1493,2015-02-01,Nasik,125
6,wheat(husked),2015,March,240,1358,1489,1404,2015-03-01,Nasik,131
7,wheat(husked),2015,April,345,1305,1551,1383,2015-04-01,Nasik,246
8,wheat(husked),2015,May,268,1312,1466,1372,2015-05-01,Nasik,154
9,wheat(husked),2015,June,173,1334,1440,1385,2015-06-01,Nasik,106
10,wheat(husked),2015,July,76,1465,1527,1493,2015-07-01,Nasik,62
11,wheat(husked),2015,August,105,1461,1530,1475,2015-08-01,Nasik,69
12,wheat(husked),2015,September,105,1460,1543,1481,2015-09-01,Nasik,83
13,wheat(husked),2015,October,154,1529,1616,1563,2015-10-01,Nasik,87
14,wheat(husked),2015,November,101,1536,1627,1564,2015-11-01,Nasik,91
15,wheat(husked),2015,December,163,1506,1654,1567,2015-12-01,Nasik,148
16,wheat(husked),2016,January,120,1537,1678,1629,2016-01-01,Nasik,141
17,wheat(husked),2016,February,184,1529,1677,1596,2016-02-01,Nasik,148
18,wheat(husked),2016,March,69,1452,1518,1497,2016-03-01,Nasik,66
19,wheat(husked),2016,April,22,1466,1543,1504,2016-04-01,Nasik,77
20,wheat(husked),2016,May,55,1496,1566,1502,2016-05-01,Nasik,70
21,wheat(husked),2016,June,39,1664,1682,1680,2016-06-01,Nasik,18
22,wheat(husked),2016,July,5,1655,1655,1655,2016-07-01,Nasik,0
23,wheat(husked),2016,August,11,1670,1771,1742,2016-08-01,Nasik,101
24,wheat(husked),2016,September,37,1662,1780,1742,2016-09-01,Nasik,118
25,wheat(husked),2016,October,77,1582,1737,1672,2016-10-01,Nasik,155
