,Commodity,Year,Month,arrivals_in_qtl,min_price,max_price,modal_price,date,district_name,diff_price
0,pigeon pea (tur),2014,November,1,4105,4105,4105,2014-11-01,Nasik,0
1,pigeon pea (tur),2014,December,1,3800,3800,3800,2014-12-01,Nasik,0
2,pigeon pea (tur),2015,January,19,4418,4498,4442,2015-01-01,Nasik,80
3,pigeon pea (tur),2015,February,15,4709,4784,4731,2015-02-01,Nasik,75
4,pigeon pea (tur),2015,March,6,5153,5178,5160,2015-03-01,Nasik,25
5,pigeon pea (tur),2015,April,7,4625,5177,5084,2015-04-01,Nasik,552
6,pigeon pea (tur),2015,May,6,5727,5791,5791,2015-05-01,Nasik,64
8,pigeon pea (tur),2015,August,1,4805,5905,5905,2015-08-01,Nasik,1100
9,pigeon pea (tur),2015,September,3,5545,5545,5545,2015-09-01,Nasik,0
10,pigeon pea (tur),2015,October,4,8504,8509,8509,2015-10-01,Nasik,5
11,pigeon pea (tur),2015,November,22,8813,9152,9064,2015-11-01,Nasik,339
12,pigeon pea (tur),2015,December,58,7940,8336,8220,2015-12-01,Nasik,396
13,pigeon pea (tur),2016,January,89,7357,7809,7649,2016-01-01,Nasik,452
14,pigeon pea (tur),2016,February,53,6597,6982,6884,2016-02-01,Nasik,385
15,pigeon pea (tur),2016,March,23,6190,6795,6762,2016-03-01,Nasik,605
16,pigeon pea (tur),2016,April,11,7168,7263,7252,2016-04-01,Nasik,95
17,pigeon pea (tur),2016,May,16,7222,7243,7243,2016-05-01,Nasik,21
18,pigeon pea (tur),2016,June,3,7272,7272,7272,2016-06-01,Nasik,0
19,pigeon pea (tur),2016,July,1,7550,7550,7550,2016-07-01,Nasik,0
20,pigeon pea (tur),2016,September,1,4900,5605,5605,2016-09-01,Nasik,705
21,pigeon pea (tur),2016,November,1,4895,4895,4895,2016-11-01,Nasik,0
