,Commodity,Year,Month,arrivals_in_qtl,min_price,max_price,modal_price,date,district_name,diff_price
1,bhagar-vari,2016,February,45,1500,1700,1625,2016-02-01,Nandurbar,200
2,bhagar-vari,2016,March,56,1530,1700,1650,2016-03-01,Nandurbar,170
3,bhagar-vari,2016,June,69,1512,1619,1567,2016-06-01,Nandurbar,107
4,bhagar-vari,2016,July,94,1503,1700,1608,2016-07-01,Nandurbar,197
5,bhagar-vari,2016,August,139,1591,1775,1683,2016-08-01,Nandurbar,184
6,bhagar-vari,2016,September,162,1600,1739,1670,2016-09-01,Nandurbar,139
7,bhagar-vari,2016,October,205,1515,1647,1579,2016-10-01,Nandurbar,132
8,bhagar-vari,2016,November,80,1413,1500,1456,2016-11-01,Nandurbar,87
