,Commodity,Year,Month,arrivals_in_qtl,min_price,max_price,modal_price,date,district_name,diff_price
0,sorgum(jawar),2015,August,426,1150,1200,1175,2015-08-01,Nandurbar,50
1,sorgum(jawar),2016,January,2314,1150,1852,1205,2016-01-01,Nandurbar,702
2,sorgum(jawar),2016,February,1263,1204,1277,1239,2016-02-01,Nandurbar,73
3,sorgum(jawar),2016,March,845,1223,1285,1263,2016-03-01,Nandurbar,62
4,sorgum(jawar),2016,May,8,1200,1250,1225,2016-05-01,Nandurbar,50
5,sorgum(jawar),2016,June,279,1265,1344,1307,2016-06-01,Nandurbar,79
6,sorgum(jawar),2016,July,1849,1389,1466,1428,2016-07-01,Nandurbar,77
7,sorgum(jawar),2016,August,740,1450,1516,1486,2016-08-01,Nandurbar,66
8,sorgum(jawar),2016,September,883,1460,2186,1489,2016-09-01,Nandurbar,726
9,sorgum(jawar),2016,October,1005,1433,1546,1494,2016-10-01,Nandurbar,113
10,sorgum(jawar),2016,November,760,1085,1224,1172,2016-11-01,Nandurbar,139
