,Commodity,Year,Month,arrivals_in_qtl,min_price,max_price,modal_price,date,district_name,diff_price
0,maize,2015,August,156,1150,1230,1190,2015-08-01,Nandurbar,80
1,maize,2016,January,329,1230,1307,1270,2016-01-01,Nandurbar,77
2,maize,2016,February,329,1283,1321,1308,2016-02-01,Nandurbar,38
3,maize,2016,March,474,1283,1333,1315,2016-03-01,Nandurbar,50
4,maize,2016,May,5,1200,1300,1275,2016-05-01,Nandurbar,100
5,maize,2016,June,98,1267,1323,1299,2016-06-01,Nandurbar,56
6,maize,2016,July,143,1408,2217,1437,2016-07-01,Nandurbar,809
7,maize,2016,August,276,1442,1508,1475,2016-08-01,Nandurbar,66
8,maize,2016,September,258,1485,2243,1516,2016-09-01,Nandurbar,758
9,maize,2016,October,436,1425,1503,1474,2016-10-01,Nandurbar,78
10,maize,2016,November,581,1081,1187,1143,2016-11-01,Nandurbar,106
