,Commodity,Year,Month,arrivals_in_qtl,min_price,max_price,modal_price,date,district_name,diff_price
0,pigeon pea (tur),2014,September,1065,4558,4947,4667,2014-09-01,Amaravathi,389
1,pigeon pea (tur),2014,October,400,4592,4820,4677,2014-10-01,Amaravathi,228
2,pigeon pea (tur),2014,November,555,4650,5006,4800,2014-11-01,Amaravathi,356
3,pigeon pea (tur),2014,December,100,4133,4462,4267,2014-12-01,Amaravathi,329
4,pigeon pea (tur),2015,February,9350,5190,5821,5479,2015-02-01,Amaravathi,631
5,pigeon pea (tur),2015,March,6975,5393,6133,5793,2015-03-01,Amaravathi,740
6,pigeon pea (tur),2015,April,1150,5600,6378,5950,2015-04-01,Amaravathi,778
7,pigeon pea (tur),2015,June,500,6600,7110,6925,2015-06-01,Amaravathi,510
8,pigeon pea (tur),2015,July,660,7018,7664,7356,2015-07-01,Amaravathi,646
9,pigeon pea (tur),2015,August,460,7600,8325,7850,2015-08-01,Amaravathi,725
10,pigeon pea (tur),2015,November,15,6000,7500,6500,2015-11-01,Amaravathi,1500
11,pigeon pea (tur),2015,December,1370,7200,8576,7593,2015-12-01,Amaravathi,1376
12,pigeon pea (tur),2016,January,22830,8018,9178,8434,2016-01-01,Amaravathi,1160
13,pigeon pea (tur),2016,February,14210,7400,8584,7902,2016-02-01,Amaravathi,1184
14,pigeon pea (tur),2016,March,10375,7438,8167,7823,2016-03-01,Amaravathi,729
15,pigeon pea (tur),2016,April,12040,8286,9103,8657,2016-04-01,Amaravathi,817
16,pigeon pea (tur),2016,May,14900,8072,8844,8422,2016-05-01,Amaravathi,772
17,pigeon pea (tur),2016,June,11265,8085,8887,8468,2016-06-01,Amaravathi,802
18,pigeon pea (tur),2016,July,5610,7759,8330,7964,2016-07-01,Amaravathi,571
19,pigeon pea (tur),2016,August,5742,5728,6338,5974,2016-08-01,Amaravathi,610
20,pigeon pea (tur),2016,September,6475,6100,6816,6365,2016-09-01,Amaravathi,716
21,pigeon pea (tur),2016,October,2218,5931,6389,6140,2016-10-01,Amaravathi,458
22,pigeon pea (tur),2016,November,1415,5133,5616,5357,2016-11-01,Amaravathi,483
