,Commodity,Year,Month,arrivals_in_qtl,min_price,max_price,modal_price,date,district_name,diff_price
0,cotton,2014,November,5670,3968,4007,3983,2014-11-01,Amaravathi,39
1,cotton,2014,December,8284,4019,4060,4036,2014-12-01,Amaravathi,41
2,cotton,2015,February,5800,3919,3981,3950,2015-02-01,Amaravathi,62
3,cotton,2015,March,3500,3893,3981,3939,2015-03-01,Amaravathi,88
4,cotton,2015,April,300,4200,4400,4300,2015-04-01,Amaravathi,200
5,cotton,2015,November,6500,4050,4101,4077,2015-11-01,Amaravathi,51
6,cotton,2015,December,24600,4290,4430,4345,2015-12-01,Amaravathi,140
7,cotton,2016,January,18430,4563,4657,4594,2016-01-01,Amaravathi,94
8,cotton,2016,February,9250,4380,4536,4443,2016-02-01,Amaravathi,156
9,cotton,2016,March,5210,4311,4492,4383,2016-03-01,Amaravathi,181
10,cotton,2016,April,11900,4488,4971,4692,2016-04-01,Amaravathi,483
11,cotton,2016,May,5010,4747,5008,4856,2016-05-01,Amaravathi,261
12,cotton,2016,November,4050,4864,4972,4909,2016-11-01,Amaravathi,108
