,Commodity,Year,Month,arrivals_in_qtl,min_price,max_price,modal_price,date,district_name,diff_price
0,soybean,2014,September,1422,3072,3512,3250,2014-09-01,Amaravathi,440
1,soybean,2014,October,6580,2817,3281,3042,2014-10-01,Amaravathi,464
2,soybean,2014,November,43670,2884,3401,3117,2014-11-01,Amaravathi,517
3,soybean,2014,December,8025,3064,3326,3186,2014-12-01,Amaravathi,262
4,soybean,2015,February,9200,3038,3351,3170,2015-02-01,Amaravathi,313
5,soybean,2015,March,7700,3038,3257,3147,2015-03-01,Amaravathi,219
6,soybean,2015,April,2000,3193,3515,3317,2015-04-01,Amaravathi,322
7,soybean,2015,June,500,3200,3520,3350,2015-06-01,Amaravathi,320
8,soybean,2015,July,1714,3058,3351,3194,2015-07-01,Amaravathi,293
9,soybean,2015,August,1310,2988,3284,3100,2015-08-01,Amaravathi,296
10,soybean,2015,September,200,3000,3290,3150,2015-09-01,Amaravathi,290
11,soybean,2015,November,30300,3272,3781,3478,2015-11-01,Amaravathi,509
12,soybean,2015,December,17000,3302,3687,3465,2015-12-01,Amaravathi,385
13,soybean,2016,January,30645,3422,3712,3570,2016-01-01,Amaravathi,290
14,soybean,2016,February,20360,3450,3699,3570,2016-02-01,Amaravathi,249
15,soybean,2016,March,10200,3458,3670,3536,2016-03-01,Amaravathi,212
16,soybean,2016,April,11350,3551,3937,3695,2016-04-01,Amaravathi,386
17,soybean,2016,May,20750,3512,3895,3665,2016-05-01,Amaravathi,383
18,soybean,2016,June,15433,3515,3838,3643,2016-06-01,Amaravathi,323
19,soybean,2016,July,1700,3450,3788,3583,2016-07-01,Amaravathi,338
20,soybean,2016,August,6310,3010,3411,3156,2016-08-01,Amaravathi,401
21,soybean,2016,September,2395,2943,3292,3067,2016-09-01,Amaravathi,349
