,Commodity,Year,Month,arrivals_in_qtl,min_price,max_price,modal_price,date,district_name,diff_price
0,gram,2014,September,1155,2451,2738,2550,2014-09-01,Amaravathi,287
1,gram,2014,October,250,2367,2583,2467,2014-10-01,Amaravathi,216
2,gram,2014,November,1380,2243,2654,2450,2014-11-01,Amaravathi,411
3,gram,2014,December,337,2213,2650,2425,2014-12-01,Amaravathi,437
4,gram,2015,February,735,3050,3368,3150,2015-02-01,Amaravathi,318
5,gram,2015,March,14730,3092,3370,3192,2015-03-01,Amaravathi,278
6,gram,2015,April,2550,3267,3750,3517,2015-04-01,Amaravathi,483
7,gram,2015,July,484,3797,4172,3947,2015-07-01,Amaravathi,375
8,gram,2015,August,230,4025,4428,4200,2015-08-01,Amaravathi,403
9,gram,2015,September,100,4500,4800,4600,2015-09-01,Amaravathi,300
10,gram,2015,November,450,4340,4758,4400,2015-11-01,Amaravathi,418
11,gram,2016,January,230,4013,4133,4056,2016-01-01,Amaravathi,120
12,gram,2016,February,8440,3797,4205,4007,2016-02-01,Amaravathi,408
13,gram,2016,March,22380,3863,4281,4037,2016-03-01,Amaravathi,418
14,gram,2016,April,10270,4819,5327,5021,2016-04-01,Amaravathi,508
15,gram,2016,May,5250,5052,5691,5294,2016-05-01,Amaravathi,639
16,gram,2016,June,4130,5807,6372,6025,2016-06-01,Amaravathi,565
17,gram,2016,July,449,6975,7434,7185,2016-07-01,Amaravathi,459
18,gram,2016,August,440,5690,6271,5975,2016-08-01,Amaravathi,581
19,gram,2016,September,110,5913,7042,6395,2016-09-01,Amaravathi,1129
20,gram,2016,October,63,7082,7791,7302,2016-10-01,Amaravathi,709
21,gram,2016,November,52,5700,7226,6233,2016-11-01,Amaravathi,1526
