,Commodity,Year,Month,arrivals_in_qtl,min_price,max_price,modal_price,date,district_name,diff_price
0,wheat(husked),2014,September,1050,1442,1513,1484,2014-09-01,Amaravathi,71
1,wheat(husked),2014,October,1910,1321,1487,1378,2014-10-01,Amaravathi,166
2,wheat(husked),2014,November,2765,1417,1534,1467,2014-11-01,Amaravathi,117
3,wheat(husked),2014,December,650,1437,1524,1471,2014-12-01,Amaravathi,87
4,wheat(husked),2015,February,115,1200,1400,1275,2015-02-01,Amaravathi,200
5,wheat(husked),2015,March,13100,1200,1418,1286,2015-03-01,Amaravathi,218
6,wheat(husked),2015,April,4500,1177,1425,1287,2015-04-01,Amaravathi,248
7,wheat(husked),2015,June,300,1200,1425,1300,2015-06-01,Amaravathi,225
8,wheat(husked),2015,July,590,1340,1508,1416,2015-07-01,Amaravathi,168
9,wheat(husked),2015,August,300,1300,1520,1400,2015-08-01,Amaravathi,220
10,wheat(husked),2015,November,1100,1453,1571,1505,2015-11-01,Amaravathi,118
11,wheat(husked),2015,December,2360,1538,1641,1586,2015-12-01,Amaravathi,103
12,wheat(husked),2016,January,820,1503,1636,1556,2016-01-01,Amaravathi,133
13,wheat(husked),2016,February,600,1527,1622,1580,2016-02-01,Amaravathi,95
14,wheat(husked),2016,March,26000,1422,1571,1477,2016-03-01,Amaravathi,149
15,wheat(husked),2016,April,2180,1489,1614,1551,2016-04-01,Amaravathi,125
16,wheat(husked),2016,May,8250,1528,1637,1571,2016-05-01,Amaravathi,109
17,wheat(husked),2016,June,3240,1634,1761,1692,2016-06-01,Amaravathi,127
18,wheat(husked),2016,July,1300,1653,1787,1705,2016-07-01,Amaravathi,134
19,wheat(husked),2016,August,1270,1653,1742,1698,2016-08-01,Amaravathi,89
20,wheat(husked),2016,September,500,1704,1763,1732,2016-09-01,Amaravathi,59
21,wheat(husked),2016,October,756,1651,1722,1682,2016-10-01,Amaravathi,71
22,wheat(husked),2016,November,803,1752,1899,1821,2016-11-01,Amaravathi,147
