,Commodity,Year,Month,arrivals_in_qtl,min_price,max_price,modal_price,date,district_name,diff_price
0,wheat(husked),2016,April,24,1583,1669,1624,2016-04-01,Jalgaon,86
1,wheat(husked),2016,May,30,1637,1675,1655,2016-05-01,Jalgaon,38
2,wheat(husked),2016,June,15,1561,1591,1580,2016-06-01,Jalgaon,30
3,wheat(husked),2016,July,5,1811,1819,1815,2016-07-01,Jalgaon,8
4,wheat(husked),2016,August,20,1777,1815,1796,2016-08-01,Jalgaon,38
5,wheat(husked),2016,September,68,1725,1736,1731,2016-09-01,Jalgaon,11
