,Commodity,Year,Month,arrivals_in_qtl,min_price,max_price,modal_price,date,district_name,diff_price
2,maize,2016,February,1140,1275,1375,1325,2016-02-01,Amaravathi,100
3,maize,2016,March,1580,1230,1330,1280,2016-03-01,Amaravathi,100
4,maize,2016,April,2600,1256,1356,1306,2016-04-01,Amaravathi,100
5,maize,2016,May,4120,1270,1370,1320,2016-05-01,Amaravathi,100
6,maize,2016,June,2360,1325,1425,1375,2016-06-01,Amaravathi,100
7,maize,2016,July,895,1392,1492,1442,2016-07-01,Amaravathi,100
8,maize,2016,August,580,1391,1466,1428,2016-08-01,Amaravathi,75
9,maize,2016,September,1010,1392,1492,1442,2016-09-01,Amaravathi,100
10,maize,2016,October,1175,1264,1336,1300,2016-10-01,Amaravathi,72
11,maize,2016,November,5145,1250,1350,1300,2016-11-01,Amaravathi,100
