,Commodity,Year,Month,arrivals_in_qtl,min_price,max_price,modal_price,date,district_name,diff_price
0,cotton,2015,November,825,3850,3950,3900,2015-11-01,Amaravathi,100
1,cotton,2015,December,445,3850,4000,3950,2015-12-01,Amaravathi,150
2,cotton,2016,January,598,4386,4495,4440,2016-01-01,Amaravathi,109
3,cotton,2016,February,145,4500,4600,4550,2016-02-01,Amaravathi,100
4,cotton,2016,April,20,3500,3600,3550,2016-04-01,Amaravathi,100
5,cotton,2016,November,515,4181,4281,4231,2016-11-01,Amaravathi,100
