,Commodity,Year,Month,arrivals_in_qtl,min_price,max_price,modal_price,date,district_name,diff_price
0,soybean,2015,November,440,3100,3200,3150,2015-11-01,Amaravathi,100
1,soybean,2015,December,440,3100,3200,3150,2015-12-01,Amaravathi,100
2,soybean,2016,January,310,3267,3367,3317,2016-01-01,Amaravathi,100
3,soybean,2016,February,220,3350,3450,3400,2016-02-01,Amaravathi,100
4,soybean,2016,April,300,2800,2900,2850,2016-04-01,Amaravathi,100
5,soybean,2016,May,100,3700,3800,3750,2016-05-01,Amaravathi,100
6,soybean,2016,July,50,3900,4000,3950,2016-07-01,Amaravathi,100
8,soybean,2016,October,1910,2486,2579,2536,2016-10-01,Amaravathi,93
9,soybean,2016,November,1913,2555,2655,2605,2016-11-01,Amaravathi,100
