,Commodity,Year,Month,arrivals_in_qtl,min_price,max_price,modal_price,date,district_name,diff_price
0,wheat(husked),2015,November,750,1300,1400,1350,2015-11-01,Amaravathi,100
1,wheat(husked),2015,December,200,1300,1400,1350,2015-12-01,Amaravathi,100
2,wheat(husked),2016,January,1380,1440,1540,1490,2016-01-01,Amaravathi,100
3,wheat(husked),2016,February,1830,1388,1488,1438,2016-02-01,Amaravathi,100
4,wheat(husked),2016,March,1070,1400,1500,1450,2016-03-01,Amaravathi,100
5,wheat(husked),2016,April,2820,1410,1510,1460,2016-04-01,Amaravathi,100
6,wheat(husked),2016,May,3550,1404,1504,1454,2016-05-01,Amaravathi,100
7,wheat(husked),2016,June,2900,1459,1559,1509,2016-06-01,Amaravathi,100
8,wheat(husked),2016,July,1950,1546,1638,1592,2016-07-01,Amaravathi,92
9,wheat(husked),2016,August,1490,1605,1685,1645,2016-08-01,Amaravathi,80
10,wheat(husked),2016,September,2220,1600,1688,1644,2016-09-01,Amaravathi,88
11,wheat(husked),2016,October,1185,1560,1665,1615,2016-10-01,Amaravathi,105
12,wheat(husked),2016,November,920,1600,1700,1650,2016-11-01,Amaravathi,100
