,Commodity,Year,Month,arrivals_in_qtl,min_price,max_price,modal_price,date,district_name,diff_price
0,bajri,2016,April,90,1681,1718,1711,2016-04-01,Jalgaon,37
1,bajri,2016,May,111,1586,1621,1598,2016-05-01,Jalgaon,35
2,bajri,2016,June,51,1490,1721,1672,2016-06-01,Jalgaon,231
3,bajri,2016,July,26,1605,1623,1613,2016-07-01,Jalgaon,18
4,bajri,2016,August,17,1702,1737,1719,2016-08-01,Jalgaon,35
5,bajri,2016,September,17,1634,1661,1649,2016-09-01,Jalgaon,27
6,bajri,2016,October,30,1405,1595,1515,2016-10-01,Jalgaon,190
