,Commodity,Year,Month,arrivals_in_qtl,min_price,max_price,modal_price,date,district_name,diff_price
1,sorgum(jawar),2016,January,1480,1244,1344,1294,2016-01-01,Amaravathi,100
2,sorgum(jawar),2016,February,1900,1323,1423,1373,2016-02-01,Amaravathi,100
3,sorgum(jawar),2016,March,480,1275,1375,1325,2016-03-01,Amaravathi,100
4,sorgum(jawar),2016,April,470,1367,1467,1417,2016-04-01,Amaravathi,100
5,sorgum(jawar),2016,May,1890,1375,1475,1425,2016-05-01,Amaravathi,100
6,sorgum(jawar),2016,June,1150,1400,1500,1450,2016-06-01,Amaravathi,100
7,sorgum(jawar),2016,July,700,1459,1555,1507,2016-07-01,Amaravathi,96
8,sorgum(jawar),2016,August,780,1567,1653,1610,2016-08-01,Amaravathi,86
9,sorgum(jawar),2016,September,985,1564,1664,1614,2016-09-01,Amaravathi,100
10,sorgum(jawar),2016,October,3010,1371,1443,1407,2016-10-01,Amaravathi,72
11,sorgum(jawar),2016,November,2485,1360,1460,1410,2016-11-01,Amaravathi,100
