,Commodity,Year,Month,arrivals_in_qtl,min_price,max_price,modal_price,date,district_name,diff_price
0,sorgum(jawar),2016,April,138,1440,1481,1462,2016-04-01,Jalgaon,41
1,sorgum(jawar),2016,May,57,1422,1453,1435,2016-05-01,Jalgaon,31
2,sorgum(jawar),2016,June,75,1393,1432,1410,2016-06-01,Jalgaon,39
3,sorgum(jawar),2016,July,19,1511,1560,1529,2016-07-01,Jalgaon,49
4,sorgum(jawar),2016,August,44,1461,1497,1480,2016-08-01,Jalgaon,36
5,sorgum(jawar),2016,September,58,1485,1515,1502,2016-09-01,Jalgaon,30
7,sorgum(jawar),2016,November,1886,1121,1242,1173,2016-11-01,Jalgaon,121
