,Commodity,Year,Month,arrivals_in_qtl,min_price,max_price,modal_price,date,district_name,diff_price
0,sesamum,2014,October,32,10465,10948,10748,2014-10-01,Dhule,483
1,sesamum,2014,November,21,9687,9716,9716,2014-11-01,Dhule,29
2,sesamum,2014,December,18,10733,10983,10983,2014-12-01,Dhule,250
3,sesamum,2015,January,18,9108,9108,9108,2015-01-01,Dhule,0
4,sesamum,2015,May,6,7025,7025,7025,2015-05-01,Dhule,0
5,sesamum,2015,June,6,7850,7850,7850,2015-06-01,Dhule,0
6,sesamum,2015,July,3,7500,7500,7500,2015-07-01,Dhule,0
7,sesamum,2015,August,18,8104,8104,8104,2015-08-01,Dhule,0
8,sesamum,2015,September,19,6600,7452,7452,2015-09-01,Dhule,852
9,sesamum,2015,November,3,5800,5800,5800,2015-11-01,Dhule,0
10,sesamum,2015,December,6,7238,7238,7238,2015-12-01,Dhule,0
11,sesamum,2016,January,15,4788,5988,5075,2016-01-01,Dhule,1200
13,sesamum,2016,October,15,8401,8401,8401,2016-10-01,Dhule,0
14,sesamum,2016,November,3,4000,4000,4000,2016-11-01,Dhule,0
