,Commodity,Year,Month,arrivals_in_qtl,min_price,max_price,modal_price,date,district_name,diff_price
0,soybean,2014,September,135,2536,2956,2884,2014-09-01,Dhule,420
1,soybean,2014,October,218,2945,3128,3100,2014-10-01,Dhule,183
2,soybean,2014,November,197,3170,3281,3254,2014-11-01,Dhule,111
3,soybean,2014,December,142,3041,3130,3114,2014-12-01,Dhule,89
4,soybean,2015,January,116,3093,3180,3165,2015-01-01,Dhule,87
5,soybean,2015,February,31,3114,3209,3198,2015-02-01,Dhule,95
6,soybean,2015,March,81,2978,3111,3108,2015-03-01,Dhule,133
7,soybean,2015,April,19,3261,3281,3281,2015-04-01,Dhule,20
8,soybean,2015,May,430,3520,3818,3760,2015-05-01,Dhule,298
9,soybean,2015,June,59,3142,3240,3240,2015-06-01,Dhule,98
10,soybean,2015,July,118,2968,3050,3050,2015-07-01,Dhule,82
11,soybean,2015,August,55,3004,3090,3084,2015-08-01,Dhule,86
12,soybean,2015,September,22,3055,3056,3056,2015-09-01,Dhule,1
13,soybean,2015,October,274,3454,3672,3626,2015-10-01,Dhule,218
14,soybean,2015,November,371,2870,3660,3572,2015-11-01,Dhule,790
15,soybean,2015,December,463,2758,3532,3361,2015-12-01,Dhule,774
16,soybean,2016,January,102,3281,3466,3404,2016-01-01,Dhule,185
17,soybean,2016,February,60,3092,3433,3408,2016-02-01,Dhule,341
18,soybean,2016,March,69,3278,3563,3473,2016-03-01,Dhule,285
19,soybean,2016,April,48,3238,3933,3773,2016-04-01,Dhule,695
20,soybean,2016,May,171,3577,3791,3759,2016-05-01,Dhule,214
21,soybean,2016,June,33,2967,3628,3628,2016-06-01,Dhule,661
22,soybean,2016,July,30,3471,3526,3526,2016-07-01,Dhule,55
23,soybean,2016,August,33,3160,3258,3256,2016-08-01,Dhule,98
24,soybean,2016,September,58,2990,3095,3038,2016-09-01,Dhule,105
25,soybean,2016,October,155,2462,2752,2606,2016-10-01,Dhule,290
26,soybean,2016,November,134,2326,2690,2614,2016-11-01,Dhule,364
