,Commodity,Year,Month,arrivals_in_qtl,min_price,max_price,modal_price,date,district_name,diff_price
0,pigeon pea (tur),2014,September,76,3615,5395,3832,2014-09-01,Dhule,1780
1,pigeon pea (tur),2014,October,58,3569,3910,3807,2014-10-01,Dhule,341
2,pigeon pea (tur),2014,November,54,3986,4111,4104,2014-11-01,Dhule,125
3,pigeon pea (tur),2014,December,63,3457,3557,3532,2014-12-01,Dhule,100
4,pigeon pea (tur),2015,January,111,3936,4269,4171,2015-01-01,Dhule,333
5,pigeon pea (tur),2015,February,121,4252,5158,4913,2015-02-01,Dhule,906
6,pigeon pea (tur),2015,March,174,4228,5297,4989,2015-03-01,Dhule,1069
7,pigeon pea (tur),2015,April,117,4854,5668,5399,2015-04-01,Dhule,814
8,pigeon pea (tur),2015,May,138,5352,6315,6038,2015-05-01,Dhule,963
9,pigeon pea (tur),2015,June,185,5028,5751,5666,2015-06-01,Dhule,723
10,pigeon pea (tur),2015,July,49,4674,5331,5293,2015-07-01,Dhule,657
11,pigeon pea (tur),2015,August,6859,6230,6461,6358,2015-08-01,Dhule,231
12,pigeon pea (tur),2015,September,112,6445,7365,7223,2015-09-01,Dhule,920
13,pigeon pea (tur),2015,October,137,8434,9146,8875,2015-10-01,Dhule,712
14,pigeon pea (tur),2015,November,63,7147,8042,7883,2015-11-01,Dhule,895
15,pigeon pea (tur),2015,December,316,7047,8302,7988,2015-12-01,Dhule,1255
16,pigeon pea (tur),2016,January,764,6636,8372,7863,2016-01-01,Dhule,1736
17,pigeon pea (tur),2016,February,208,5849,7540,6963,2016-02-01,Dhule,1691
18,pigeon pea (tur),2016,March,117,5524,7355,7011,2016-03-01,Dhule,1831
19,pigeon pea (tur),2016,April,44,6375,8062,7957,2016-04-01,Dhule,1687
20,pigeon pea (tur),2016,May,50,6572,7804,7630,2016-05-01,Dhule,1232
21,pigeon pea (tur),2016,June,104,6930,7706,7548,2016-06-01,Dhule,776
22,pigeon pea (tur),2016,July,26,7000,7100,7086,2016-07-01,Dhule,100
23,pigeon pea (tur),2016,August,27,5336,5544,5522,2016-08-01,Dhule,208
24,pigeon pea (tur),2016,September,168,4948,5294,5129,2016-09-01,Dhule,346
25,pigeon pea (tur),2016,October,49,4168,4523,4385,2016-10-01,Dhule,355
26,pigeon pea (tur),2016,November,33,3429,3814,3529,2016-11-01,Dhule,385
