,Commodity,Year,Month,arrivals_in_qtl,min_price,max_price,modal_price,date,district_name,diff_price
0,wheat(husked),2014,September,15883,1175,1646,1504,2014-09-01,Dhule,471
1,wheat(husked),2014,October,8108,1347,1715,1516,2014-10-01,Dhule,368
2,wheat(husked),2014,November,9117,1310,1768,1552,2014-11-01,Dhule,458
3,wheat(husked),2014,December,4996,1363,1699,1553,2014-12-01,Dhule,336
4,wheat(husked),2015,January,4536,1499,1786,1623,2015-01-01,Dhule,287
5,wheat(husked),2015,February,3189,1287,1797,1521,2015-02-01,Dhule,510
6,wheat(husked),2015,March,18400,1134,1842,1393,2015-03-01,Dhule,708
7,wheat(husked),2015,April,34745,1144,1871,1474,2015-04-01,Dhule,727
8,wheat(husked),2015,May,11932,1158,1825,1391,2015-05-01,Dhule,667
9,wheat(husked),2015,June,11058,1099,1711,1351,2015-06-01,Dhule,612
10,wheat(husked),2015,July,9126,1268,1625,1446,2015-07-01,Dhule,357
11,wheat(husked),2015,August,7355,1511,1911,1684,2015-08-01,Dhule,400
12,wheat(husked),2015,September,6887,1304,1734,1498,2015-09-01,Dhule,430
13,wheat(husked),2015,October,4942,1480,1847,1602,2015-10-01,Dhule,367
14,wheat(husked),2015,November,3331,1474,2004,1571,2015-11-01,Dhule,530
15,wheat(husked),2015,December,4358,1514,1975,1624,2015-12-01,Dhule,461
16,wheat(husked),2016,January,4186,1493,2023,1625,2016-01-01,Dhule,530
17,wheat(husked),2016,February,6643,1479,1993,1632,2016-02-01,Dhule,514
18,wheat(husked),2016,March,33796,1430,1949,1644,2016-03-01,Dhule,519
19,wheat(husked),2016,April,14082,1502,2084,1741,2016-04-01,Dhule,582
20,wheat(husked),2016,May,8747,1540,2043,1791,2016-05-01,Dhule,503
21,wheat(husked),2016,June,6115,1613,2001,1808,2016-06-01,Dhule,388
22,wheat(husked),2016,July,2474,1641,1974,1790,2016-07-01,Dhule,333
23,wheat(husked),2016,August,4412,1609,1978,1806,2016-08-01,Dhule,369
24,wheat(husked),2016,September,3739,1679,2026,1828,2016-09-01,Dhule,347
25,wheat(husked),2016,October,3146,1594,2004,1830,2016-10-01,Dhule,410
26,wheat(husked),2016,November,2175,1785,2296,2006,2016-11-01,Dhule,511
