,Commodity,Year,Month,arrivals_in_qtl,min_price,max_price,modal_price,date,district_name,diff_price
0,ground nut pods (dry),2014,September,5366,2891,4365,4189,2014-09-01,Dhule,1474
1,ground nut pods (dry),2014,October,1446,2755,4353,4189,2014-10-01,Dhule,1598
2,ground nut pods (dry),2014,November,1651,2861,4521,4171,2014-11-01,Dhule,1660
3,ground nut pods (dry),2014,December,1387,3182,5151,4636,2014-12-01,Dhule,1969
4,ground nut pods (dry),2015,January,1003,3253,5214,4670,2015-01-01,Dhule,1961
5,ground nut pods (dry),2015,February,408,3054,5294,4874,2015-02-01,Dhule,2240
6,ground nut pods (dry),2015,March,207,3175,4803,4518,2015-03-01,Dhule,1628
7,ground nut pods (dry),2015,April,550,3064,4809,4563,2015-04-01,Dhule,1745
8,ground nut pods (dry),2015,May,6473,3215,5484,5135,2015-05-01,Dhule,2269
9,ground nut pods (dry),2015,June,12688,3971,5537,5235,2015-06-01,Dhule,1566
10,ground nut pods (dry),2015,July,3644,4099,5463,5254,2015-07-01,Dhule,1364
11,ground nut pods (dry),2015,August,833,4633,5934,5737,2015-08-01,Dhule,1301
12,ground nut pods (dry),2015,September,940,4072,5970,5726,2015-09-01,Dhule,1898
13,ground nut pods (dry),2015,October,646,2780,4813,4359,2015-10-01,Dhule,2033
14,ground nut pods (dry),2015,November,993,3270,4904,4536,2015-11-01,Dhule,1634
15,ground nut pods (dry),2015,December,2376,3435,4941,4572,2015-12-01,Dhule,1506
16,ground nut pods (dry),2016,January,1468,3433,5079,4745,2016-01-01,Dhule,1646
17,ground nut pods (dry),2016,February,551,3459,4936,4647,2016-02-01,Dhule,1477
18,ground nut pods (dry),2016,March,347,3859,5268,5049,2016-03-01,Dhule,1409
19,ground nut pods (dry),2016,April,679,3519,5701,5599,2016-04-01,Dhule,2182
20,ground nut pods (dry),2016,May,7424,3648,5117,4907,2016-05-01,Dhule,1469
21,ground nut pods (dry),2016,June,4293,4330,6126,5899,2016-06-01,Dhule,1796
22,ground nut pods (dry),2016,July,1604,4415,6271,6112,2016-07-01,Dhule,1856
23,ground nut pods (dry),2016,August,642,4394,6094,5826,2016-08-01,Dhule,1700
24,ground nut pods (dry),2016,September,176,4315,5671,5348,2016-09-01,Dhule,1356
25,ground nut pods (dry),2016,October,449,3261,4414,4143,2016-10-01,Dhule,1153
26,ground nut pods (dry),2016,November,785,3360,4413,4083,2016-11-01,Dhule,1053
