,Commodity,Year,Month,arrivals_in_qtl,min_price,max_price,modal_price,date,district_name,diff_price
0,horse gram,2014,September,12,2075,2295,2295,2014-09-01,Dhule,220
1,horse gram,2014,November,12,4226,4325,4226,2014-11-01,Dhule,99
2,horse gram,2014,December,24,3026,3342,3342,2014-12-01,Dhule,316
3,horse gram,2015,January,12,2951,2951,2951,2015-01-01,Dhule,0
4,horse gram,2015,February,6,1953,1953,1953,2015-02-01,Dhule,0
5,horse gram,2015,March,3,1500,1500,1500,2015-03-01,Dhule,0
6,horse gram,2015,May,9,1670,3003,3003,2015-05-01,Dhule,1333
7,horse gram,2015,June,9,2082,2703,2703,2015-06-01,Dhule,621
8,horse gram,2015,July,3,3010,3010,3010,2015-07-01,Dhule,0
9,horse gram,2015,September,9,3803,3803,3803,2015-09-01,Dhule,0
10,horse gram,2015,October,3,1730,1730,1730,2015-10-01,Dhule,0
11,horse gram,2015,November,3,4000,4000,4000,2015-11-01,Dhule,0
12,horse gram,2016,January,12,4250,4516,4250,2016-01-01,Dhule,266
13,horse gram,2016,June,3,2800,2800,2800,2016-06-01,Dhule,0
14,horse gram,2016,October,3,4700,4700,4700,2016-10-01,Dhule,0
15,horse gram,2016,November,12,3550,4013,4013,2016-11-01,Dhule,463
