,Commodity,Year,Month,arrivals_in_qtl,min_price,max_price,modal_price,date,district_name,diff_price
0,chillies(red),2014,October,3,3400,3950,3950,2014-10-01,Dhule,550
1,chillies(red),2014,November,3,2500,4300,4300,2014-11-01,Dhule,1800
2,chillies(red),2014,December,39,4144,6564,6107,2014-12-01,Dhule,2420
3,chillies(red),2015,January,225,2090,3783,2986,2015-01-01,Dhule,1693
4,chillies(red),2015,February,208,2576,4363,4019,2015-02-01,Dhule,1787
5,chillies(red),2015,March,183,3293,5891,4911,2015-03-01,Dhule,2598
6,chillies(red),2015,April,53,2906,7719,6088,2015-04-01,Dhule,4813
7,chillies(red),2015,May,30,4025,8650,6316,2015-05-01,Dhule,4625
8,chillies(red),2015,June,9,3783,6405,4722,2015-06-01,Dhule,2622
9,chillies(red),2015,July,11,3500,8200,6101,2015-07-01,Dhule,4700
10,chillies(red),2015,August,6,4276,7625,5875,2015-08-01,Dhule,3349
11,chillies(red),2015,September,6,5856,6400,6400,2015-09-01,Dhule,544
12,chillies(red),2015,October,37,5133,11100,9050,2015-10-01,Dhule,5967
13,chillies(red),2015,November,119,3700,11500,9700,2015-11-01,Dhule,7800
14,chillies(red),2015,December,74,4300,11091,8280,2015-12-01,Dhule,6791
15,chillies(red),2016,January,200,3481,6433,5687,2016-01-01,Dhule,2952
16,chillies(red),2016,February,420,4992,8619,7646,2016-02-01,Dhule,3627
17,chillies(red),2016,March,1085,5152,10040,8771,2016-03-01,Dhule,4888
18,chillies(red),2016,April,35,7767,15400,12333,2016-04-01,Dhule,7633
19,chillies(red),2016,May,12,5500,11950,10150,2016-05-01,Dhule,6450
20,chillies(red),2016,June,20,9550,13375,12425,2016-06-01,Dhule,3825
21,chillies(red),2016,October,28,5540,7050,7050,2016-10-01,Dhule,1510
22,chillies(red),2016,November,270,2933,5425,4878,2016-11-01,Dhule,2492
