,Commodity,Year,Month,arrivals_in_qtl,min_price,max_price,modal_price,date,district_name,diff_price
0,cowpea,2014,September,47,3362,3561,3474,2014-09-01,Dhule,199
1,cowpea,2014,October,21,3971,3971,3971,2014-10-01,Dhule,0
2,cowpea,2014,November,31,3265,3904,3894,2014-11-01,Dhule,639
3,cowpea,2014,December,18,3985,4210,4210,2014-12-01,Dhule,225
4,cowpea,2015,January,6,3728,3930,3930,2015-01-01,Dhule,202
6,cowpea,2015,March,30,3742,3891,3891,2015-03-01,Dhule,149
7,cowpea,2015,April,21,3481,3981,3844,2015-04-01,Dhule,500
8,cowpea,2015,May,58,3468,3995,3914,2015-05-01,Dhule,527
9,cowpea,2015,June,58,3302,3801,3764,2015-06-01,Dhule,499
10,cowpea,2015,July,36,3798,3798,3798,2015-07-01,Dhule,0
11,cowpea,2015,August,45,3566,3633,3633,2015-08-01,Dhule,67
12,cowpea,2015,September,24,3656,3894,3656,2015-09-01,Dhule,238
13,cowpea,2015,October,30,3222,3642,3642,2015-10-01,Dhule,420
14,cowpea,2015,November,12,3753,3753,3753,2015-11-01,Dhule,0
15,cowpea,2015,December,22,2964,3754,3754,2015-12-01,Dhule,790
16,cowpea,2016,January,6,3288,3838,3838,2016-01-01,Dhule,550
17,cowpea,2016,February,9,3425,4027,4008,2016-02-01,Dhule,602
19,cowpea,2016,August,18,4001,4106,4106,2016-08-01,Dhule,105
21,cowpea,2016,October,12,4160,4160,4160,2016-10-01,Dhule,0
