,Commodity,Year,Month,arrivals_in_qtl,min_price,max_price,modal_price,date,district_name,diff_price
0,black gram,2014,September,109,4313,4693,4392,2014-09-01,Dhule,380
1,black gram,2014,October,48,4785,5167,5141,2014-10-01,Dhule,382
2,black gram,2014,November,60,5442,5893,5824,2014-11-01,Dhule,451
3,black gram,2014,December,31,5171,5488,5476,2014-12-01,Dhule,317
4,black gram,2015,January,27,5390,5612,5612,2015-01-01,Dhule,222
5,black gram,2015,February,24,4788,4788,4788,2015-02-01,Dhule,0
6,black gram,2015,March,27,5134,5218,5218,2015-03-01,Dhule,84
7,black gram,2015,April,3,6100,6100,6100,2015-04-01,Dhule,0
8,black gram,2015,May,12,5913,5913,5913,2015-05-01,Dhule,0
9,black gram,2015,June,9,6487,6487,6487,2015-06-01,Dhule,0
10,black gram,2015,July,18,8080,8080,8080,2015-07-01,Dhule,0
11,black gram,2015,August,9,6292,7918,7437,2015-08-01,Dhule,1626
12,black gram,2015,September,50,8038,8541,8462,2015-09-01,Dhule,503
13,black gram,2015,October,44,9889,10622,10479,2015-10-01,Dhule,733
14,black gram,2015,November,24,10653,10890,10778,2015-11-01,Dhule,237
15,black gram,2015,December,46,8090,9626,9366,2015-12-01,Dhule,1536
16,black gram,2016,January,9,8652,9300,8652,2016-01-01,Dhule,648
17,black gram,2016,May,3,11000,11000,11000,2016-05-01,Dhule,0
18,black gram,2016,June,6,10000,11250,11250,2016-06-01,Dhule,1250
19,black gram,2016,July,6,8040,8040,8040,2016-07-01,Dhule,0
20,black gram,2016,August,3,8600,8600,8600,2016-08-01,Dhule,0
21,black gram,2016,September,112,6701,8041,7711,2016-09-01,Dhule,1340
22,black gram,2016,October,146,5169,7189,6806,2016-10-01,Dhule,2020
23,black gram,2016,November,59,4176,5645,5319,2016-11-01,Dhule,1469
