,Commodity,Year,Month,arrivals_in_qtl,min_price,max_price,modal_price,date,district_name,diff_price
0,green gram,2014,September,188,5029,6543,5987,2014-09-01,Dhule,1514
1,green gram,2014,October,170,5853,7489,6747,2014-10-01,Dhule,1636
2,green gram,2014,November,279,6694,7706,7267,2014-11-01,Dhule,1012
3,green gram,2014,December,85,6332,7175,6793,2014-12-01,Dhule,843
4,green gram,2015,January,48,6562,6828,6828,2015-01-01,Dhule,266
5,green gram,2015,February,45,6660,6947,6947,2015-02-01,Dhule,287
6,green gram,2015,March,31,6864,7128,7118,2015-03-01,Dhule,264
7,green gram,2015,April,30,6159,6795,6415,2015-04-01,Dhule,636
8,green gram,2015,May,79,6108,7080,6882,2015-05-01,Dhule,972
9,green gram,2015,June,160,5922,6467,6328,2015-06-01,Dhule,545
10,green gram,2015,July,51,5508,5826,5740,2015-07-01,Dhule,318
11,green gram,2015,August,322,5566,6803,6345,2015-08-01,Dhule,1237
12,green gram,2015,September,778,6261,8088,7713,2015-09-01,Dhule,1827
13,green gram,2015,October,125,7514,8820,8396,2015-10-01,Dhule,1306
14,green gram,2015,November,54,7256,8009,7639,2015-11-01,Dhule,753
15,green gram,2015,December,53,6547,7495,7161,2015-12-01,Dhule,948
16,green gram,2016,January,15,6525,6685,6685,2016-01-01,Dhule,160
17,green gram,2016,February,15,5840,6120,6120,2016-02-01,Dhule,280
18,green gram,2016,April,3,6900,6900,6900,2016-04-01,Dhule,0
19,green gram,2016,May,13,6075,6525,6225,2016-05-01,Dhule,450
20,green gram,2016,June,34,5194,6114,5823,2016-06-01,Dhule,920
21,green gram,2016,July,18,5568,5568,5568,2016-07-01,Dhule,0
22,green gram,2016,August,412,4282,5147,4804,2016-08-01,Dhule,865
23,green gram,2016,September,758,4143,5357,4747,2016-09-01,Dhule,1214
24,green gram,2016,October,533,3685,5026,4694,2016-10-01,Dhule,1341
25,green gram,2016,November,181,3427,4681,4329,2016-11-01,Dhule,1254
