,Commodity,Year,Month,arrivals_in_qtl,min_price,max_price,modal_price,date,district_name,diff_price
0,castor seed,2014,September,15,3275,3275,3275,2014-09-01,Dhule,0
2,castor seed,2014,December,3,3105,3105,3105,2014-12-01,Dhule,0
3,castor seed,2015,January,3,3250,3250,3250,2015-01-01,Dhule,0
4,castor seed,2015,March,3,3135,3135,3135,2015-03-01,Dhule,0
5,castor seed,2015,April,12,3156,3170,3169,2015-04-01,Dhule,14
6,castor seed,2015,May,12,3050,3100,3100,2015-05-01,Dhule,50
7,castor seed,2015,June,15,3300,3331,3331,2015-06-01,Dhule,31
8,castor seed,2015,July,15,3110,3110,3110,2015-07-01,Dhule,0
9,castor seed,2015,September,6,3150,3200,3200,2015-09-01,Dhule,50
10,castor seed,2015,December,6,2650,3305,2650,2015-12-01,Dhule,655
11,castor seed,2016,February,6,2925,2925,2925,2016-02-01,Dhule,0
12,castor seed,2016,May,7,2850,2850,2850,2016-05-01,Dhule,0
14,castor seed,2016,August,6,2720,2720,2720,2016-08-01,Dhule,0
