,Commodity,Year,Month,arrivals_in_qtl,min_price,max_price,modal_price,date,district_name,diff_price
0,sorgum(jawar),2014,September,2200,1433,1801,1660,2014-09-01,Dhule,368
1,sorgum(jawar),2014,October,657,1516,2234,1695,2014-10-01,Dhule,718
2,sorgum(jawar),2014,November,7455,1598,1941,1792,2014-11-01,Dhule,343
3,sorgum(jawar),2014,December,3193,1535,1824,1731,2014-12-01,Dhule,289
4,sorgum(jawar),2015,January,1294,1718,1901,1863,2015-01-01,Dhule,183
5,sorgum(jawar),2015,February,637,1689,1877,1838,2015-02-01,Dhule,188
6,sorgum(jawar),2015,March,1208,1451,1733,1614,2015-03-01,Dhule,282
7,sorgum(jawar),2015,April,6136,1318,1534,1460,2015-04-01,Dhule,216
8,sorgum(jawar),2015,May,11671,1115,1301,1235,2015-05-01,Dhule,186
9,sorgum(jawar),2015,June,5331,1319,1516,1454,2015-06-01,Dhule,197
10,sorgum(jawar),2015,July,2375,1214,1373,1316,2015-07-01,Dhule,159
11,sorgum(jawar),2015,August,1515,1229,1380,1343,2015-08-01,Dhule,151
12,sorgum(jawar),2015,September,1617,1329,1462,1430,2015-09-01,Dhule,133
13,sorgum(jawar),2015,October,6537,1278,1380,1333,2015-10-01,Dhule,102
14,sorgum(jawar),2015,November,5787,1342,1482,1439,2015-11-01,Dhule,140
15,sorgum(jawar),2015,December,4704,1390,1552,1507,2015-12-01,Dhule,162
16,sorgum(jawar),2016,January,2897,1396,1516,1485,2016-01-01,Dhule,120
17,sorgum(jawar),2016,February,2453,1382,1526,1454,2016-02-01,Dhule,144
18,sorgum(jawar),2016,March,1665,1407,1613,1543,2016-03-01,Dhule,206
19,sorgum(jawar),2016,April,2510,1423,1670,1581,2016-04-01,Dhule,247
20,sorgum(jawar),2016,May,1333,1417,1646,1580,2016-05-01,Dhule,229
21,sorgum(jawar),2016,June,655,1578,1712,1676,2016-06-01,Dhule,134
22,sorgum(jawar),2016,July,221,1667,1770,1750,2016-07-01,Dhule,103
23,sorgum(jawar),2016,August,276,1574,1669,1632,2016-08-01,Dhule,95
24,sorgum(jawar),2016,September,180,1572,1707,1656,2016-09-01,Dhule,135
25,sorgum(jawar),2016,October,5024,1330,1507,1441,2016-10-01,Dhule,177
26,sorgum(jawar),2016,November,5953,1233,1463,1302,2016-11-01,Dhule,230
