,Commodity,Year,Month,arrivals_in_qtl,min_price,max_price,modal_price,date,district_name,diff_price
0,matki,2014,September,50,5122,5835,5676,2014-09-01,Dhule,713
1,matki,2014,October,19,4276,4301,4301,2014-10-01,Dhule,25
2,matki,2014,November,23,5279,5781,5781,2014-11-01,Dhule,502
3,matki,2014,December,39,5912,6190,6168,2014-12-01,Dhule,278
4,matki,2015,January,39,6359,7042,6932,2015-01-01,Dhule,683
5,matki,2015,February,27,7154,7198,7198,2015-02-01,Dhule,44
6,matki,2015,March,31,6327,6652,6587,2015-03-01,Dhule,325
7,matki,2015,April,36,5644,5945,5890,2015-04-01,Dhule,301
8,matki,2015,May,24,6263,6902,6763,2015-05-01,Dhule,639
9,matki,2015,June,42,7349,7586,7548,2015-06-01,Dhule,237
10,matki,2015,July,36,5571,6315,6082,2015-07-01,Dhule,744
11,matki,2015,August,15,5855,5855,5855,2015-08-01,Dhule,0
12,matki,2015,September,15,5864,5864,5864,2015-09-01,Dhule,0
13,matki,2015,October,19,6108,6142,6108,2015-10-01,Dhule,34
14,matki,2015,November,21,6707,6886,6811,2015-11-01,Dhule,179
15,matki,2015,December,36,5954,7707,7392,2015-12-01,Dhule,1753
16,matki,2016,January,24,6474,7028,6972,2016-01-01,Dhule,554
17,matki,2016,February,15,6761,7243,7203,2016-02-01,Dhule,482
18,matki,2016,March,3,5500,5700,5650,2016-03-01,Dhule,200
19,matki,2016,June,15,4930,5175,5175,2016-06-01,Dhule,245
20,matki,2016,July,6,5300,5300,5300,2016-07-01,Dhule,0
21,matki,2016,September,6,4925,4925,4925,2016-09-01,Dhule,0
22,matki,2016,October,20,4460,4820,4820,2016-10-01,Dhule,360
23,matki,2016,November,23,5025,5281,5242,2016-11-01,Dhule,256
