,Commodity,Year,Month,arrivals_in_qtl,min_price,max_price,modal_price,date,district_name,diff_price
0,gram,2014,September,188,2223,2410,1615,2014-09-01,Yewatmal,187
1,gram,2014,October,187,2041,2122,1654,2014-10-01,Yewatmal,81
2,gram,2015,March,2059,3152,3351,3268,2015-03-01,Yewatmal,199
3,gram,2015,April,1269,3628,3967,3791,2015-04-01,Yewatmal,339
4,gram,2015,May,1047,4107,4358,4277,2015-05-01,Yewatmal,251
5,gram,2015,July,96,3761,3988,3886,2015-07-01,Yewatmal,227
6,gram,2015,August,55,3880,4301,4021,2015-08-01,Yewatmal,421
7,gram,2015,September,34,4016,4301,4203,2015-09-01,Yewatmal,285
8,gram,2015,October,4,3658,3658,3658,2015-10-01,Yewatmal,0
9,gram,2015,November,16,3923,3923,3923,2015-11-01,Yewatmal,0
10,gram,2015,December,2,3593,3593,3593,2015-12-01,Yewatmal,0
11,gram,2016,January,1,3400,3400,3400,2016-01-01,Yewatmal,0
12,gram,2016,February,1822,4033,4202,4116,2016-02-01,Yewatmal,169
13,gram,2016,March,1522,4052,4258,4175,2016-03-01,Yewatmal,206
14,gram,2016,April,784,4911,5166,5044,2016-04-01,Yewatmal,255
15,gram,2016,May,420,5446,5654,5520,2016-05-01,Yewatmal,208
16,gram,2016,June,210,6094,6288,6158,2016-06-01,Yewatmal,194
17,gram,2016,July,131,7413,7784,7623,2016-07-01,Yewatmal,371
18,gram,2016,August,71,5612,6301,5990,2016-08-01,Yewatmal,689
19,gram,2016,September,27,6317,6832,6414,2016-09-01,Yewatmal,515
20,gram,2016,October,27,6525,7002,6613,2016-10-01,Yewatmal,477
21,gram,2016,November,23,6393,6638,6515,2016-11-01,Yewatmal,245
