,Commodity,Year,Month,arrivals_in_qtl,min_price,max_price,modal_price,date,district_name,diff_price
0,sorgum(jawar),2015,July,23,1543,1543,1543,2015-07-01,Yewatmal,0
1,sorgum(jawar),2015,August,84,1492,1508,1506,2015-08-01,Yewatmal,16
3,sorgum(jawar),2015,October,5,1535,1535,1535,2015-10-01,Yewatmal,0
4,sorgum(jawar),2015,November,9,1573,1573,1573,2015-11-01,Yewatmal,0
5,sorgum(jawar),2015,December,11,1572,1572,1572,2015-12-01,Yewatmal,0
6,sorgum(jawar),2016,January,8,1580,1580,1580,2016-01-01,Yewatmal,0
7,sorgum(jawar),2016,February,41,1585,1585,1585,2016-02-01,Yewatmal,0
8,sorgum(jawar),2016,March,16,1575,1575,1575,2016-03-01,Yewatmal,0
9,sorgum(jawar),2016,April,42,1590,1590,1590,2016-04-01,Yewatmal,0
10,sorgum(jawar),2016,May,157,1497,1525,1509,2016-05-01,Yewatmal,28
11,sorgum(jawar),2016,June,71,1545,1607,1583,2016-06-01,Yewatmal,62
12,sorgum(jawar),2016,July,37,1544,1596,1570,2016-07-01,Yewatmal,52
13,sorgum(jawar),2016,August,80,1493,1546,1512,2016-08-01,Yewatmal,53
14,sorgum(jawar),2016,September,142,1550,1690,1575,2016-09-01,Yewatmal,140
16,sorgum(jawar),2016,November,7,1628,1628,1628,2016-11-01,Yewatmal,0
