,Commodity,Year,Month,arrivals_in_qtl,min_price,max_price,modal_price,date,district_name,diff_price
1,wheat(husked),2015,April,1273,1450,1783,1610,2015-04-01,Yewatmal,333
2,wheat(husked),2015,July,367,1517,1588,1552,2015-07-01,Yewatmal,71
3,wheat(husked),2015,August,415,1551,1647,1602,2015-08-01,Yewatmal,96
4,wheat(husked),2015,September,413,1534,1580,1551,2015-09-01,Yewatmal,46
5,wheat(husked),2015,October,429,1543,1606,1562,2015-10-01,Yewatmal,63
6,wheat(husked),2015,November,437,1543,1644,1577,2015-11-01,Yewatmal,101
7,wheat(husked),2015,December,467,1555,1634,1596,2015-12-01,Yewatmal,79
8,wheat(husked),2016,January,227,1596,1661,1619,2016-01-01,Yewatmal,65
9,wheat(husked),2016,February,390,1519,1702,1592,2016-02-01,Yewatmal,183
10,wheat(husked),2016,March,521,1492,1852,1648,2016-03-01,Yewatmal,360
11,wheat(husked),2016,April,659,1559,2006,1753,2016-04-01,Yewatmal,447
12,wheat(husked),2016,May,364,1588,1797,1670,2016-05-01,Yewatmal,209
13,wheat(husked),2016,June,442,1743,1918,1823,2016-06-01,Yewatmal,175
14,wheat(husked),2016,July,236,1670,1784,1709,2016-07-01,Yewatmal,114
15,wheat(husked),2016,August,682,1694,1778,1732,2016-08-01,Yewatmal,84
16,wheat(husked),2016,September,616,1719,1856,1774,2016-09-01,Yewatmal,137
17,wheat(husked),2016,October,421,1716,1839,1758,2016-10-01,Yewatmal,123
18,wheat(husked),2016,November,152,1752,1789,1758,2016-11-01,Yewatmal,37
