,Commodity,Year,Month,arrivals_in_qtl,min_price,max_price,modal_price,date,district_name,diff_price
0,pigeon pea (tur),2014,September,148,4495,4818,4338,2014-09-01,Yewatmal,323
1,pigeon pea (tur),2015,January,7548,4635,4956,4805,2015-01-01,Yewatmal,321
2,pigeon pea (tur),2015,February,7030,5254,5641,5488,2015-02-01,Yewatmal,387
3,pigeon pea (tur),2015,March,2205,5346,5804,5645,2015-03-01,Yewatmal,458
4,pigeon pea (tur),2015,April,1088,6133,6594,6419,2015-04-01,Yewatmal,461
5,pigeon pea (tur),2015,May,636,6407,6621,6451,2015-05-01,Yewatmal,214
6,pigeon pea (tur),2015,June,383,6562,7009,6558,2015-06-01,Yewatmal,447
7,pigeon pea (tur),2015,July,86,6798,7093,6960,2015-07-01,Yewatmal,295
8,pigeon pea (tur),2015,August,89,8308,8802,8646,2015-08-01,Yewatmal,494
9,pigeon pea (tur),2015,September,24,8780,9029,8951,2015-09-01,Yewatmal,249
10,pigeon pea (tur),2015,October,9,9080,9608,9080,2015-10-01,Yewatmal,528
11,pigeon pea (tur),2015,November,5,7764,7764,7764,2015-11-01,Yewatmal,0
12,pigeon pea (tur),2015,December,1302,7987,9054,8607,2015-12-01,Yewatmal,1067
13,pigeon pea (tur),2016,January,7898,8385,9194,8904,2016-01-01,Yewatmal,809
14,pigeon pea (tur),2016,February,3451,7706,8163,7985,2016-02-01,Yewatmal,457
15,pigeon pea (tur),2016,March,1456,7849,8172,8047,2016-03-01,Yewatmal,323
16,pigeon pea (tur),2016,April,2557,8647,9100,8942,2016-04-01,Yewatmal,453
17,pigeon pea (tur),2016,May,1808,8422,8879,8729,2016-05-01,Yewatmal,457
18,pigeon pea (tur),2016,June,900,8572,8855,8744,2016-06-01,Yewatmal,283
19,pigeon pea (tur),2016,July,498,8289,8504,8416,2016-07-01,Yewatmal,215
20,pigeon pea (tur),2016,August,847,6292,6593,6461,2016-08-01,Yewatmal,301
21,pigeon pea (tur),2016,September,441,6576,6929,6765,2016-09-01,Yewatmal,353
22,pigeon pea (tur),2016,October,573,6229,6584,6454,2016-10-01,Yewatmal,355
23,pigeon pea (tur),2016,November,256,5699,5844,5788,2016-11-01,Yewatmal,145
