,Commodity,Year,Month,arrivals_in_qtl,min_price,max_price,modal_price,date,district_name,diff_price
0,bajri,2015,September,12,1295,1550,1465,2015-09-01,Yewatmal,255
1,bajri,2015,October,1,2105,2105,2105,2015-10-01,Yewatmal,0
2,bajri,2015,November,1,1325,1325,1325,2015-11-01,Yewatmal,0
3,bajri,2016,January,2,1395,1395,1395,2016-01-01,Yewatmal,0
4,bajri,2016,February,1,1600,1600,1600,2016-02-01,Yewatmal,0
5,bajri,2016,March,1,1605,1605,1605,2016-03-01,Yewatmal,0
6,bajri,2016,May,20,1378,1378,1378,2016-05-01,Yewatmal,0
7,bajri,2016,September,4,1945,1945,1945,2016-09-01,Yewatmal,0
