,Commodity,Year,Month,arrivals_in_qtl,min_price,max_price,modal_price,date,district_name,diff_price
0,cotton,2014,December,18456,3889,4038,3963,2014-12-01,Yewatmal,149
1,cotton,2015,January,11690,3911,3963,3936,2015-01-01,Yewatmal,52
2,cotton,2015,February,6595,3780,3940,3875,2015-02-01,Yewatmal,160
3,cotton,2015,October,2215,3897,3995,3947,2015-10-01,Yewatmal,98
4,cotton,2015,November,2250,4084,4084,4084,2015-11-01,Yewatmal,0
5,cotton,2015,December,10769,4100,4100,4100,2015-12-01,Yewatmal,0
6,cotton,2016,January,250,4450,4450,4450,2016-01-01,Yewatmal,0
7,cotton,2016,February,175,4325,4325,4325,2016-02-01,Yewatmal,0
8,cotton,2016,March,743,4416,4416,4416,2016-03-01,Yewatmal,0
9,cotton,2016,April,150,4565,4565,4565,2016-04-01,Yewatmal,0
10,cotton,2016,October,2040,4425,4741,4606,2016-10-01,Yewatmal,316
11,cotton,2016,November,4188,4660,4817,4742,2016-11-01,Yewatmal,157
