,Commodity,Year,Month,arrivals_in_qtl,min_price,max_price,modal_price,date,district_name,diff_price
0,soybean,2014,October,2620,2749,3134,2922,2014-10-01,Yewatmal,385
1,soybean,2014,November,7094,3042,3287,3178,2014-11-01,Yewatmal,245
2,soybean,2014,December,4505,3044,3242,3168,2014-12-01,Yewatmal,198
3,soybean,2015,January,1389,3000,3014,2950,2015-01-01,Yewatmal,14
4,soybean,2015,June,871,3133,3134,3074,2015-06-01,Yewatmal,1
5,soybean,2015,July,131,3262,3309,3282,2015-07-01,Yewatmal,47
6,soybean,2015,August,94,3150,3175,3162,2015-08-01,Yewatmal,25
7,soybean,2015,September,59,3097,3151,3133,2015-09-01,Yewatmal,54
8,soybean,2015,October,12660,3471,3763,3626,2015-10-01,Yewatmal,292
9,soybean,2015,November,4805,3541,3710,3625,2015-11-01,Yewatmal,169
10,soybean,2015,December,3966,3492,3639,3587,2015-12-01,Yewatmal,147
11,soybean,2016,January,2810,3549,3704,3633,2016-01-01,Yewatmal,155
12,soybean,2016,February,2615,3575,3700,3652,2016-02-01,Yewatmal,125
13,soybean,2016,March,936,3579,3701,3645,2016-03-01,Yewatmal,122
14,soybean,2016,April,1373,3867,4059,3990,2016-04-01,Yewatmal,192
15,soybean,2016,May,1647,3746,3892,3834,2016-05-01,Yewatmal,146
16,soybean,2016,June,540,3714,3819,3773,2016-06-01,Yewatmal,105
17,soybean,2016,July,295,3539,3661,3602,2016-07-01,Yewatmal,122
18,soybean,2016,August,924,3369,3537,3461,2016-08-01,Yewatmal,168
19,soybean,2016,September,430,3140,3312,3254,2016-09-01,Yewatmal,172
20,soybean,2016,October,4858,2535,2909,2826,2016-10-01,Yewatmal,374
21,soybean,2016,November,6213,2598,2776,2732,2016-11-01,Yewatmal,178
