,Commodity,Year,Month,arrivals_in_qtl,min_price,max_price,modal_price,date,district_name,diff_price
0,black gram,2015,July,1,6655,6655,6655,2015-07-01,Yewatmal,0
1,black gram,2015,September,18,7239,7574,6553,2015-09-01,Yewatmal,335
2,black gram,2015,October,14,10170,10431,10265,2015-10-01,Yewatmal,261
3,black gram,2015,November,5,8525,8575,8525,2015-11-01,Yewatmal,50
4,black gram,2015,December,2,8678,8678,8678,2015-12-01,Yewatmal,0
5,black gram,2016,January,1,7000,7000,7000,2016-01-01,Yewatmal,0
6,black gram,2016,February,2,3380,3380,3380,2016-02-01,Yewatmal,0
7,black gram,2016,May,4,7168,7502,7168,2016-05-01,Yewatmal,334
8,black gram,2016,June,2,8413,8413,8413,2016-06-01,Yewatmal,0
9,black gram,2016,July,1,9505,9505,9505,2016-07-01,Yewatmal,0
10,black gram,2016,August,2,5975,5975,5975,2016-08-01,Yewatmal,0
11,black gram,2016,September,192,6448,6915,6710,2016-09-01,Yewatmal,467
12,black gram,2016,October,206,6029,6786,6355,2016-10-01,Yewatmal,757
13,black gram,2016,November,19,5806,5911,5872,2016-11-01,Yewatmal,105
