,Commodity,Year,Month,arrivals_in_qtl,min_price,max_price,modal_price,date,district_name,diff_price
0,sesamum,2015,July,3,5642,5642,5642,2015-07-01,Yewatmal,0
1,sesamum,2015,August,5,6830,6830,6830,2015-08-01,Yewatmal,0
2,sesamum,2015,September,4,7044,7044,7044,2015-09-01,Yewatmal,0
4,sesamum,2015,November,1,7605,7605,7605,2015-11-01,Yewatmal,0
5,sesamum,2015,December,6,6657,6701,6657,2015-12-01,Yewatmal,44
6,sesamum,2016,January,5,6185,6385,6185,2016-01-01,Yewatmal,200
7,sesamum,2016,February,2,6178,6178,6178,2016-02-01,Yewatmal,0
8,sesamum,2016,August,1,5205,5205,5205,2016-08-01,Yewatmal,0
9,sesamum,2016,October,1,6200,6200,6200,2016-10-01,Yewatmal,0
