,Commodity,Year,Month,arrivals_in_qtl,min_price,max_price,modal_price,date,district_name,diff_price
0,green gram,2015,August,3,6000,6000,6000,2015-08-01,Yewatmal,0
1,green gram,2015,September,18,6598,7298,6693,2015-09-01,Yewatmal,700
2,green gram,2015,October,4,7417,7417,7417,2015-10-01,Yewatmal,0
3,green gram,2015,November,6,7225,8900,7225,2015-11-01,Yewatmal,1675
4,green gram,2016,May,8,5700,5700,5700,2016-05-01,Yewatmal,0
5,green gram,2016,June,4,6259,6259,6259,2016-06-01,Yewatmal,0
6,green gram,2016,August,10,4392,4687,4557,2016-08-01,Yewatmal,295
7,green gram,2016,September,42,5366,5676,5474,2016-09-01,Yewatmal,310
8,green gram,2016,October,15,5155,5236,5183,2016-10-01,Yewatmal,81
9,green gram,2016,November,2,5228,5228,5228,2016-11-01,Yewatmal,0
