,Commodity,Year,Month,arrivals_in_qtl,min_price,max_price,modal_price,date,district_name,diff_price
0,onion,2014,September,30441,1100,1938,1388,2014-09-01,Nasik,838
1,onion,2015,January,6130,800,1563,1175,2015-01-01,Nasik,763
2,onion,2015,April,43129,655,1275,894,2015-04-01,Nasik,620
3,onion,2015,May,56922,662,1663,1070,2015-05-01,Nasik,1001
4,onion,2015,June,11045,1100,1849,1511,2015-06-01,Nasik,749
5,onion,2016,January,2698,800,1370,1021,2016-01-01,Nasik,570
6,onion,2016,April,43021,518,853,698,2016-04-01,Nasik,335
7,onion,2016,May,44549,437,798,596,2016-05-01,Nasik,361
8,onion,2016,June,21615,528,849,682,2016-06-01,Nasik,321
9,onion,2016,July,434,585,775,650,2016-07-01,Nasik,190
