,Commodity,Year,Month,arrivals_in_qtl,min_price,max_price,modal_price,date,district_name,diff_price
0,maize,2015,December,320,1272,1313,1301,2015-12-01,Dhule,41
1,maize,2016,January,98,1305,1310,1307,2016-01-01,Dhule,5
2,maize,2016,February,100,1209,1215,1212,2016-02-01,Dhule,6
3,maize,2016,March,171,1050,1291,1242,2016-03-01,Dhule,241
4,maize,2016,April,1836,1150,1352,1280,2016-04-01,Dhule,202
5,maize,2016,May,1142,1255,1386,1350,2016-05-01,Dhule,131
6,maize,2016,June,109,1369,1445,1428,2016-06-01,Dhule,76
7,maize,2016,July,1,1571,1571,1571,2016-07-01,Dhule,0
8,maize,2016,August,3,1550,1561,1555,2016-08-01,Dhule,11
9,maize,2016,September,1,1603,1603,1603,2016-09-01,Dhule,0
10,maize,2016,October,356,1034,1163,1089,2016-10-01,Dhule,129
11,maize,2016,November,1103,1084,1219,1169,2016-11-01,Dhule,135
