,Commodity,Year,Month,arrivals_in_qtl,min_price,max_price,modal_price,date,district_name,diff_price
0,chillies(red),2014,November,71,2078,2254,2170,2014-11-01,Dhule,176
1,chillies(red),2014,December,567,1958,2950,2332,2014-12-01,Dhule,992
2,chillies(red),2015,January,899,1840,2652,2355,2015-01-01,Dhule,812
3,chillies(red),2015,February,1220,1913,3393,2785,2015-02-01,Dhule,1480
4,chillies(red),2015,March,648,1793,2951,2390,2015-03-01,Dhule,1158
5,chillies(red),2015,April,30,2796,3950,3190,2015-04-01,Dhule,1154
6,chillies(red),2015,May,353,3758,4658,4533,2015-05-01,Dhule,900
7,chillies(red),2015,October,9,2151,2651,2651,2015-10-01,Dhule,500
8,chillies(red),2015,November,114,2838,3481,3214,2015-11-01,Dhule,643
9,chillies(red),2015,December,1934,2243,3301,2880,2015-12-01,Dhule,1058
10,chillies(red),2016,January,2617,2322,3317,2996,2016-01-01,Dhule,995
11,chillies(red),2016,February,1777,2793,4036,3590,2016-02-01,Dhule,1243
12,chillies(red),2016,March,868,2808,4589,3886,2016-03-01,Dhule,1781
13,chillies(red),2016,April,137,4000,4857,4623,2016-04-01,Dhule,857
14,chillies(red),2016,October,3787,1009,1496,1303,2016-10-01,Dhule,487
15,chillies(red),2016,November,12988,1115,3537,2212,2016-11-01,Dhule,2422
