,Commodity,Year,Month,arrivals_in_qtl,min_price,max_price,modal_price,date,district_name,diff_price
0,gram,2016,January,8,4000,4157,4000,2016-01-01,Dhule,157
1,gram,2016,February,214,3884,4083,3991,2016-02-01,Dhule,199
2,gram,2016,March,996,3966,5172,4169,2016-03-01,Dhule,1206
3,gram,2016,April,525,4798,6268,5100,2016-04-01,Dhule,1470
4,gram,2016,May,81,5330,5703,5444,2016-05-01,Dhule,373
5,gram,2016,June,24,5779,5986,5872,2016-06-01,Dhule,207
6,gram,2016,July,1,6801,6801,6801,2016-07-01,Dhule,0
7,gram,2016,September,2,7200,7200,7200,2016-09-01,Dhule,0
8,gram,2016,October,9,7433,9664,8293,2016-10-01,Dhule,2231
9,gram,2016,November,4,7126,9296,9101,2016-11-01,Dhule,2170
