,Commodity,Year,Month,arrivals_in_qtl,min_price,max_price,modal_price,date,district_name,diff_price
0,black gram,2014,October,6,4091,5201,5201,2014-10-01,Dhule,1110
1,black gram,2014,November,3,5260,5260,5260,2014-11-01,Dhule,0
2,black gram,2014,December,11,4050,4050,4050,2014-12-01,Dhule,0
3,black gram,2015,September,20,7701,7701,7701,2015-09-01,Dhule,0
4,black gram,2015,October,5,8563,8563,8563,2015-10-01,Dhule,0
5,black gram,2015,November,1,10001,10001,10001,2015-11-01,Dhule,0
6,black gram,2016,September,35,6886,7380,7171,2016-09-01,Dhule,494
7,black gram,2016,October,46,5942,6763,6505,2016-10-01,Dhule,821
8,black gram,2016,November,1,5001,5001,5001,2016-11-01,Dhule,0
