,Commodity,Year,Month,arrivals_in_qtl,min_price,max_price,modal_price,date,district_name,diff_price
0,green gram,2014,September,848,5232,6736,6244,2014-09-01,Dhule,1504
1,green gram,2014,October,421,6203,7877,7370,2014-10-01,Dhule,1674
2,green gram,2014,November,47,7659,8320,8055,2014-11-01,Dhule,661
3,green gram,2014,December,17,7599,8235,8153,2014-12-01,Dhule,636
4,green gram,2015,January,1,5000,7825,7825,2015-01-01,Dhule,2825
5,green gram,2015,February,2,6404,6404,6404,2015-02-01,Dhule,0
6,green gram,2015,May,42,6360,6771,6715,2015-05-01,Dhule,411
7,green gram,2015,June,127,6469,6680,6652,2015-06-01,Dhule,211
8,green gram,2015,July,291,5450,6026,5800,2015-07-01,Dhule,576
9,green gram,2015,August,2088,5801,6852,6577,2015-08-01,Dhule,1051
10,green gram,2015,September,3208,6835,8270,7956,2015-09-01,Dhule,1435
11,green gram,2015,October,234,7450,8652,8463,2015-10-01,Dhule,1202
12,green gram,2015,November,25,7022,7547,7392,2015-11-01,Dhule,525
13,green gram,2015,December,9,5643,7058,7014,2015-12-01,Dhule,1415
14,green gram,2016,January,11,6000,6400,6100,2016-01-01,Dhule,400
15,green gram,2016,April,1,6300,6300,6300,2016-04-01,Dhule,0
16,green gram,2016,May,5,5833,5833,5833,2016-05-01,Dhule,0
17,green gram,2016,July,2,5200,5200,5200,2016-07-01,Dhule,0
18,green gram,2016,August,700,3910,4743,4576,2016-08-01,Dhule,833
19,green gram,2016,September,3634,4236,5109,4827,2016-09-01,Dhule,873
20,green gram,2016,October,1217,4256,4926,4766,2016-10-01,Dhule,670
21,green gram,2016,November,178,4267,4592,4503,2016-11-01,Dhule,325
