,Commodity,Year,Month,arrivals_in_qtl,min_price,max_price,modal_price,date,district_name,diff_price
0,pigeon pea (tur),2014,September,29,4033,4082,4050,2014-09-01,Dhule,49
1,pigeon pea (tur),2014,November,1,4000,4000,4000,2014-11-01,Dhule,0
2,pigeon pea (tur),2014,December,5,4062,4080,4080,2014-12-01,Dhule,18
3,pigeon pea (tur),2015,January,44,4682,5065,4984,2015-01-01,Dhule,383
4,pigeon pea (tur),2015,February,93,4789,5406,5138,2015-02-01,Dhule,617
5,pigeon pea (tur),2015,March,67,5007,5380,5289,2015-03-01,Dhule,373
6,pigeon pea (tur),2015,April,38,4908,8690,5092,2015-04-01,Dhule,3782
7,pigeon pea (tur),2015,May,7,4900,5160,4940,2015-05-01,Dhule,260
8,pigeon pea (tur),2015,June,2,5250,5250,5250,2015-06-01,Dhule,0
9,pigeon pea (tur),2015,July,1,5212,5212,5212,2015-07-01,Dhule,0
10,pigeon pea (tur),2015,September,3,3100,5300,4100,2015-09-01,Dhule,2200
11,pigeon pea (tur),2015,October,6,7351,7351,7351,2015-10-01,Dhule,0
12,pigeon pea (tur),2015,December,167,7288,8393,8090,2015-12-01,Dhule,1105
13,pigeon pea (tur),2016,January,298,6855,8411,7985,2016-01-01,Dhule,1556
14,pigeon pea (tur),2016,February,303,6658,7423,7195,2016-02-01,Dhule,765
15,pigeon pea (tur),2016,March,75,5853,6637,6397,2016-03-01,Dhule,784
16,pigeon pea (tur),2016,April,54,6527,7135,6969,2016-04-01,Dhule,608
17,pigeon pea (tur),2016,May,20,6531,6531,6531,2016-05-01,Dhule,0
18,pigeon pea (tur),2016,June,4,5733,5900,5900,2016-06-01,Dhule,167
19,pigeon pea (tur),2016,October,1,3500,3500,3500,2016-10-01,Dhule,0
