,Commodity,Year,Month,arrivals_in_qtl,min_price,max_price,modal_price,date,district_name,diff_price
0,bajri,2015,December,582,1240,1366,1333,2015-12-01,Dhule,126
1,bajri,2016,January,306,1321,1377,1343,2016-01-01,Dhule,56
2,bajri,2016,February,202,1270,1362,1324,2016-02-01,Dhule,92
3,bajri,2016,March,106,1327,1420,1365,2016-03-01,Dhule,93
4,bajri,2016,April,416,1338,1586,1508,2016-04-01,Dhule,248
5,bajri,2016,May,433,1461,1720,1643,2016-05-01,Dhule,259
6,bajri,2016,June,127,1435,1634,1552,2016-06-01,Dhule,199
8,bajri,2016,August,94,1411,1588,1500,2016-08-01,Dhule,177
9,bajri,2016,September,101,1292,1487,1403,2016-09-01,Dhule,195
10,bajri,2016,October,797,1086,1337,1169,2016-10-01,Dhule,251
11,bajri,2016,November,143,1084,1243,1152,2016-11-01,Dhule,159
