,Commodity,Year,Month,arrivals_in_qtl,min_price,max_price,modal_price,date,district_name,diff_price
0,wheat(husked),2015,December,65,1479,1513,1497,2015-12-01,Dhule,34
1,wheat(husked),2016,January,116,1492,1661,1561,2016-01-01,Dhule,169
2,wheat(husked),2016,February,78,1493,1732,1602,2016-02-01,Dhule,239
3,wheat(husked),2016,March,4398,1497,1649,1589,2016-03-01,Dhule,152
4,wheat(husked),2016,April,2314,1529,1737,1616,2016-04-01,Dhule,208
5,wheat(husked),2016,May,478,1585,1710,1650,2016-05-01,Dhule,125
6,wheat(husked),2016,June,239,1648,1784,1742,2016-06-01,Dhule,136
7,wheat(husked),2016,July,60,1758,1765,1760,2016-07-01,Dhule,7
8,wheat(husked),2016,August,99,1636,1774,1738,2016-08-01,Dhule,138
9,wheat(husked),2016,September,119,1666,2753,1698,2016-09-01,Dhule,1087
10,wheat(husked),2016,October,97,1718,1907,1791,2016-10-01,Dhule,189
11,wheat(husked),2016,November,76,1734,1962,1824,2016-11-01,Dhule,228
