,Commodity,Year,Month,arrivals_in_qtl,min_price,max_price,modal_price,date,district_name,diff_price
0,ground nut pods (dry),2014,September,651,3660,3954,3853,2014-09-01,Dhule,294
1,ground nut pods (dry),2014,October,661,3189,4085,3901,2014-10-01,Dhule,896
2,ground nut pods (dry),2014,November,389,3939,4366,4192,2014-11-01,Dhule,427
3,ground nut pods (dry),2014,December,187,3791,4114,3980,2014-12-01,Dhule,323
4,ground nut pods (dry),2015,January,171,4092,4532,4436,2015-01-01,Dhule,440
5,ground nut pods (dry),2015,February,94,4239,4572,4491,2015-02-01,Dhule,333
6,ground nut pods (dry),2015,March,6,4306,4806,4676,2015-03-01,Dhule,500
7,ground nut pods (dry),2015,April,2455,3200,4522,3893,2015-04-01,Dhule,1322
8,ground nut pods (dry),2015,May,11545,3125,5179,4692,2015-05-01,Dhule,2054
9,ground nut pods (dry),2015,June,8959,4436,5857,5534,2015-06-01,Dhule,1421
10,ground nut pods (dry),2015,July,349,4884,5476,5360,2015-07-01,Dhule,592
11,ground nut pods (dry),2015,August,62,5246,5550,5411,2015-08-01,Dhule,304
12,ground nut pods (dry),2015,September,51,5450,5894,5813,2015-09-01,Dhule,444
13,ground nut pods (dry),2015,October,560,2685,3646,3042,2015-10-01,Dhule,961
14,ground nut pods (dry),2015,November,773,3498,4416,4161,2015-11-01,Dhule,918
15,ground nut pods (dry),2015,December,1064,4244,4855,4657,2015-12-01,Dhule,611
16,ground nut pods (dry),2016,January,940,4299,5185,4780,2016-01-01,Dhule,886
17,ground nut pods (dry),2016,February,515,4361,5260,4799,2016-02-01,Dhule,899
18,ground nut pods (dry),2016,March,105,4445,4913,4780,2016-03-01,Dhule,468
19,ground nut pods (dry),2016,April,5299,3828,5656,4878,2016-04-01,Dhule,1828
20,ground nut pods (dry),2016,May,15395,3980,5932,5430,2016-05-01,Dhule,1952
21,ground nut pods (dry),2016,June,9109,4402,6047,5816,2016-06-01,Dhule,1645
22,ground nut pods (dry),2016,July,557,4603,6053,5907,2016-07-01,Dhule,1450
23,ground nut pods (dry),2016,August,157,5193,5193,5193,2016-08-01,Dhule,0
24,ground nut pods (dry),2016,September,69,4575,4600,4600,2016-09-01,Dhule,25
25,ground nut pods (dry),2016,October,608,2465,3847,3181,2016-10-01,Dhule,1382
26,ground nut pods (dry),2016,November,1087,2764,4276,3974,2016-11-01,Dhule,1512
