,Commodity,Year,Month,arrivals_in_qtl,min_price,max_price,modal_price,date,district_name,diff_price
0,wheat(husked),2014,September,10329,1401,1676,1536,2014-09-01,Dhule,275
1,wheat(husked),2014,October,5757,1416,1680,1554,2014-10-01,Dhule,264
2,wheat(husked),2014,November,5064,1400,1741,1596,2014-11-01,Dhule,341
3,wheat(husked),2014,December,3819,1476,1750,1626,2014-12-01,Dhule,274
4,wheat(husked),2015,February,2750,1355,1695,1581,2015-02-01,Dhule,340
5,wheat(husked),2015,March,62339,1402,1879,1553,2015-03-01,Dhule,477
7,wheat(husked),2015,May,20719,1448,1783,1539,2015-05-01,Dhule,335
8,wheat(husked),2015,June,17344,1451,1923,1548,2015-06-01,Dhule,472
9,wheat(husked),2015,July,8960,1458,1757,1582,2015-07-01,Dhule,299
10,wheat(husked),2015,August,5916,1456,1747,1584,2015-08-01,Dhule,291
11,wheat(husked),2015,September,5592,1452,1810,1607,2015-09-01,Dhule,358
12,wheat(husked),2015,October,5805,1463,1913,1688,2015-10-01,Dhule,450
13,wheat(husked),2015,November,4535,1463,1950,1729,2015-11-01,Dhule,487
14,wheat(husked),2015,December,4058,1495,1989,1770,2015-12-01,Dhule,494
15,wheat(husked),2016,January,3396,1499,1955,1742,2016-01-01,Dhule,456
16,wheat(husked),2016,February,8842,1492,1973,1738,2016-02-01,Dhule,481
17,wheat(husked),2016,March,80783,1432,1781,1627,2016-03-01,Dhule,349
18,wheat(husked),2016,April,41647,1450,1903,1679,2016-04-01,Dhule,453
19,wheat(husked),2016,May,21435,1452,2343,1682,2016-05-01,Dhule,891
20,wheat(husked),2016,June,13283,1548,1986,1832,2016-06-01,Dhule,438
21,wheat(husked),2016,July,1980,1644,1984,1883,2016-07-01,Dhule,340
22,wheat(husked),2016,August,6317,1561,1923,1803,2016-08-01,Dhule,362
23,wheat(husked),2016,September,5643,1582,1933,1820,2016-09-01,Dhule,351
24,wheat(husked),2016,October,4944,1559,1948,1804,2016-10-01,Dhule,389
25,wheat(husked),2016,November,2235,1689,2208,2061,2016-11-01,Dhule,519
