,Commodity,Year,Month,arrivals_in_qtl,min_price,max_price,modal_price,date,district_name,diff_price
0,matki,2014,September,3,5001,5634,5634,2014-09-01,Dhule,633
1,matki,2014,October,2,6356,6356,6356,2014-10-01,Dhule,0
2,matki,2014,November,1,6612,6612,6612,2014-11-01,Dhule,0
3,matki,2014,December,14,6728,6824,6779,2014-12-01,Dhule,96
4,matki,2015,January,146,7003,7456,7258,2015-01-01,Dhule,453
5,matki,2015,February,43,7098,7628,7498,2015-02-01,Dhule,530
6,matki,2015,March,19,6551,7027,6976,2015-03-01,Dhule,476
7,matki,2015,April,8,6883,7163,7023,2015-04-01,Dhule,280
8,matki,2015,May,2,7063,7063,7063,2015-05-01,Dhule,0
9,matki,2015,June,1,5800,7901,6501,2015-06-01,Dhule,2101
10,matki,2015,July,1,7709,7709,7709,2015-07-01,Dhule,0
11,matki,2015,August,2,6650,7805,7805,2015-08-01,Dhule,1155
12,matki,2015,October,2,8000,8000,8000,2015-10-01,Dhule,0
13,matki,2015,November,13,6576,7237,7237,2015-11-01,Dhule,661
14,matki,2015,December,722,6336,7961,7565,2015-12-01,Dhule,1625
15,matki,2016,January,236,5787,6903,6567,2016-01-01,Dhule,1116
16,matki,2016,February,103,5956,6506,6339,2016-02-01,Dhule,550
17,matki,2016,March,32,5560,6110,5850,2016-03-01,Dhule,550
18,matki,2016,April,16,5300,6001,5778,2016-04-01,Dhule,701
19,matki,2016,May,20,5434,5981,5759,2016-05-01,Dhule,547
20,matki,2016,June,7,4667,5084,5084,2016-06-01,Dhule,417
21,matki,2016,August,7,4401,4401,4401,2016-08-01,Dhule,0
