,Commodity,Year,Month,arrivals_in_qtl,min_price,max_price,modal_price,date,district_name,diff_price
0,sorgum(jawar),2014,September,355,1474,1766,1678,2014-09-01,Dhule,292
1,sorgum(jawar),2014,October,859,1488,1800,1676,2014-10-01,Dhule,312
2,sorgum(jawar),2014,November,7645,1547,1859,1714,2014-11-01,Dhule,312
3,sorgum(jawar),2014,December,814,1405,1600,1532,2014-12-01,Dhule,195
4,sorgum(jawar),2015,January,188,1702,1875,1823,2015-01-01,Dhule,173
5,sorgum(jawar),2015,February,927,1673,1958,1870,2015-02-01,Dhule,285
6,sorgum(jawar),2015,March,7768,1345,2039,1732,2015-03-01,Dhule,694
7,sorgum(jawar),2015,April,2400,1264,1683,1485,2015-04-01,Dhule,419
8,sorgum(jawar),2015,May,3597,1234,1569,1456,2015-05-01,Dhule,335
9,sorgum(jawar),2015,June,1667,1332,1554,1490,2015-06-01,Dhule,222
10,sorgum(jawar),2015,July,417,1343,1494,1438,2015-07-01,Dhule,151
11,sorgum(jawar),2015,August,270,1392,1605,1518,2015-08-01,Dhule,213
12,sorgum(jawar),2015,September,421,1414,1697,1593,2015-09-01,Dhule,283
13,sorgum(jawar),2015,October,15024,1292,1593,1484,2015-10-01,Dhule,301
14,sorgum(jawar),2015,November,6933,1429,1661,1568,2015-11-01,Dhule,232
15,sorgum(jawar),2015,December,1418,1512,1706,1628,2015-12-01,Dhule,194
16,sorgum(jawar),2016,January,507,1492,1659,1620,2016-01-01,Dhule,167
17,sorgum(jawar),2016,February,5289,1448,1791,1633,2016-02-01,Dhule,343
18,sorgum(jawar),2016,March,8112,1429,1927,1641,2016-03-01,Dhule,498
19,sorgum(jawar),2016,April,2852,1417,1906,1689,2016-04-01,Dhule,489
20,sorgum(jawar),2016,May,1583,1543,1886,1778,2016-05-01,Dhule,343
21,sorgum(jawar),2016,June,490,1654,1910,1831,2016-06-01,Dhule,256
22,sorgum(jawar),2016,July,103,1592,1689,1649,2016-07-01,Dhule,97
23,sorgum(jawar),2016,August,98,1576,1765,1693,2016-08-01,Dhule,189
24,sorgum(jawar),2016,September,126,1636,2965,1799,2016-09-01,Dhule,1329
25,sorgum(jawar),2016,October,4906,1449,1774,1632,2016-10-01,Dhule,325
26,sorgum(jawar),2016,November,4358,1538,1964,1814,2016-11-01,Dhule,426
