,Commodity,Year,Month,arrivals_in_qtl,min_price,max_price,modal_price,date,district_name,diff_price
0,sorgum(jawar),2015,December,52,1351,1369,1361,2015-12-01,Dhule,18
1,sorgum(jawar),2016,January,55,1449,1498,1469,2016-01-01,Dhule,49
2,sorgum(jawar),2016,February,1037,1458,1713,1610,2016-02-01,Dhule,255
3,sorgum(jawar),2016,March,5064,1540,2248,1937,2016-03-01,Dhule,708
4,sorgum(jawar),2016,April,1057,1566,1945,1803,2016-04-01,Dhule,379
5,sorgum(jawar),2016,May,348,1783,1941,1859,2016-05-01,Dhule,158
6,sorgum(jawar),2016,June,96,1750,1872,1822,2016-06-01,Dhule,122
7,sorgum(jawar),2016,July,3,1900,1900,1900,2016-07-01,Dhule,0
8,sorgum(jawar),2016,August,35,1560,1788,1753,2016-08-01,Dhule,228
9,sorgum(jawar),2016,September,27,1689,1748,1724,2016-09-01,Dhule,59
10,sorgum(jawar),2016,October,501,1459,1575,1528,2016-10-01,Dhule,116
11,sorgum(jawar),2016,November,634,1462,1586,1533,2016-11-01,Dhule,124
