,Commodity,Year,Month,arrivals_in_qtl,min_price,max_price,modal_price,date,district_name,diff_price
0,green gram,2014,December,4,6200,8000,8000,2014-12-01,Pune,1800
1,green gram,2015,April,26,7900,8700,8500,2015-04-01,Pune,800
2,green gram,2015,May,207,7684,8250,8022,2015-05-01,Pune,566
3,green gram,2015,June,56,6100,6650,6550,2015-06-01,Pune,550
4,green gram,2015,July,57,5875,6600,6350,2015-07-01,Pune,725
5,green gram,2015,August,235,5988,7195,6900,2015-08-01,Pune,1207
6,green gram,2015,September,172,7100,7610,7425,2015-09-01,Pune,510
7,green gram,2015,October,44,7200,8800,8167,2015-10-01,Pune,1600
8,green gram,2015,November,20,7700,8627,8233,2015-11-01,Pune,927
9,green gram,2016,April,24,7700,8200,8000,2016-04-01,Pune,500
10,green gram,2016,May,299,6559,6947,6807,2016-05-01,Pune,388
11,green gram,2016,June,126,6532,6921,6766,2016-06-01,Pune,389
12,green gram,2016,July,34,5950,6200,6100,2016-07-01,Pune,250
13,green gram,2016,August,621,4600,5050,4900,2016-08-01,Pune,450
14,green gram,2016,September,1193,4767,5042,4933,2016-09-01,Pune,275
15,green gram,2016,October,357,4920,5270,5175,2016-10-01,Pune,350
16,green gram,2016,November,94,4386,4850,4679,2016-11-01,Pune,464
