,Commodity,Year,Month,arrivals_in_qtl,min_price,max_price,modal_price,date,district_name,diff_price
0,cowpea,2015,April,6,5400,7000,6000,2015-04-01,Pune,1600
1,cowpea,2015,May,229,6200,6675,6575,2015-05-01,Pune,475
2,cowpea,2015,June,80,6167,6433,6317,2015-06-01,Pune,266
3,cowpea,2015,July,162,5833,6450,6217,2015-07-01,Pune,617
4,cowpea,2015,August,58,5410,6393,5880,2015-08-01,Pune,983
5,cowpea,2015,September,12,6000,6900,6600,2015-09-01,Pune,900
6,cowpea,2016,May,118,7380,7850,7660,2016-05-01,Pune,470
7,cowpea,2016,June,126,8034,8429,8295,2016-06-01,Pune,395
8,cowpea,2016,July,34,8379,8759,8659,2016-07-01,Pune,380
9,cowpea,2016,August,33,5525,8018,6625,2016-08-01,Pune,2493
10,cowpea,2016,September,2,7358,7358,7358,2016-09-01,Pune,0
