,Commodity,Year,Month,arrivals_in_qtl,min_price,max_price,modal_price,date,district_name,diff_price
0,lemon,2015,January,259,250,451,350,2015-01-01,Pune,201
1,lemon,2015,July,1110,200,409,313,2015-07-01,Pune,209
2,lemon,2016,April,77,1250,2150,1650,2016-04-01,Pune,900
3,lemon,2016,June,48,500,1161,900,2016-06-01,Pune,661
4,lemon,2016,July,125,500,900,751,2016-07-01,Pune,400
5,lemon,2016,August,425,475,1096,800,2016-08-01,Pune,621
6,lemon,2016,September,165,800,1525,1225,2016-09-01,Pune,725
7,lemon,2016,October,56,300,601,450,2016-10-01,Pune,301
