,Commodity,Year,Month,arrivals_in_qtl,min_price,max_price,modal_price,date,district_name,diff_price
0,wheat(husked),2014,November,2433,1529,1822,1596,2014-11-01,Pune,293
1,wheat(husked),2014,December,5800,1557,1881,1626,2014-12-01,Pune,324
2,wheat(husked),2015,January,2422,1582,1928,1692,2015-01-01,Pune,346
3,wheat(husked),2015,April,10987,1408,1946,1438,2015-04-01,Pune,538
4,wheat(husked),2015,May,4670,1413,1974,1449,2015-05-01,Pune,561
5,wheat(husked),2015,June,1995,1446,1938,1484,2015-06-01,Pune,492
6,wheat(husked),2015,July,4508,1517,1926,1569,2015-07-01,Pune,409
7,wheat(husked),2015,August,4794,1527,1910,1593,2015-08-01,Pune,383
8,wheat(husked),2015,September,4631,1510,1876,1573,2015-09-01,Pune,366
9,wheat(husked),2015,October,4864,1549,1951,1636,2015-10-01,Pune,402
10,wheat(husked),2015,November,4104,1549,2010,1640,2015-11-01,Pune,461
11,wheat(husked),2015,December,3543,1575,2143,1657,2015-12-01,Pune,568
12,wheat(husked),2016,January,2537,1610,2183,1745,2016-01-01,Pune,573
13,wheat(husked),2016,February,2130,1588,2085,1736,2016-02-01,Pune,497
14,wheat(husked),2016,March,3563,1585,2095,1752,2016-03-01,Pune,510
15,wheat(husked),2016,April,3506,1566,2118,1785,2016-04-01,Pune,552
16,wheat(husked),2016,May,2573,1594,2135,1776,2016-05-01,Pune,541
17,wheat(husked),2016,June,2448,1659,2149,1781,2016-06-01,Pune,490
18,wheat(husked),2016,July,2490,1690,2073,1817,2016-07-01,Pune,383
19,wheat(husked),2016,August,4142,1633,2035,1749,2016-08-01,Pune,402
20,wheat(husked),2016,September,2836,1631,1996,1742,2016-09-01,Pune,365
21,wheat(husked),2016,October,4726,1636,2049,1769,2016-10-01,Pune,413
22,wheat(husked),2016,November,3545,1756,2298,1974,2016-11-01,Pune,542
