,Commodity,Year,Month,arrivals_in_qtl,min_price,max_price,modal_price,date,district_name,diff_price
0,sorgum(jawar),2014,November,519,2010,2736,2481,2014-11-01,Pune,726
1,sorgum(jawar),2014,December,1935,1743,2395,2142,2014-12-01,Pune,652
2,sorgum(jawar),2015,January,785,1802,2330,2130,2015-01-01,Pune,528
3,sorgum(jawar),2015,April,4366,1605,2225,1879,2015-04-01,Pune,620
4,sorgum(jawar),2015,May,2135,1587,2069,1849,2015-05-01,Pune,482
5,sorgum(jawar),2015,June,768,1753,2158,1878,2015-06-01,Pune,405
6,sorgum(jawar),2015,July,1356,1563,1939,1719,2015-07-01,Pune,376
7,sorgum(jawar),2015,August,1220,1560,1978,1737,2015-08-01,Pune,418
8,sorgum(jawar),2015,September,2312,1571,2051,1719,2015-09-01,Pune,480
9,sorgum(jawar),2015,October,1899,1583,2010,1703,2015-10-01,Pune,427
10,sorgum(jawar),2015,November,886,1879,2333,2107,2015-11-01,Pune,454
11,sorgum(jawar),2015,December,3649,1846,2585,2157,2015-12-01,Pune,739
12,sorgum(jawar),2016,January,2164,1755,2216,1951,2016-01-01,Pune,461
13,sorgum(jawar),2016,February,6342,1621,2210,1966,2016-02-01,Pune,589
14,sorgum(jawar),2016,March,5125,1732,2434,2129,2016-03-01,Pune,702
15,sorgum(jawar),2016,April,4350,1855,2470,2160,2016-04-01,Pune,615
16,sorgum(jawar),2016,May,4195,1828,2404,2202,2016-05-01,Pune,576
17,sorgum(jawar),2016,June,2694,1830,2206,2085,2016-06-01,Pune,376
18,sorgum(jawar),2016,July,1201,1744,2145,2042,2016-07-01,Pune,401
19,sorgum(jawar),2016,August,3298,1844,2242,2061,2016-08-01,Pune,398
20,sorgum(jawar),2016,September,1262,1658,2122,1877,2016-09-01,Pune,464
21,sorgum(jawar),2016,October,2343,1729,2166,1973,2016-10-01,Pune,437
22,sorgum(jawar),2016,November,1500,2237,2607,2458,2016-11-01,Pune,370
