,Commodity,Year,Month,arrivals_in_qtl,min_price,max_price,modal_price,date,district_name,diff_price
0,pigeon pea (tur),2015,December,43,6540,7282,6950,2015-12-01,Pune,742
1,pigeon pea (tur),2016,January,87,6160,7259,7163,2016-01-01,Pune,1099
2,pigeon pea (tur),2016,February,120,6700,7192,7000,2016-02-01,Pune,492
3,pigeon pea (tur),2016,March,79,6083,6784,6567,2016-03-01,Pune,701
4,pigeon pea (tur),2016,April,19,6250,6950,6750,2016-04-01,Pune,700
5,pigeon pea (tur),2016,June,6,6767,6833,6767,2016-06-01,Pune,66
6,pigeon pea (tur),2016,August,44,6125,6950,6675,2016-08-01,Pune,825
