,Commodity,Year,Month,arrivals_in_qtl,min_price,max_price,modal_price,date,district_name,diff_price
0,black gram,2014,September,3677,3641,6662,5312,2014-09-01,Solapur,3021
1,black gram,2014,October,9647,3013,5223,5018,2014-10-01,Solapur,2210
2,black gram,2014,November,1024,4418,5594,5337,2014-11-01,Solapur,1176
3,black gram,2014,December,33,4783,5160,5044,2014-12-01,Solapur,377
4,black gram,2015,January,4,4550,4550,4550,2015-01-01,Solapur,0
5,black gram,2015,February,3,4867,4867,4867,2015-02-01,Solapur,0
6,black gram,2015,April,2,5500,5500,5500,2015-04-01,Solapur,0
7,black gram,2015,May,4,6500,6500,6500,2015-05-01,Solapur,0
8,black gram,2015,June,3,6100,7000,7000,2015-06-01,Solapur,900
9,black gram,2015,August,538,8666,8754,8740,2015-08-01,Solapur,88
10,black gram,2015,September,537,8496,9314,9110,2015-09-01,Solapur,818
11,black gram,2015,October,40,10126,10462,10201,2015-10-01,Solapur,336
12,black gram,2015,November,17,9782,10057,10057,2015-11-01,Solapur,275
13,black gram,2015,December,3,9800,9800,9800,2015-12-01,Solapur,0
14,black gram,2016,April,1,9000,9000,9000,2016-04-01,Solapur,0
15,black gram,2016,June,1,8700,8700,8700,2016-06-01,Solapur,0
16,black gram,2016,August,7855,6299,7544,7289,2016-08-01,Solapur,1245
17,black gram,2016,September,29754,6266,7460,7290,2016-09-01,Solapur,1194
18,black gram,2016,October,9860,5635,7849,7639,2016-10-01,Solapur,2214
19,black gram,2016,November,2456,5839,7849,7499,2016-11-01,Solapur,2010
