,Commodity,Year,Month,arrivals_in_qtl,min_price,max_price,modal_price,date,district_name,diff_price
0,pigeon pea (tur),2014,September,503,4887,5127,5077,2014-09-01,Solapur,240
1,pigeon pea (tur),2014,October,346,4908,5163,5095,2014-10-01,Solapur,255
2,pigeon pea (tur),2014,November,780,4829,5150,5065,2014-11-01,Solapur,321
3,pigeon pea (tur),2014,December,4888,4388,5111,4976,2014-12-01,Solapur,723
4,pigeon pea (tur),2015,January,78470,4692,5688,5529,2015-01-01,Solapur,996
5,pigeon pea (tur),2015,February,29703,5263,6100,5912,2015-02-01,Solapur,837
6,pigeon pea (tur),2015,March,3803,5717,6374,6148,2015-03-01,Solapur,657
7,pigeon pea (tur),2015,April,4826,6247,6721,6548,2015-04-01,Solapur,474
8,pigeon pea (tur),2015,May,1949,6873,7447,7310,2015-05-01,Solapur,574
9,pigeon pea (tur),2015,June,2270,7142,7457,7340,2015-06-01,Solapur,315
10,pigeon pea (tur),2015,July,663,7265,7614,7476,2015-07-01,Solapur,349
11,pigeon pea (tur),2015,August,300,9458,9587,9578,2015-08-01,Solapur,129
12,pigeon pea (tur),2015,September,482,9757,9973,9943,2015-09-01,Solapur,216
13,pigeon pea (tur),2015,October,194,11765,12006,11931,2015-10-01,Solapur,241
14,pigeon pea (tur),2015,November,596,11128,11895,11769,2015-11-01,Solapur,767
15,pigeon pea (tur),2015,December,6487,8939,10641,10177,2015-12-01,Solapur,1702
16,pigeon pea (tur),2016,January,10444,8888,9760,9473,2016-01-01,Solapur,872
17,pigeon pea (tur),2016,February,14205,7325,8817,8380,2016-02-01,Solapur,1492
18,pigeon pea (tur),2016,March,2829,6979,8407,8057,2016-03-01,Solapur,1428
19,pigeon pea (tur),2016,April,3813,8406,9415,9098,2016-04-01,Solapur,1009
20,pigeon pea (tur),2016,May,2353,8003,9159,8836,2016-05-01,Solapur,1156
21,pigeon pea (tur),2016,June,4309,8086,9056,8723,2016-06-01,Solapur,970
22,pigeon pea (tur),2016,July,641,8213,9173,8893,2016-07-01,Solapur,960
23,pigeon pea (tur),2016,August,1131,5304,5864,5725,2016-08-01,Solapur,560
24,pigeon pea (tur),2016,September,2483,6394,6828,6684,2016-09-01,Solapur,434
25,pigeon pea (tur),2016,October,399,6298,6645,6566,2016-10-01,Solapur,347
26,pigeon pea (tur),2016,November,671,5506,5904,5802,2016-11-01,Solapur,398
