,Commodity,Year,Month,arrivals_in_qtl,min_price,max_price,modal_price,date,district_name,diff_price
0,sorgum(jawar),2014,September,2861,1228,1787,1419,2014-09-01,Solapur,559
2,sorgum(jawar),2014,November,1231,1142,1769,1409,2014-11-01,Solapur,627
4,sorgum(jawar),2015,January,254,1156,1745,1413,2015-01-01,Solapur,589
6,sorgum(jawar),2015,March,2142,1197,2110,1822,2015-03-01,Solapur,913
7,sorgum(jawar),2015,April,2279,1326,2182,1871,2015-04-01,Solapur,856
8,sorgum(jawar),2015,May,1162,1323,2010,1775,2015-05-01,Solapur,687
9,sorgum(jawar),2015,June,1597,1341,1929,1772,2015-06-01,Solapur,588
10,sorgum(jawar),2015,July,512,1582,1894,1823,2015-07-01,Solapur,312
11,sorgum(jawar),2015,August,144,1725,1938,1843,2015-08-01,Solapur,213
12,sorgum(jawar),2015,September,295,1696,1925,1882,2015-09-01,Solapur,229
13,sorgum(jawar),2015,October,411,1618,1883,1799,2015-10-01,Solapur,265
14,sorgum(jawar),2015,November,114,2264,2452,2338,2015-11-01,Solapur,188
15,sorgum(jawar),2015,December,91,1980,2092,2054,2015-12-01,Solapur,112
16,sorgum(jawar),2016,January,154,1958,2065,2049,2016-01-01,Solapur,107
18,sorgum(jawar),2016,March,176,1747,1969,1934,2016-03-01,Solapur,222
19,sorgum(jawar),2016,April,149,1808,2021,1987,2016-04-01,Solapur,213
20,sorgum(jawar),2016,May,243,1882,2118,2043,2016-05-01,Solapur,236
21,sorgum(jawar),2016,June,2159,1826,2106,2000,2016-06-01,Solapur,280
22,sorgum(jawar),2016,July,22,1910,2205,2120,2016-07-01,Solapur,295
23,sorgum(jawar),2016,August,322,1667,2081,1903,2016-08-01,Solapur,414
24,sorgum(jawar),2016,September,89,1853,2023,1983,2016-09-01,Solapur,170
25,sorgum(jawar),2016,October,101,1839,2076,2004,2016-10-01,Solapur,237
26,sorgum(jawar),2016,November,40,2176,2363,2317,2016-11-01,Solapur,187
