,Commodity,Year,Month,arrivals_in_qtl,min_price,max_price,modal_price,date,district_name,diff_price
0,bajri,2014,September,48,1068,1115,1106,2014-09-01,Solapur,47
1,bajri,2014,October,5950,1095,1505,1375,2014-10-01,Solapur,410
2,bajri,2014,November,7503,1129,1625,1458,2014-11-01,Solapur,496
3,bajri,2014,December,2829,1130,1511,1371,2014-12-01,Solapur,381
4,bajri,2015,January,2223,1162,1391,1325,2015-01-01,Solapur,229
5,bajri,2015,February,740,1153,1313,1254,2015-02-01,Solapur,160
6,bajri,2015,March,110,1138,1207,1204,2015-03-01,Solapur,69
7,bajri,2015,April,99,1137,1179,1158,2015-04-01,Solapur,42
8,bajri,2015,May,14,1113,1127,1127,2015-05-01,Solapur,14
9,bajri,2015,June,30,1114,1147,1126,2015-06-01,Solapur,33
10,bajri,2015,September,13,1305,1305,1305,2015-09-01,Solapur,0
11,bajri,2015,October,93,1263,1371,1303,2015-10-01,Solapur,108
12,bajri,2015,November,160,1500,1598,1554,2015-11-01,Solapur,98
13,bajri,2015,December,189,1403,1557,1527,2015-12-01,Solapur,154
14,bajri,2016,January,145,1421,1492,1466,2016-01-01,Solapur,71
15,bajri,2016,February,24,1318,1419,1377,2016-02-01,Solapur,101
16,bajri,2016,March,82,1510,1561,1554,2016-03-01,Solapur,51
17,bajri,2016,April,25,1606,1640,1637,2016-04-01,Solapur,34
18,bajri,2016,May,52,1688,1756,1754,2016-05-01,Solapur,68
19,bajri,2016,June,104,1679,2721,1708,2016-06-01,Solapur,1042
20,bajri,2016,July,49,1598,1705,1658,2016-07-01,Solapur,107
21,bajri,2016,August,208,1435,1594,1545,2016-08-01,Solapur,159
22,bajri,2016,September,1708,1370,1672,1586,2016-09-01,Solapur,302
23,bajri,2016,October,17057,1218,1843,1655,2016-10-01,Solapur,625
24,bajri,2016,November,1622,1250,1830,1611,2016-11-01,Solapur,580
