,Commodity,Year,Month,arrivals_in_qtl,min_price,max_price,modal_price,date,district_name,diff_price
0,maize,2014,September,52,1226,1278,1263,2014-09-01,Solapur,52
1,maize,2014,October,299,986,1072,1068,2014-10-01,Solapur,86
2,maize,2014,November,2673,917,1070,1001,2014-11-01,Solapur,153
3,maize,2014,December,498,942,1071,1030,2014-12-01,Solapur,129
4,maize,2015,January,233,1036,1101,1091,2015-01-01,Solapur,65
5,maize,2015,February,287,1088,1154,1142,2015-02-01,Solapur,66
6,maize,2015,March,126,1088,1165,1143,2015-03-01,Solapur,77
7,maize,2015,April,180,1154,1230,1217,2015-04-01,Solapur,76
8,maize,2015,May,77,1215,1287,1287,2015-05-01,Solapur,72
9,maize,2015,June,29,1266,1285,1268,2015-06-01,Solapur,19
10,maize,2015,July,6,1375,1375,1375,2015-07-01,Solapur,0
11,maize,2015,September,3,1555,1555,1555,2015-09-01,Solapur,0
12,maize,2015,October,101,1396,1432,1423,2015-10-01,Solapur,36
13,maize,2015,November,20,1468,1535,1498,2015-11-01,Solapur,67
14,maize,2015,December,321,1478,1534,1519,2015-12-01,Solapur,56
15,maize,2016,January,115,1428,1465,1464,2016-01-01,Solapur,37
16,maize,2016,February,83,1352,1431,1431,2016-02-01,Solapur,79
17,maize,2016,March,54,1497,1497,1497,2016-03-01,Solapur,0
18,maize,2016,April,24,1473,1486,1486,2016-04-01,Solapur,13
19,maize,2016,May,36,1510,1560,1560,2016-05-01,Solapur,50
20,maize,2016,June,6,1583,1583,1583,2016-06-01,Solapur,0
21,maize,2016,August,10,1341,1341,1341,2016-08-01,Solapur,0
22,maize,2016,September,2,1383,1383,1383,2016-09-01,Solapur,0
23,maize,2016,October,1058,1178,1367,1312,2016-10-01,Solapur,189
24,maize,2016,November,475,1161,1233,1214,2016-11-01,Solapur,72
