,Commodity,Year,Month,arrivals_in_qtl,min_price,max_price,modal_price,date,district_name,diff_price
0,green gram,2014,September,1000,4684,6475,5702,2014-09-01,Solapur,1791
1,green gram,2014,October,586,5195,7287,6843,2014-10-01,Solapur,2092
2,green gram,2014,November,75,6745,7453,7304,2014-11-01,Solapur,708
3,green gram,2014,December,20,5429,6294,6286,2014-12-01,Solapur,865
4,green gram,2015,January,5,4350,6610,6610,2015-01-01,Solapur,2260
5,green gram,2015,February,3,6153,6153,6153,2015-02-01,Solapur,0
6,green gram,2015,May,5,4600,6100,6100,2015-05-01,Solapur,1500
8,green gram,2015,September,53,7300,7557,7441,2015-09-01,Solapur,257
9,green gram,2015,October,8,7300,8850,8650,2015-10-01,Solapur,1550
10,green gram,2015,November,10,7925,8701,8600,2015-11-01,Solapur,776
11,green gram,2016,April,4,7100,7100,7100,2016-04-01,Solapur,0
12,green gram,2016,May,2,6753,6753,6753,2016-05-01,Solapur,0
13,green gram,2016,August,2195,4261,4857,4718,2016-08-01,Solapur,596
14,green gram,2016,September,3375,4535,5129,5026,2016-09-01,Solapur,594
15,green gram,2016,October,703,4437,5004,4861,2016-10-01,Solapur,567
16,green gram,2016,November,245,4316,4768,4607,2016-11-01,Solapur,452
