,Commodity,Year,Month,arrivals_in_qtl,min_price,max_price,modal_price,date,district_name,diff_price
0,wheat(husked),2014,September,278,1380,1605,1474,2014-09-01,Solapur,225
1,wheat(husked),2014,October,286,1300,1426,1361,2014-10-01,Solapur,126
2,wheat(husked),2014,November,180,1329,1482,1392,2014-11-01,Solapur,153
3,wheat(husked),2014,December,42,1352,1478,1391,2014-12-01,Solapur,126
4,wheat(husked),2015,January,64,1365,1449,1429,2015-01-01,Solapur,84
5,wheat(husked),2015,February,175,1494,1830,1654,2015-02-01,Solapur,336
6,wheat(husked),2015,March,439,1476,1974,1741,2015-03-01,Solapur,498
7,wheat(husked),2015,April,344,1501,2000,1836,2015-04-01,Solapur,499
8,wheat(husked),2015,May,309,1382,1940,1733,2015-05-01,Solapur,558
9,wheat(husked),2015,June,296,1379,1715,1540,2015-06-01,Solapur,336
10,wheat(husked),2015,July,70,1496,1674,1635,2015-07-01,Solapur,178
11,wheat(husked),2015,August,40,1419,1607,1607,2015-08-01,Solapur,188
12,wheat(husked),2015,September,41,1356,1622,1622,2015-09-01,Solapur,266
13,wheat(husked),2015,October,49,1345,1423,1423,2015-10-01,Solapur,78
14,wheat(husked),2015,November,5,1565,2021,1670,2015-11-01,Solapur,456
15,wheat(husked),2015,December,53,1490,1535,1535,2015-12-01,Solapur,45
16,wheat(husked),2016,January,30,1884,2046,2046,2016-01-01,Solapur,162
17,wheat(husked),2016,February,5,1554,1556,1556,2016-02-01,Solapur,2
18,wheat(husked),2016,March,40,1607,1621,1621,2016-03-01,Solapur,14
19,wheat(husked),2016,April,56,1626,1796,1794,2016-04-01,Solapur,170
20,wheat(husked),2016,May,54,1611,1699,1699,2016-05-01,Solapur,88
21,wheat(husked),2016,June,34,1893,1951,1951,2016-06-01,Solapur,58
22,wheat(husked),2016,July,9,1633,1925,1925,2016-07-01,Solapur,292
23,wheat(husked),2016,August,10,1434,1435,1435,2016-08-01,Solapur,1
24,wheat(husked),2016,September,4,1433,1433,1433,2016-09-01,Solapur,0
25,wheat(husked),2016,October,15,1772,1772,1772,2016-10-01,Solapur,0
