,Commodity,Year,Month,arrivals_in_qtl,min_price,max_price,modal_price,date,district_name,diff_price
0,gram,2014,September,354,2582,2992,2809,2014-09-01,Solapur,410
1,gram,2014,October,441,2150,2628,2447,2014-10-01,Solapur,478
2,gram,2014,November,225,2048,2377,2275,2014-11-01,Solapur,329
3,gram,2014,December,19,2038,2250,2190,2014-12-01,Solapur,212
4,gram,2015,January,3767,3046,3483,3345,2015-01-01,Solapur,437
5,gram,2015,February,19581,3508,3943,3774,2015-02-01,Solapur,435
6,gram,2015,March,4370,3311,3817,3608,2015-03-01,Solapur,506
7,gram,2015,April,6159,3566,4161,3922,2015-04-01,Solapur,595
8,gram,2015,May,1692,4136,4916,4713,2015-05-01,Solapur,780
9,gram,2015,June,715,3824,4445,4271,2015-06-01,Solapur,621
10,gram,2015,July,375,4021,4354,4292,2015-07-01,Solapur,333
11,gram,2015,August,49,4464,4683,4683,2015-08-01,Solapur,219
12,gram,2015,September,161,4591,4693,4693,2015-09-01,Solapur,102
13,gram,2015,October,37,4935,4978,4978,2015-10-01,Solapur,43
14,gram,2015,November,16,4569,4647,4640,2015-11-01,Solapur,78
15,gram,2015,December,89,4161,4495,4444,2015-12-01,Solapur,334
16,gram,2016,January,3379,4211,4734,4528,2016-01-01,Solapur,523
17,gram,2016,February,4869,4061,4715,4532,2016-02-01,Solapur,654
18,gram,2016,March,2961,4129,4728,4585,2016-03-01,Solapur,599
19,gram,2016,April,2308,4983,5617,5448,2016-04-01,Solapur,634
20,gram,2016,May,9539,5340,6112,5954,2016-05-01,Solapur,772
21,gram,2016,June,9716,6207,6956,6857,2016-06-01,Solapur,749
22,gram,2016,July,67,7060,7524,7410,2016-07-01,Solapur,464
23,gram,2016,August,149,5383,6223,6060,2016-08-01,Solapur,840
24,gram,2016,September,263,6877,7550,7427,2016-09-01,Solapur,673
26,gram,2016,November,64,7369,8621,8089,2016-11-01,Solapur,1252
