,Commodity,Year,Month,arrivals_in_qtl,min_price,max_price,modal_price,date,district_name,diff_price
0,maize,2014,November,287,963,1015,987,2014-11-01,Aurangabad,52
1,maize,2014,December,98,870,950,899,2014-12-01,Aurangabad,80
2,maize,2015,October,1239,1005,1095,1035,2015-10-01,Aurangabad,90
3,maize,2015,November,311,1083,1185,1140,2015-11-01,Aurangabad,102
4,maize,2015,December,999,1205,1310,1258,2015-12-01,Aurangabad,105
5,maize,2016,January,612,1330,1370,1350,2016-01-01,Aurangabad,40
6,maize,2016,March,327,1350,1400,1375,2016-03-01,Aurangabad,50
7,maize,2016,October,655,880,970,900,2016-10-01,Aurangabad,90
8,maize,2016,November,2314,652,1092,678,2016-11-01,Aurangabad,440
