,Commodity,Year,Month,arrivals_in_qtl,min_price,max_price,modal_price,date,district_name,diff_price
0,cotton,2015,October,3282,3894,4222,4083,2015-10-01,Aurangabad,328
1,cotton,2015,November,13353,3924,4224,4076,2015-11-01,Aurangabad,300
2,cotton,2015,December,26871,4421,4669,4564,2015-12-01,Aurangabad,248
3,cotton,2016,January,3446,4609,4849,4706,2016-01-01,Aurangabad,240
4,cotton,2016,February,6325,4641,4901,4795,2016-02-01,Aurangabad,260
5,cotton,2016,March,2975,4407,4621,4523,2016-03-01,Aurangabad,214
6,cotton,2016,April,243,4400,4500,4470,2016-04-01,Aurangabad,100
7,cotton,2016,November,6850,4713,4897,4787,2016-11-01,Aurangabad,184
