,Commodity,Year,Month,arrivals_in_qtl,min_price,max_price,modal_price,date,district_name,diff_price
0,paddy-unhusked,2014,September,6752,2040,2210,2151,2014-09-01,Gadchiroli,170
1,paddy-unhusked,2014,October,2516,2040,2212,2140,2014-10-01,Gadchiroli,172
2,paddy-unhusked,2014,November,5535,1781,1931,1851,2014-11-01,Gadchiroli,150
3,paddy-unhusked,2014,December,4096,1584,1689,1646,2014-12-01,Gadchiroli,105
4,paddy-unhusked,2015,January,5012,1656,1727,1700,2015-01-01,Gadchiroli,71
5,paddy-unhusked,2015,February,4366,1585,1636,1616,2015-02-01,Gadchiroli,51
6,paddy-unhusked,2015,March,2925,1559,1612,1597,2015-03-01,Gadchiroli,53
7,paddy-unhusked,2015,April,3848,1559,1655,1621,2015-04-01,Gadchiroli,96
8,paddy-unhusked,2015,May,2337,1628,1681,1658,2015-05-01,Gadchiroli,53
9,paddy-unhusked,2015,June,4344,1574,1655,1629,2015-06-01,Gadchiroli,81
10,paddy-unhusked,2015,July,5525,1579,1677,1646,2015-07-01,Gadchiroli,98
11,paddy-unhusked,2015,August,5047,1675,1783,1752,2015-08-01,Gadchiroli,108
12,paddy-unhusked,2015,September,4984,1771,1936,1903,2015-09-01,Gadchiroli,165
13,paddy-unhusked,2015,October,3407,1755,2254,1867,2015-10-01,Gadchiroli,499
14,paddy-unhusked,2015,November,2198,1585,1729,1694,2015-11-01,Gadchiroli,144
15,paddy-unhusked,2015,December,19399,1607,1714,1674,2015-12-01,Gadchiroli,107
16,paddy-unhusked,2016,January,17322,1582,1669,1635,2016-01-01,Gadchiroli,87
17,paddy-unhusked,2016,February,10262,1612,1685,1659,2016-02-01,Gadchiroli,73
18,paddy-unhusked,2016,March,6346,1658,1735,1708,2016-03-01,Gadchiroli,77
19,paddy-unhusked,2016,April,3472,1781,1900,1869,2016-04-01,Gadchiroli,119
20,paddy-unhusked,2016,May,5274,1799,1963,1933,2016-05-01,Gadchiroli,164
21,paddy-unhusked,2016,June,5534,1826,1998,1969,2016-06-01,Gadchiroli,172
22,paddy-unhusked,2016,July,1504,1898,2027,1992,2016-07-01,Gadchiroli,129
23,paddy-unhusked,2016,August,3772,1887,1992,1963,2016-08-01,Gadchiroli,105
24,paddy-unhusked,2016,September,3772,1901,2028,1992,2016-09-01,Gadchiroli,127
25,paddy-unhusked,2016,October,2231,1866,1972,1934,2016-10-01,Gadchiroli,106
26,paddy-unhusked,2016,November,4568,1707,1798,1757,2016-11-01,Gadchiroli,91
