,Commodity,Year,Month,arrivals_in_qtl,min_price,max_price,modal_price,date,district_name,diff_price
0,jaggery,2014,September,119,2203,3088,2774,2014-09-01,Kolhapur,885
1,jaggery,2014,October,933,2234,3139,2735,2014-10-01,Kolhapur,905
2,jaggery,2014,November,946,2274,2900,2522,2014-11-01,Kolhapur,626
3,jaggery,2014,December,394,2172,2618,2355,2014-12-01,Kolhapur,446
4,jaggery,2015,January,517,2355,3095,2845,2015-01-01,Kolhapur,740
5,jaggery,2015,February,129,2080,2886,2165,2015-02-01,Kolhapur,806
6,jaggery,2015,March,260,2100,2900,2400,2015-03-01,Kolhapur,800
7,jaggery,2015,May,465,2298,2625,2364,2015-05-01,Kolhapur,327
8,jaggery,2015,June,168,2158,2490,2342,2015-06-01,Kolhapur,332
9,jaggery,2015,July,272,1582,1943,1756,2015-07-01,Kolhapur,361
10,jaggery,2015,August,977,1760,2197,1949,2015-08-01,Kolhapur,437
11,jaggery,2015,September,727,1794,2407,2090,2015-09-01,Kolhapur,613
12,jaggery,2015,October,660,2008,2278,2278,2015-10-01,Kolhapur,270
13,jaggery,2015,November,562,2252,2750,2460,2015-11-01,Kolhapur,498
14,jaggery,2015,December,279,2225,2645,2350,2015-12-01,Kolhapur,420
15,jaggery,2016,January,1272,2292,3047,2602,2016-01-01,Kolhapur,755
16,jaggery,2016,February,1942,2267,2704,2396,2016-02-01,Kolhapur,437
17,jaggery,2016,March,897,2388,3013,2561,2016-03-01,Kolhapur,625
18,jaggery,2016,April,628,2786,3543,3004,2016-04-01,Kolhapur,757
19,jaggery,2016,May,408,2774,3105,2921,2016-05-01,Kolhapur,331
20,jaggery,2016,June,314,3151,3893,3487,2016-06-01,Kolhapur,742
21,jaggery,2016,July,886,3125,3545,3301,2016-07-01,Kolhapur,420
22,jaggery,2016,August,27,3150,3502,3215,2016-08-01,Kolhapur,352
