,Commodity,Year,Month,arrivals_in_qtl,min_price,max_price,modal_price,date,district_name,diff_price
0,chillies(red),2014,September,3,3000,17000,11500,2014-09-01,Kolhapur,14000
1,chillies(red),2014,October,99,6186,22686,13329,2014-10-01,Kolhapur,16500
2,chillies(red),2014,November,285,6086,31986,15429,2014-11-01,Kolhapur,25900
3,chillies(red),2014,December,292,5444,42556,18967,2014-12-01,Kolhapur,37112
4,chillies(red),2015,January,306,6233,42856,17744,2015-01-01,Kolhapur,36623
5,chillies(red),2015,February,119,7029,43157,13143,2015-02-01,Kolhapur,36128
6,chillies(red),2015,March,46,5683,45114,13183,2015-03-01,Kolhapur,39431
7,chillies(red),2015,April,31,6133,35267,9850,2015-04-01,Kolhapur,29134
8,chillies(red),2015,May,3,20000,22000,8300,2015-05-01,Kolhapur,2000
9,chillies(red),2015,September,87,8700,27367,20683,2015-09-01,Kolhapur,18667
10,chillies(red),2015,October,691,7578,35300,21556,2015-10-01,Kolhapur,27722
11,chillies(red),2015,November,931,7813,37438,21313,2015-11-01,Kolhapur,29625
12,chillies(red),2015,December,1040,8222,36978,21333,2015-12-01,Kolhapur,28756
13,chillies(red),2016,January,359,7564,35244,16333,2016-01-01,Kolhapur,27680
14,chillies(red),2016,February,93,7071,36171,15571,2016-02-01,Kolhapur,29100
15,chillies(red),2016,March,74,7150,30913,14656,2016-03-01,Kolhapur,23763
16,chillies(red),2016,April,16,5500,23000,14320,2016-04-01,Kolhapur,17500
17,chillies(red),2016,May,5,4500,25000,12100,2016-05-01,Kolhapur,20500
18,chillies(red),2016,September,10,5500,15800,8000,2016-09-01,Kolhapur,10300
19,chillies(red),2016,October,501,8788,21200,13913,2016-10-01,Kolhapur,12412
20,chillies(red),2016,November,910,8278,30833,14667,2016-11-01,Kolhapur,22555
