,Commodity,Year,Month,arrivals_in_qtl,min_price,max_price,modal_price,date,district_name,diff_price
0,soybean,2014,October,6262,2865,3008,2652,2014-10-01,Parbhani,143
1,soybean,2014,November,12452,2958,3119,3058,2014-11-01,Parbhani,161
2,soybean,2015,November,913,3481,3648,3551,2015-11-01,Parbhani,167
3,soybean,2015,December,2567,3560,3737,3651,2015-12-01,Parbhani,177
4,soybean,2016,January,1010,3568,3731,3670,2016-01-01,Parbhani,163
5,soybean,2016,February,985,3504,3716,3611,2016-02-01,Parbhani,212
6,soybean,2016,March,397,3598,3729,3657,2016-03-01,Parbhani,131
7,soybean,2016,April,1732,3661,3931,3790,2016-04-01,Parbhani,270
8,soybean,2016,May,1023,3748,3944,3840,2016-05-01,Parbhani,196
9,soybean,2016,June,1605,3555,3838,3688,2016-06-01,Parbhani,283
10,soybean,2016,October,1905,2775,2800,2790,2016-10-01,Parbhani,25
11,soybean,2016,November,3020,2775,2802,2786,2016-11-01,Parbhani,27
