,Commodity,Year,Month,arrivals_in_qtl,min_price,max_price,modal_price,date,district_name,diff_price
0,bajri,2014,September,491,1285,1419,1342,2014-09-01,Aurangabad,134
1,bajri,2014,October,477,1245,1440,1335,2014-10-01,Aurangabad,195
2,bajri,2014,November,657,1316,1543,1438,2014-11-01,Aurangabad,227
3,bajri,2014,December,310,1198,1426,1320,2014-12-01,Aurangabad,228
4,bajri,2015,January,514,1219,1459,1347,2015-01-01,Aurangabad,240
5,bajri,2015,February,396,1185,1343,1259,2015-02-01,Aurangabad,158
6,bajri,2015,March,294,1168,1312,1223,2015-03-01,Aurangabad,144
7,bajri,2015,April,324,1179,1398,1279,2015-04-01,Aurangabad,219
8,bajri,2015,May,363,1191,1416,1296,2015-05-01,Aurangabad,225
9,bajri,2015,June,355,1196,1368,1280,2015-06-01,Aurangabad,172
10,bajri,2015,July,139,1274,1383,1323,2015-07-01,Aurangabad,109
11,bajri,2015,August,106,1417,1476,1460,2015-08-01,Aurangabad,59
12,bajri,2015,September,416,1366,1512,1456,2015-09-01,Aurangabad,146
13,bajri,2015,October,389,1355,1513,1423,2015-10-01,Aurangabad,158
14,bajri,2015,November,298,1568,1723,1623,2015-11-01,Aurangabad,155
15,bajri,2015,December,295,1529,1649,1588,2015-12-01,Aurangabad,120
16,bajri,2016,January,174,1524,1654,1593,2016-01-01,Aurangabad,130
17,bajri,2016,February,183,1480,1630,1559,2016-02-01,Aurangabad,150
18,bajri,2016,March,157,1516,2144,1633,2016-03-01,Aurangabad,628
19,bajri,2016,April,155,1636,1754,1708,2016-04-01,Aurangabad,118
20,bajri,2016,May,178,1755,1895,1824,2016-05-01,Aurangabad,140
21,bajri,2016,June,161,1696,1879,1813,2016-06-01,Aurangabad,183
22,bajri,2016,July,115,1748,1917,1846,2016-07-01,Aurangabad,169
23,bajri,2016,August,379,1671,1818,1748,2016-08-01,Aurangabad,147
24,bajri,2016,September,576,1468,1587,1527,2016-09-01,Aurangabad,119
25,bajri,2016,October,1924,1251,1397,1322,2016-10-01,Aurangabad,146
26,bajri,2016,November,856,1398,1503,1450,2016-11-01,Aurangabad,105
