,Commodity,Year,Month,arrivals_in_qtl,min_price,max_price,modal_price,date,district_name,diff_price
0,green gram,2014,September,22,6396,6683,6557,2014-09-01,Aurangabad,287
1,green gram,2014,October,17,6766,6843,6798,2014-10-01,Aurangabad,77
2,green gram,2014,November,2,7918,7923,7920,2014-11-01,Aurangabad,5
3,green gram,2015,September,45,7464,7787,7589,2015-09-01,Aurangabad,323
4,green gram,2015,October,10,8126,8195,8129,2015-10-01,Aurangabad,69
5,green gram,2016,August,8,4018,4250,4146,2016-08-01,Aurangabad,232
6,green gram,2016,September,365,4753,4889,4820,2016-09-01,Aurangabad,136
7,green gram,2016,October,84,4757,4900,4829,2016-10-01,Aurangabad,143
8,green gram,2016,November,2,4575,4600,4587,2016-11-01,Aurangabad,25
