,Commodity,Year,Month,arrivals_in_qtl,min_price,max_price,modal_price,date,district_name,diff_price
0,sorgum(jawar),2014,September,562,1420,1806,1614,2014-09-01,Aurangabad,386
1,sorgum(jawar),2014,October,223,1375,1608,1493,2014-10-01,Aurangabad,233
2,sorgum(jawar),2014,November,110,1730,2016,1866,2014-11-01,Aurangabad,286
3,sorgum(jawar),2014,December,167,1456,1756,1604,2014-12-01,Aurangabad,300
4,sorgum(jawar),2015,January,248,1476,1764,1587,2015-01-01,Aurangabad,288
5,sorgum(jawar),2015,February,1013,1444,1698,1569,2015-02-01,Aurangabad,254
6,sorgum(jawar),2015,March,1580,1417,1692,1499,2015-03-01,Aurangabad,275
7,sorgum(jawar),2015,April,998,1339,1783,1542,2015-04-01,Aurangabad,444
8,sorgum(jawar),2015,May,611,1279,1634,1457,2015-05-01,Aurangabad,355
9,sorgum(jawar),2015,June,458,1335,1690,1511,2015-06-01,Aurangabad,355
10,sorgum(jawar),2015,July,281,1380,1642,1502,2015-07-01,Aurangabad,262
11,sorgum(jawar),2015,August,155,1420,1662,1510,2015-08-01,Aurangabad,242
12,sorgum(jawar),2015,September,324,1462,1671,1546,2015-09-01,Aurangabad,209
13,sorgum(jawar),2015,October,325,1321,1470,1396,2015-10-01,Aurangabad,149
14,sorgum(jawar),2015,November,159,1562,1809,1694,2015-11-01,Aurangabad,247
15,sorgum(jawar),2015,December,224,1497,1715,1611,2015-12-01,Aurangabad,218
16,sorgum(jawar),2016,January,251,1473,1662,1566,2016-01-01,Aurangabad,189
17,sorgum(jawar),2016,February,1634,1449,1761,1584,2016-02-01,Aurangabad,312
18,sorgum(jawar),2016,March,1105,1520,1796,1660,2016-03-01,Aurangabad,276
19,sorgum(jawar),2016,April,1156,1666,1961,1793,2016-04-01,Aurangabad,295
20,sorgum(jawar),2016,May,797,1661,1872,1762,2016-05-01,Aurangabad,211
21,sorgum(jawar),2016,June,506,1699,1902,1800,2016-06-01,Aurangabad,203
22,sorgum(jawar),2016,July,288,1733,1936,1848,2016-07-01,Aurangabad,203
23,sorgum(jawar),2016,August,837,1688,1840,1757,2016-08-01,Aurangabad,152
24,sorgum(jawar),2016,September,933,1685,1814,1752,2016-09-01,Aurangabad,129
25,sorgum(jawar),2016,October,945,1719,1829,1772,2016-10-01,Aurangabad,110
