,Commodity,Year,Month,arrivals_in_qtl,min_price,max_price,modal_price,date,district_name,diff_price
0,soybean,2014,September,1,2950,3320,3000,2014-09-01,Aurangabad,370
1,soybean,2014,October,68,2796,3046,2985,2014-10-01,Aurangabad,250
2,soybean,2014,November,15,3180,3326,3308,2014-11-01,Aurangabad,146
3,soybean,2015,October,97,3500,3622,3551,2015-10-01,Aurangabad,122
4,soybean,2016,March,10,3585,3598,3590,2016-03-01,Aurangabad,13
5,soybean,2016,April,2,3300,3900,3900,2016-04-01,Aurangabad,600
6,soybean,2016,July,1,3596,3596,3596,2016-07-01,Aurangabad,0
7,soybean,2016,August,1,3400,3400,3400,2016-08-01,Aurangabad,0
8,soybean,2016,October,141,2483,2654,2571,2016-10-01,Aurangabad,171
9,soybean,2016,November,188,2628,2661,2645,2016-11-01,Aurangabad,33
