,Commodity,Year,Month,arrivals_in_qtl,min_price,max_price,modal_price,date,district_name,diff_price
0,cotton,2015,November,5983,4093,4139,4117,2015-11-01,Parbhani,46
1,cotton,2015,December,31646,4100,4370,4267,2015-12-01,Parbhani,270
2,cotton,2016,January,11725,4100,4623,4527,2016-01-01,Parbhani,523
3,cotton,2016,February,10750,4100,4483,4386,2016-02-01,Parbhani,383
4,cotton,2016,March,5725,4100,4440,4321,2016-03-01,Parbhani,340
5,cotton,2016,April,12775,4100,4751,4606,2016-04-01,Parbhani,651
6,cotton,2016,May,3860,4100,4884,4768,2016-05-01,Parbhani,784
7,cotton,2016,November,2569,4160,4989,4883,2016-11-01,Parbhani,829
