,Commodity,Year,Month,arrivals_in_qtl,min_price,max_price,modal_price,date,district_name,diff_price
0,wheat(husked),2014,September,590,1501,1663,1555,2014-09-01,Aurangabad,162
1,wheat(husked),2014,October,466,1468,1624,1528,2014-10-01,Aurangabad,156
2,wheat(husked),2014,November,386,1579,1735,1634,2014-11-01,Aurangabad,156
3,wheat(husked),2014,December,479,1544,1727,1581,2014-12-01,Aurangabad,183
4,wheat(husked),2015,January,351,1599,1769,1637,2015-01-01,Aurangabad,170
5,wheat(husked),2015,February,423,1516,1713,1581,2015-02-01,Aurangabad,197
6,wheat(husked),2015,March,1251,1400,1745,1511,2015-03-01,Aurangabad,345
7,wheat(husked),2015,April,2062,1344,1902,1616,2015-04-01,Aurangabad,558
8,wheat(husked),2015,May,976,1406,1806,1582,2015-05-01,Aurangabad,400
9,wheat(husked),2015,June,733,1435,1716,1556,2015-06-01,Aurangabad,281
10,wheat(husked),2015,July,350,1502,1708,1560,2015-07-01,Aurangabad,206
11,wheat(husked),2015,August,346,1521,1709,1580,2015-08-01,Aurangabad,188
12,wheat(husked),2015,September,287,1519,1714,1578,2015-09-01,Aurangabad,195
13,wheat(husked),2015,October,425,1663,1836,1706,2015-10-01,Aurangabad,173
14,wheat(husked),2015,November,352,1580,1744,1620,2015-11-01,Aurangabad,164
15,wheat(husked),2015,December,240,1570,1723,1621,2015-12-01,Aurangabad,153
16,wheat(husked),2016,January,191,1621,1887,1744,2016-01-01,Aurangabad,266
17,wheat(husked),2016,February,182,1595,2317,1666,2016-02-01,Aurangabad,722
18,wheat(husked),2016,March,359,1538,1941,1727,2016-03-01,Aurangabad,403
19,wheat(husked),2016,April,471,1542,1985,1775,2016-04-01,Aurangabad,443
20,wheat(husked),2016,May,183,1559,1849,1700,2016-05-01,Aurangabad,290
21,wheat(husked),2016,June,109,1642,1905,1779,2016-06-01,Aurangabad,263
22,wheat(husked),2016,July,73,1707,1993,1822,2016-07-01,Aurangabad,286
23,wheat(husked),2016,August,99,1729,1963,1816,2016-08-01,Aurangabad,234
24,wheat(husked),2016,September,129,1663,2011,1835,2016-09-01,Aurangabad,348
25,wheat(husked),2016,October,225,1661,2012,1826,2016-10-01,Aurangabad,351
26,wheat(husked),2016,November,100,1778,2089,1934,2016-11-01,Aurangabad,311
