,Commodity,Year,Month,arrivals_in_qtl,min_price,max_price,modal_price,date,district_name,diff_price
0,gram,2014,September,346,2242,2679,2507,2014-09-01,Aurangabad,437
1,gram,2014,October,360,2149,2574,2426,2014-10-01,Aurangabad,425
2,gram,2014,November,241,2318,2756,2570,2014-11-01,Aurangabad,438
3,gram,2014,December,92,2401,2727,2577,2014-12-01,Aurangabad,326
4,gram,2015,January,52,2534,2737,2624,2015-01-01,Aurangabad,203
5,gram,2015,February,776,3166,3422,3341,2015-02-01,Aurangabad,256
6,gram,2015,March,1908,3178,3305,3242,2015-03-01,Aurangabad,127
7,gram,2015,April,861,3635,3778,3691,2015-04-01,Aurangabad,143
8,gram,2015,May,350,4117,4403,4276,2015-05-01,Aurangabad,286
9,gram,2015,June,171,3698,4109,3909,2015-06-01,Aurangabad,411
10,gram,2015,July,82,3681,3980,3813,2015-07-01,Aurangabad,299
11,gram,2015,August,50,3742,4088,3885,2015-08-01,Aurangabad,346
12,gram,2015,September,25,3970,4378,4156,2015-09-01,Aurangabad,408
13,gram,2015,October,59,4111,4633,4335,2015-10-01,Aurangabad,522
14,gram,2015,November,56,3936,4127,4033,2015-11-01,Aurangabad,191
15,gram,2015,December,32,3602,3840,3765,2015-12-01,Aurangabad,238
16,gram,2016,January,514,3993,4335,4241,2016-01-01,Aurangabad,342
17,gram,2016,February,1191,4073,4177,4127,2016-02-01,Aurangabad,104
18,gram,2016,March,582,4227,4340,4291,2016-03-01,Aurangabad,113
19,gram,2016,April,346,5126,5267,5182,2016-04-01,Aurangabad,141
20,gram,2016,May,198,5266,5622,5507,2016-05-01,Aurangabad,356
21,gram,2016,June,69,5935,6200,6143,2016-06-01,Aurangabad,265
22,gram,2016,July,41,5993,7292,7028,2016-07-01,Aurangabad,1299
23,gram,2016,August,58,5978,6470,6332,2016-08-01,Aurangabad,492
24,gram,2016,September,42,6184,6859,6466,2016-09-01,Aurangabad,675
25,gram,2016,October,114,7516,8406,8002,2016-10-01,Aurangabad,890
26,gram,2016,November,7,7952,8093,8022,2016-11-01,Aurangabad,141
