,Commodity,Year,Month,arrivals_in_qtl,min_price,max_price,modal_price,date,district_name,diff_price
0,pigeon pea (tur),2014,September,40,3975,4303,4151,2014-09-01,Aurangabad,328
1,pigeon pea (tur),2014,November,1,4750,4800,4775,2014-11-01,Aurangabad,50
2,pigeon pea (tur),2014,December,104,4394,4874,4778,2014-12-01,Aurangabad,480
3,pigeon pea (tur),2015,January,709,4945,5128,5082,2015-01-01,Aurangabad,183
4,pigeon pea (tur),2015,February,648,5083,5233,5165,2015-02-01,Aurangabad,150
5,pigeon pea (tur),2015,March,198,5195,5372,5292,2015-03-01,Aurangabad,177
6,pigeon pea (tur),2015,April,100,5434,5812,5630,2015-04-01,Aurangabad,378
7,pigeon pea (tur),2015,May,15,5594,5800,5669,2015-05-01,Aurangabad,206
8,pigeon pea (tur),2015,June,9,5767,6057,5821,2015-06-01,Aurangabad,290
9,pigeon pea (tur),2015,July,13,5350,5760,5510,2015-07-01,Aurangabad,410
10,pigeon pea (tur),2015,August,1,7200,7200,7200,2015-08-01,Aurangabad,0
11,pigeon pea (tur),2015,September,2,5850,5850,5850,2015-09-01,Aurangabad,0
12,pigeon pea (tur),2015,November,3,8500,8700,8600,2015-11-01,Aurangabad,200
13,pigeon pea (tur),2015,December,1313,7697,8279,8004,2015-12-01,Aurangabad,582
14,pigeon pea (tur),2016,January,818,8105,8328,8211,2016-01-01,Aurangabad,223
15,pigeon pea (tur),2016,February,370,7172,7403,7318,2016-02-01,Aurangabad,231
16,pigeon pea (tur),2016,March,116,6997,7207,7140,2016-03-01,Aurangabad,210
17,pigeon pea (tur),2016,April,117,7903,8220,8108,2016-04-01,Aurangabad,317
18,pigeon pea (tur),2016,May,44,7893,8012,7934,2016-05-01,Aurangabad,119
19,pigeon pea (tur),2016,June,44,7876,7950,7935,2016-06-01,Aurangabad,74
20,pigeon pea (tur),2016,July,10,7483,7493,7483,2016-07-01,Aurangabad,10
21,pigeon pea (tur),2016,October,22,4687,5527,5092,2016-10-01,Aurangabad,840
