,Commodity,Year,Month,arrivals_in_qtl,min_price,max_price,modal_price,date,district_name,diff_price
0,onion,2014,September,3951,428,2011,983,2014-09-01,Aurangabad,1583
1,onion,2014,October,722,379,1554,992,2014-10-01,Aurangabad,1175
2,onion,2015,January,85,550,1650,1150,2015-01-01,Aurangabad,1100
3,onion,2015,April,5426,400,1269,950,2015-04-01,Aurangabad,869
4,onion,2015,May,7997,369,1648,978,2015-05-01,Aurangabad,1279
5,onion,2015,June,7155,483,1989,1035,2015-06-01,Aurangabad,1506
6,onion,2015,July,2344,739,2578,1258,2015-07-01,Aurangabad,1839
8,onion,2016,February,883,236,983,707,2016-02-01,Aurangabad,747
9,onion,2016,March,1196,250,794,583,2016-03-01,Aurangabad,544
10,onion,2016,April,3287,200,801,476,2016-04-01,Aurangabad,601
11,onion,2016,May,3418,143,823,386,2016-05-01,Aurangabad,680
12,onion,2016,June,2261,197,999,538,2016-06-01,Aurangabad,802
13,onion,2016,July,1214,235,920,508,2016-07-01,Aurangabad,685
14,onion,2016,August,1439,183,801,482,2016-08-01,Aurangabad,618
