,Commodity,Year,Month,arrivals_in_qtl,min_price,max_price,modal_price,date,district_name,diff_price
0,maize,2014,September,29,1248,1319,1274,2014-09-01,Aurangabad,71
1,maize,2014,October,46,1092,1162,1129,2014-10-01,Aurangabad,70
2,maize,2014,November,1825,907,998,952,2014-11-01,Aurangabad,91
3,maize,2014,December,5544,846,997,910,2014-12-01,Aurangabad,151
4,maize,2015,January,3131,1068,1187,1125,2015-01-01,Aurangabad,119
5,maize,2015,February,205,1129,1195,1165,2015-02-01,Aurangabad,66
6,maize,2015,March,537,1192,1270,1232,2015-03-01,Aurangabad,78
7,maize,2015,April,90,1216,1268,1244,2015-04-01,Aurangabad,52
8,maize,2015,May,326,1108,1202,1167,2015-05-01,Aurangabad,94
9,maize,2015,June,67,1161,1240,1207,2015-06-01,Aurangabad,79
10,maize,2015,July,38,1333,1352,1347,2015-07-01,Aurangabad,19
11,maize,2015,August,3,1388,1393,1388,2015-08-01,Aurangabad,5
12,maize,2015,September,9,1609,1728,1632,2015-09-01,Aurangabad,119
13,maize,2015,October,947,1056,1176,1110,2015-10-01,Aurangabad,120
14,maize,2015,November,940,1245,1360,1296,2015-11-01,Aurangabad,115
15,maize,2015,December,786,1350,1412,1382,2015-12-01,Aurangabad,62
16,maize,2016,January,155,1364,1411,1393,2016-01-01,Aurangabad,47
17,maize,2016,February,236,1343,1422,1378,2016-02-01,Aurangabad,79
18,maize,2016,March,130,1317,1405,1380,2016-03-01,Aurangabad,88
19,maize,2016,April,70,1385,1426,1412,2016-04-01,Aurangabad,41
20,maize,2016,May,22,1439,1448,1445,2016-05-01,Aurangabad,9
21,maize,2016,June,7,1556,1581,1571,2016-06-01,Aurangabad,25
22,maize,2016,July,7,1696,1740,1728,2016-07-01,Aurangabad,44
23,maize,2016,August,10,1712,1761,1749,2016-08-01,Aurangabad,49
24,maize,2016,September,13,1569,1618,1593,2016-09-01,Aurangabad,49
25,maize,2016,October,6,1490,1553,1530,2016-10-01,Aurangabad,63
26,maize,2016,November,1539,1033,1132,1082,2016-11-01,Aurangabad,99
