,Commodity,Year,Month,arrivals_in_qtl,min_price,max_price,modal_price,date,district_name,diff_price
0,sesamum,2014,September,3,9901,9901,9901,2014-09-01,Beed,0
1,sesamum,2014,October,11,10913,11050,11050,2014-10-01,Beed,137
2,sesamum,2014,November,13,10434,10867,10778,2014-11-01,Beed,433
3,sesamum,2014,December,6,10925,12138,11888,2014-12-01,Beed,1213
4,sesamum,2015,January,14,10220,10270,10260,2015-01-01,Beed,50
5,sesamum,2015,February,2,7650,7650,7650,2015-02-01,Beed,0
6,sesamum,2015,May,8,6875,6875,6875,2015-05-01,Beed,0
7,sesamum,2015,June,1,6801,6801,6801,2015-06-01,Beed,0
8,sesamum,2015,October,21,6141,7100,6830,2015-10-01,Beed,959
9,sesamum,2015,November,4,6900,7198,7100,2015-11-01,Beed,298
10,sesamum,2015,December,1,7400,7400,7400,2015-12-01,Beed,0
11,sesamum,2016,January,2,8000,8000,8000,2016-01-01,Beed,0
12,sesamum,2016,February,1,6001,6001,6001,2016-02-01,Beed,0
13,sesamum,2016,September,7,6500,6500,6500,2016-09-01,Beed,0
