,Commodity,Year,Month,arrivals_in_qtl,min_price,max_price,modal_price,date,district_name,diff_price
0,wheat(husked),2014,September,778,1439,1713,1508,2014-09-01,Beed,274
1,wheat(husked),2014,October,651,1392,1788,1495,2014-10-01,Beed,396
2,wheat(husked),2014,November,554,1446,1776,1535,2014-11-01,Beed,330
3,wheat(husked),2014,December,195,1452,1610,1532,2014-12-01,Beed,158
4,wheat(husked),2015,January,269,1498,1701,1598,2015-01-01,Beed,203
5,wheat(husked),2015,February,281,1221,1733,1415,2015-02-01,Beed,512
6,wheat(husked),2015,March,689,1360,1922,1629,2015-03-01,Beed,562
7,wheat(husked),2015,April,1823,1533,2196,1779,2015-04-01,Beed,663
8,wheat(husked),2015,May,1879,1475,2133,1727,2015-05-01,Beed,658
9,wheat(husked),2015,June,1457,1369,1951,1530,2015-06-01,Beed,582
10,wheat(husked),2015,July,490,1416,1772,1569,2015-07-01,Beed,356
11,wheat(husked),2015,August,569,1461,1924,1665,2015-08-01,Beed,463
12,wheat(husked),2015,September,1076,1527,1920,1689,2015-09-01,Beed,393
13,wheat(husked),2015,October,1108,1576,2017,1795,2015-10-01,Beed,441
14,wheat(husked),2015,November,609,1578,2229,1896,2015-11-01,Beed,651
15,wheat(husked),2015,December,727,1523,2147,1750,2015-12-01,Beed,624
16,wheat(husked),2016,January,728,1516,2107,1760,2016-01-01,Beed,591
17,wheat(husked),2016,February,876,1576,2312,1851,2016-02-01,Beed,736
18,wheat(husked),2016,March,1672,1621,2431,1995,2016-03-01,Beed,810
19,wheat(husked),2016,April,1322,1626,2499,2067,2016-04-01,Beed,873
20,wheat(husked),2016,May,1600,1668,2575,2150,2016-05-01,Beed,907
21,wheat(husked),2016,June,759,1715,2394,2064,2016-06-01,Beed,679
22,wheat(husked),2016,July,309,1741,2295,1969,2016-07-01,Beed,554
23,wheat(husked),2016,August,826,1597,2262,1939,2016-08-01,Beed,665
24,wheat(husked),2016,September,663,1605,2273,1961,2016-09-01,Beed,668
25,wheat(husked),2016,October,174,1551,2293,1947,2016-10-01,Beed,742
26,wheat(husked),2016,November,500,1654,2373,2004,2016-11-01,Beed,719
