,Commodity,Year,Month,arrivals_in_qtl,min_price,max_price,modal_price,date,district_name,diff_price
0,pigeon pea (tur),2014,September,166,3863,4473,4223,2014-09-01,Beed,610
1,pigeon pea (tur),2014,October,95,4129,4648,4383,2014-10-01,Beed,519
2,pigeon pea (tur),2014,November,90,4259,4660,4439,2014-11-01,Beed,401
3,pigeon pea (tur),2014,December,142,4744,5112,5076,2014-12-01,Beed,368
4,pigeon pea (tur),2015,January,2633,5071,5646,5446,2015-01-01,Beed,575
5,pigeon pea (tur),2015,February,2894,5007,5570,5361,2015-02-01,Beed,563
6,pigeon pea (tur),2015,March,423,4636,13085,5536,2015-03-01,Beed,8449
7,pigeon pea (tur),2015,April,700,5067,6261,5772,2015-04-01,Beed,1194
8,pigeon pea (tur),2015,May,313,5224,6623,6110,2015-05-01,Beed,1399
9,pigeon pea (tur),2015,June,217,5013,6520,5885,2015-06-01,Beed,1507
10,pigeon pea (tur),2015,July,40,5563,6475,6117,2015-07-01,Beed,912
11,pigeon pea (tur),2015,August,63,7910,8813,8411,2015-08-01,Beed,903
12,pigeon pea (tur),2015,September,53,8070,8944,8675,2015-09-01,Beed,874
13,pigeon pea (tur),2015,October,30,8793,10050,9594,2015-10-01,Beed,1257
14,pigeon pea (tur),2015,November,12,7782,8310,8264,2015-11-01,Beed,528
15,pigeon pea (tur),2015,December,3256,8002,9142,8695,2015-12-01,Beed,1140
16,pigeon pea (tur),2016,January,10366,7909,8388,8218,2016-01-01,Beed,479
17,pigeon pea (tur),2016,February,2226,7031,7623,7348,2016-02-01,Beed,592
18,pigeon pea (tur),2016,March,1569,6848,7440,7171,2016-03-01,Beed,592
19,pigeon pea (tur),2016,April,1479,7694,8501,8154,2016-04-01,Beed,807
20,pigeon pea (tur),2016,May,841,7263,8061,7746,2016-05-01,Beed,798
21,pigeon pea (tur),2016,June,490,7901,8673,8382,2016-06-01,Beed,772
22,pigeon pea (tur),2016,July,89,7616,8281,7909,2016-07-01,Beed,665
23,pigeon pea (tur),2016,August,209,5444,6215,5911,2016-08-01,Beed,771
24,pigeon pea (tur),2016,September,107,5147,6231,5767,2016-09-01,Beed,1084
25,pigeon pea (tur),2016,October,50,5865,6452,6321,2016-10-01,Beed,587
26,pigeon pea (tur),2016,November,36,4789,4913,4868,2016-11-01,Beed,124
