,Commodity,Year,Month,arrivals_in_qtl,min_price,max_price,modal_price,date,district_name,diff_price
0,ground nut pods (dry),2014,October,1,3200,3200,3200,2014-10-01,Beed,0
1,ground nut pods (dry),2015,January,1,4000,4000,4000,2015-01-01,Beed,0
2,ground nut pods (dry),2015,February,1,3300,3300,3300,2015-02-01,Beed,0
3,ground nut pods (dry),2015,May,15,3833,3833,3833,2015-05-01,Beed,0
4,ground nut pods (dry),2015,June,3,2650,2650,2650,2015-06-01,Beed,0
5,ground nut pods (dry),2015,October,1,5000,5000,5000,2015-10-01,Beed,0
6,ground nut pods (dry),2015,November,2,4350,4350,4350,2015-11-01,Beed,0
7,ground nut pods (dry),2016,February,1,4700,4700,4700,2016-02-01,Beed,0
