,Commodity,Year,Month,arrivals_in_qtl,min_price,max_price,modal_price,date,district_name,diff_price
0,safflower,2015,January,2,2101,2101,2101,2015-01-01,Beed,0
1,safflower,2015,March,1,1500,2000,1800,2015-03-01,Beed,500
2,safflower,2015,April,2,2050,2050,2050,2015-04-01,Beed,0
3,safflower,2015,May,11,2200,2200,2200,2015-05-01,Beed,0
4,safflower,2015,August,1,2400,2400,2400,2015-08-01,Beed,0
6,safflower,2016,March,41,2154,2212,2194,2016-03-01,Beed,58
7,safflower,2016,April,20,2222,2259,2247,2016-04-01,Beed,37
8,safflower,2016,May,20,2290,2316,2293,2016-05-01,Beed,26
9,safflower,2016,June,9,2059,2059,2059,2016-06-01,Beed,0
10,safflower,2016,August,2,2650,2650,2650,2016-08-01,Beed,0
