,Commodity,Year,Month,arrivals_in_qtl,min_price,max_price,modal_price,date,district_name,diff_price
0,green gram,2014,September,402,4305,6300,5149,2014-09-01,Beed,1995
1,green gram,2014,October,285,5464,7256,6247,2014-10-01,Beed,1792
2,green gram,2014,November,70,6483,7793,7127,2014-11-01,Beed,1310
3,green gram,2014,December,18,6521,6858,6803,2014-12-01,Beed,337
4,green gram,2015,January,7,6846,6846,6846,2015-01-01,Beed,0
5,green gram,2015,February,2,5425,5425,5425,2015-02-01,Beed,0
6,green gram,2015,March,1,4900,4900,4900,2015-03-01,Beed,0
7,green gram,2015,April,1,6000,6000,6000,2015-04-01,Beed,0
8,green gram,2015,May,3,6150,6150,6150,2015-05-01,Beed,0
9,green gram,2015,June,1,6900,6900,6900,2015-06-01,Beed,0
10,green gram,2015,August,110,7413,8036,7722,2015-08-01,Beed,623
11,green gram,2015,September,494,6905,7907,7505,2015-09-01,Beed,1002
12,green gram,2015,October,210,7590,8684,8287,2015-10-01,Beed,1094
13,green gram,2015,November,51,6922,7524,7370,2015-11-01,Beed,602
14,green gram,2015,December,14,6819,7051,6989,2015-12-01,Beed,232
15,green gram,2016,January,5,6300,6425,6425,2016-01-01,Beed,125
16,green gram,2016,February,2,5700,5700,5700,2016-02-01,Beed,0
17,green gram,2016,March,4,5867,6033,6033,2016-03-01,Beed,166
18,green gram,2016,April,2,4800,4800,4800,2016-04-01,Beed,0
19,green gram,2016,May,1,4301,4301,4301,2016-05-01,Beed,0
20,green gram,2016,June,2,5750,5750,5750,2016-06-01,Beed,0
21,green gram,2016,August,2130,4134,4674,4370,2016-08-01,Beed,540
22,green gram,2016,September,4532,4362,5061,4803,2016-09-01,Beed,699
23,green gram,2016,October,728,4505,5062,4831,2016-10-01,Beed,557
24,green gram,2016,November,556,4130,4549,4351,2016-11-01,Beed,419
