,Commodity,Year,Month,arrivals_in_qtl,min_price,max_price,modal_price,date,district_name,diff_price
0,sorgum(jawar),2014,September,2440,1460,2026,1662,2014-09-01,Beed,566
1,sorgum(jawar),2014,October,1405,1500,2168,1725,2014-10-01,Beed,668
2,sorgum(jawar),2014,November,1224,1676,2370,1907,2014-11-01,Beed,694
3,sorgum(jawar),2014,December,730,1625,2339,2027,2014-12-01,Beed,714
4,sorgum(jawar),2015,January,1056,1602,2254,1977,2015-01-01,Beed,652
5,sorgum(jawar),2015,February,4781,1185,1800,1472,2015-02-01,Beed,615
6,sorgum(jawar),2015,March,1861,1300,1722,1528,2015-03-01,Beed,422
7,sorgum(jawar),2015,April,3700,1440,1756,1565,2015-04-01,Beed,316
8,sorgum(jawar),2015,May,3810,1341,1639,1468,2015-05-01,Beed,298
9,sorgum(jawar),2015,June,3736,1353,1601,1455,2015-06-01,Beed,248
10,sorgum(jawar),2015,July,1255,1337,1577,1443,2015-07-01,Beed,240
11,sorgum(jawar),2015,August,2167,1462,1754,1582,2015-08-01,Beed,292
12,sorgum(jawar),2015,September,4359,1517,1676,1588,2015-09-01,Beed,159
13,sorgum(jawar),2015,October,3642,1466,1663,1567,2015-10-01,Beed,197
14,sorgum(jawar),2015,November,3643,1615,2227,1893,2015-11-01,Beed,612
15,sorgum(jawar),2015,December,3615,1644,2026,1780,2015-12-01,Beed,382
16,sorgum(jawar),2016,January,2881,1628,1888,1724,2016-01-01,Beed,260
17,sorgum(jawar),2016,February,14088,1633,1930,1722,2016-02-01,Beed,297
18,sorgum(jawar),2016,March,11314,1708,2284,1866,2016-03-01,Beed,576
19,sorgum(jawar),2016,April,9890,1733,2266,1886,2016-04-01,Beed,533
20,sorgum(jawar),2016,May,10365,1705,2105,1812,2016-05-01,Beed,400
21,sorgum(jawar),2016,June,6947,1713,2038,1826,2016-06-01,Beed,325
22,sorgum(jawar),2016,July,2704,1713,2020,1819,2016-07-01,Beed,307
23,sorgum(jawar),2016,August,7136,1548,1776,1675,2016-08-01,Beed,228
24,sorgum(jawar),2016,September,6023,1544,1947,1740,2016-09-01,Beed,403
25,sorgum(jawar),2016,October,1498,1532,2053,1803,2016-10-01,Beed,521
