,Commodity,Year,Month,arrivals_in_qtl,min_price,max_price,modal_price,date,district_name,diff_price
0,soybean,2014,September,16,2777,5727,2918,2014-09-01,Beed,2950
1,soybean,2014,October,1342,2791,3087,2928,2014-10-01,Beed,296
2,soybean,2014,November,1772,3082,3318,3219,2014-11-01,Beed,236
3,soybean,2014,December,310,3098,3242,3216,2014-12-01,Beed,144
4,soybean,2015,January,105,3049,3216,3159,2015-01-01,Beed,167
5,soybean,2015,February,184,3132,3257,3219,2015-02-01,Beed,125
6,soybean,2015,March,26,3004,3171,3101,2015-03-01,Beed,167
7,soybean,2015,April,109,3457,3688,3674,2015-04-01,Beed,231
8,soybean,2015,May,110,3658,3778,3724,2015-05-01,Beed,120
9,soybean,2015,June,64,3267,3410,3381,2015-06-01,Beed,143
10,soybean,2015,July,33,3188,3230,3223,2015-07-01,Beed,42
11,soybean,2015,August,45,3119,3185,3171,2015-08-01,Beed,66
12,soybean,2015,September,156,3106,3261,3220,2015-09-01,Beed,155
13,soybean,2015,October,3420,3362,3695,3572,2015-10-01,Beed,333
14,soybean,2015,November,1346,3242,3751,3540,2015-11-01,Beed,509
15,soybean,2015,December,551,3277,3621,3449,2015-12-01,Beed,344
16,soybean,2016,January,157,3313,3489,3424,2016-01-01,Beed,176
17,soybean,2016,February,175,3260,3443,3401,2016-02-01,Beed,183
18,soybean,2016,March,87,3271,3426,3384,2016-03-01,Beed,155
19,soybean,2016,April,70,3829,3873,3853,2016-04-01,Beed,44
20,soybean,2016,May,56,3491,3564,3546,2016-05-01,Beed,73
21,soybean,2016,June,41,3445,3482,3469,2016-06-01,Beed,37
22,soybean,2016,July,11,3245,3262,3262,2016-07-01,Beed,17
23,soybean,2016,August,26,2948,3102,3071,2016-08-01,Beed,154
24,soybean,2016,September,22,2817,2965,2922,2016-09-01,Beed,148
25,soybean,2016,October,196,2474,2821,2703,2016-10-01,Beed,347
