,Commodity,Year,Month,arrivals_in_qtl,min_price,max_price,modal_price,date,district_name,diff_price
0,matki,2014,September,4,6434,6497,6497,2014-09-01,Beed,63
1,matki,2014,October,1,6500,6500,6500,2014-10-01,Beed,0
2,matki,2014,December,5,6869,6894,6869,2014-12-01,Beed,25
3,matki,2015,January,11,7255,7400,7300,2015-01-01,Beed,145
4,matki,2015,February,7,7000,7650,7229,2015-02-01,Beed,650
5,matki,2015,March,1,6000,6000,6000,2015-03-01,Beed,0
6,matki,2015,April,6,7100,7267,7267,2015-04-01,Beed,167
7,matki,2015,May,1,7800,7800,7800,2015-05-01,Beed,0
8,matki,2016,April,2,8500,8500,8500,2016-04-01,Beed,0
9,matki,2016,May,1,7700,7700,7700,2016-05-01,Beed,0
