,Commodity,Year,Month,arrivals_in_qtl,min_price,max_price,modal_price,date,district_name,diff_price
0,mustard,2015,February,7,3650,3700,3667,2015-02-01,Beed,50
1,mustard,2015,March,27,3108,3319,3240,2015-03-01,Beed,211
2,mustard,2015,April,40,3353,3457,3432,2015-04-01,Beed,104
3,mustard,2015,May,35,3464,3620,3559,2015-05-01,Beed,156
4,mustard,2015,June,8,3550,3565,3565,2015-06-01,Beed,15
5,mustard,2015,July,2,3525,3525,3525,2015-07-01,Beed,0
6,mustard,2015,September,3,3427,3443,3443,2015-09-01,Beed,16
7,mustard,2015,October,2,3588,3588,3588,2015-10-01,Beed,0
8,mustard,2016,March,7,3081,3366,3360,2016-03-01,Beed,285
9,mustard,2016,April,4,3500,3538,3538,2016-04-01,Beed,38
10,mustard,2016,May,4,3550,3788,3788,2016-05-01,Beed,238
11,mustard,2016,June,4,3625,3625,3625,2016-06-01,Beed,0
13,mustard,2016,August,2,3951,3951,3951,2016-08-01,Beed,0
14,mustard,2016,September,1,3050,3400,3400,2016-09-01,Beed,350
