,Commodity,Year,Month,arrivals_in_qtl,min_price,max_price,modal_price,date,district_name,diff_price
0,cotton,2014,October,1945,3820,4005,3912,2014-10-01,Beed,185
1,cotton,2014,November,37309,3873,4044,3988,2014-11-01,Beed,171
2,cotton,2014,December,130474,3804,4036,3936,2014-12-01,Beed,232
3,cotton,2015,January,119056,3693,3954,3866,2015-01-01,Beed,261
4,cotton,2015,February,125026,3580,3911,3792,2015-02-01,Beed,331
5,cotton,2015,March,20214,3577,3765,3681,2015-03-01,Beed,188
6,cotton,2015,April,22462,3600,3792,3713,2015-04-01,Beed,192
7,cotton,2015,May,2805,3600,3760,3730,2015-05-01,Beed,160
8,cotton,2015,October,41979,4027,4235,4147,2015-10-01,Beed,208
9,cotton,2015,November,54685,3958,4159,4058,2015-11-01,Beed,201
10,cotton,2015,December,79705,3930,4240,4130,2015-12-01,Beed,310
11,cotton,2016,January,49662,3820,4448,4308,2016-01-01,Beed,628
12,cotton,2016,February,44474,4011,4396,4279,2016-02-01,Beed,385
13,cotton,2016,March,14599,3988,4288,4169,2016-03-01,Beed,300
14,cotton,2016,April,15859,4000,4440,4258,2016-04-01,Beed,440
15,cotton,2016,May,3807,4025,4363,4275,2016-05-01,Beed,338
16,cotton,2016,October,1691,4600,4800,4700,2016-10-01,Beed,200
17,cotton,2016,November,93790,4638,4895,4792,2016-11-01,Beed,257
