,Commodity,Year,Month,arrivals_in_qtl,min_price,max_price,modal_price,date,district_name,diff_price
0,bajri,2014,October,198,1150,1450,1350,2014-10-01,Jalna,300
1,bajri,2014,November,102,1425,1600,1475,2014-11-01,Jalna,175
2,bajri,2015,September,86,1300,1400,1355,2015-09-01,Jalna,100
3,bajri,2015,November,198,1567,1667,1617,2015-11-01,Jalna,100
4,bajri,2015,December,40,1613,1725,1663,2015-12-01,Jalna,112
5,bajri,2016,May,24,1500,1700,1600,2016-05-01,Jalna,200
6,bajri,2016,June,39,1583,1800,1667,2016-06-01,Jalna,217
7,bajri,2016,July,29,1600,1867,1733,2016-07-01,Jalna,267
8,bajri,2016,August,20,1550,1800,1650,2016-08-01,Jalna,250
9,bajri,2016,September,64,1150,1375,1250,2016-09-01,Jalna,225
10,bajri,2016,October,95,1233,1450,1317,2016-10-01,Jalna,217
