,Commodity,Year,Month,arrivals_in_qtl,min_price,max_price,modal_price,date,district_name,diff_price
0,gram,2015,February,504,3150,3300,3200,2015-02-01,Jalna,150
1,gram,2015,March,2421,3050,3300,3188,2015-03-01,Jalna,250
2,gram,2015,April,1641,3420,3660,3560,2015-04-01,Jalna,240
3,gram,2015,May,327,3983,4433,4233,2015-05-01,Jalna,450
4,gram,2015,June,105,3950,4400,4250,2015-06-01,Jalna,450
5,gram,2015,August,6,4200,4600,4400,2015-08-01,Jalna,400
6,gram,2016,January,510,4100,4367,4217,2016-01-01,Jalna,267
7,gram,2016,February,325,3950,4370,4090,2016-02-01,Jalna,420
8,gram,2016,March,340,4086,4279,4157,2016-03-01,Jalna,193
9,gram,2016,April,104,4025,5067,4867,2016-04-01,Jalna,1042
