,Commodity,Year,Month,arrivals_in_qtl,min_price,max_price,modal_price,date,district_name,diff_price
0,green gram,2014,September,116,4800,6450,5600,2014-09-01,Jalna,1650
1,green gram,2014,October,186,5250,6250,5750,2014-10-01,Jalna,1000
2,green gram,2015,August,126,6000,7000,6500,2015-08-01,Jalna,1000
3,green gram,2015,September,326,6967,7500,7258,2015-09-01,Jalna,533
4,green gram,2015,October,54,7300,7950,7625,2015-10-01,Jalna,650
5,green gram,2016,August,100,4000,4500,4350,2016-08-01,Jalna,500
6,green gram,2016,September,896,4600,4878,4739,2016-09-01,Jalna,278
