,Commodity,Year,Month,arrivals_in_qtl,min_price,max_price,modal_price,date,district_name,diff_price
0,cotton,2014,October,149,3725,3925,3850,2014-10-01,Jalna,200
1,cotton,2014,November,1817,3975,4020,4000,2014-11-01,Jalna,45
2,cotton,2014,December,2306,3900,3980,3940,2014-12-01,Jalna,80
3,cotton,2015,January,973,3833,3967,3900,2015-01-01,Jalna,134
4,cotton,2015,February,900,3725,3900,3775,2015-02-01,Jalna,175
5,cotton,2015,April,204,3900,4200,4050,2015-04-01,Jalna,300
6,cotton,2015,October,2123,4080,4270,4165,2015-10-01,Jalna,190
7,cotton,2015,November,1399,4138,4263,4194,2015-11-01,Jalna,125
8,cotton,2015,December,1461,4210,4330,4270,2015-12-01,Jalna,120
9,cotton,2016,January,856,4325,4575,4475,2016-01-01,Jalna,250
10,cotton,2016,February,422,3975,4275,4113,2016-02-01,Jalna,300
11,cotton,2016,October,360,4500,4850,4650,2016-10-01,Jalna,350
