,Commodity,Year,Month,arrivals_in_qtl,min_price,max_price,modal_price,date,district_name,diff_price
2,sorgum(jawar),2015,September,38,1500,1700,1600,2015-09-01,Jalna,200
3,sorgum(jawar),2015,October,82,1500,1600,1550,2015-10-01,Jalna,100
4,sorgum(jawar),2015,November,45,1633,1733,1683,2015-11-01,Jalna,100
5,sorgum(jawar),2015,December,26,1700,1800,1750,2015-12-01,Jalna,100
6,sorgum(jawar),2016,March,79,1600,1850,1700,2016-03-01,Jalna,250
7,sorgum(jawar),2016,April,15,1650,1800,1725,2016-04-01,Jalna,150
8,sorgum(jawar),2016,May,125,1610,1810,1700,2016-05-01,Jalna,200
9,sorgum(jawar),2016,June,56,1650,1860,1740,2016-06-01,Jalna,210
10,sorgum(jawar),2016,July,70,1713,2000,1850,2016-07-01,Jalna,287
11,sorgum(jawar),2016,August,71,1692,1983,1804,2016-08-01,Jalna,291
12,sorgum(jawar),2016,September,64,1600,1800,1667,2016-09-01,Jalna,200
13,sorgum(jawar),2016,October,40,1600,1800,1700,2016-10-01,Jalna,200
14,sorgum(jawar),2016,November,25,1600,1800,1700,2016-11-01,Jalna,200
