,Commodity,Year,Month,arrivals_in_qtl,min_price,max_price,modal_price,date,district_name,diff_price
1,wheat(husked),2014,October,15,1800,1850,1800,2014-10-01,Jalna,50
2,wheat(husked),2014,November,34,1500,1850,1800,2014-11-01,Jalna,350
3,wheat(husked),2015,April,165,1600,2000,1850,2015-04-01,Jalna,400
4,wheat(husked),2015,May,324,1583,2083,1883,2015-05-01,Jalna,500
5,wheat(husked),2015,June,75,1800,2200,2000,2015-06-01,Jalna,400
6,wheat(husked),2015,September,40,1600,1750,1675,2015-09-01,Jalna,150
7,wheat(husked),2015,October,58,1550,1667,1617,2015-10-01,Jalna,117
8,wheat(husked),2015,November,168,1750,1950,1825,2015-11-01,Jalna,200
9,wheat(husked),2015,December,466,1700,2000,1800,2015-12-01,Jalna,300
10,wheat(husked),2016,August,43,1867,2183,2033,2016-08-01,Jalna,316
