,Commodity,Year,Month,arrivals_in_qtl,min_price,max_price,modal_price,date,district_name,diff_price
0,soybean,2014,October,1854,2838,3088,2950,2014-10-01,Jalna,250
1,soybean,2014,November,1766,3100,3288,3238,2014-11-01,Jalna,188
2,soybean,2014,December,1257,3080,3260,3190,2014-12-01,Jalna,180
3,soybean,2015,January,450,3125,3275,3200,2015-01-01,Jalna,150
4,soybean,2015,February,1623,3117,3333,3233,2015-02-01,Jalna,216
5,soybean,2015,March,327,3100,3300,3200,2015-03-01,Jalna,200
7,soybean,2015,September,119,3200,3400,3300,2015-09-01,Jalna,200
8,soybean,2015,October,8238,3300,3967,3378,2015-10-01,Jalna,667
9,soybean,2015,November,2302,3456,3619,3556,2015-11-01,Jalna,163
10,soybean,2015,December,972,3500,3661,3583,2015-12-01,Jalna,161
11,soybean,2016,January,419,3400,3700,3533,2016-01-01,Jalna,300
12,soybean,2016,March,20,3400,3600,3400,2016-03-01,Jalna,200
13,soybean,2016,May,31,3300,3850,3550,2016-05-01,Jalna,550
14,soybean,2016,June,25,3500,3850,3675,2016-06-01,Jalna,350
15,soybean,2016,July,9,3200,3325,3275,2016-07-01,Jalna,125
