,Commodity,Year,Month,arrivals_in_qtl,min_price,max_price,modal_price,date,district_name,diff_price
0,pigeon pea (tur),2015,January,2199,5275,5575,5400,2015-01-01,Jalna,300
1,pigeon pea (tur),2015,February,8577,5125,5425,5288,2015-02-01,Jalna,300
2,pigeon pea (tur),2015,March,2382,4900,5275,5100,2015-03-01,Jalna,375
3,pigeon pea (tur),2015,April,141,5000,5500,5250,2015-04-01,Jalna,500
4,pigeon pea (tur),2015,December,2740,7925,8388,8244,2015-12-01,Jalna,463
5,pigeon pea (tur),2016,January,2605,8163,8575,8400,2016-01-01,Jalna,412
6,pigeon pea (tur),2016,February,553,7067,7483,7267,2016-02-01,Jalna,416
7,pigeon pea (tur),2016,March,109,7575,7975,7738,2016-03-01,Jalna,400
8,pigeon pea (tur),2016,April,123,8263,8788,8563,2016-04-01,Jalna,525
9,pigeon pea (tur),2016,May,72,7883,8467,8217,2016-05-01,Jalna,584
10,pigeon pea (tur),2016,June,62,8000,8440,8260,2016-06-01,Jalna,440
11,pigeon pea (tur),2016,July,5,8000,9000,8800,2016-07-01,Jalna,1000
