,Commodity,Year,Month,arrivals_in_qtl,min_price,max_price,modal_price,date,district_name,diff_price
0,pigeon pea (tur),2015,January,410,4670,5045,4850,2015-01-01,Yewatmal,375
1,pigeon pea (tur),2015,February,895,5554,5724,5622,2015-02-01,Yewatmal,170
2,pigeon pea (tur),2015,March,965,5451,5721,5569,2015-03-01,Yewatmal,270
3,pigeon pea (tur),2015,June,18,6200,6525,6363,2015-06-01,Yewatmal,325
4,pigeon pea (tur),2015,December,359,7090,8344,7880,2015-12-01,Yewatmal,1254
5,pigeon pea (tur),2016,January,4455,7775,8642,8103,2016-01-01,Yewatmal,867
6,pigeon pea (tur),2016,February,5382,7421,8080,7706,2016-02-01,Yewatmal,659
7,pigeon pea (tur),2016,March,1814,7145,7853,7533,2016-03-01,Yewatmal,708
8,pigeon pea (tur),2016,April,1250,8375,8923,8670,2016-04-01,Yewatmal,548
9,pigeon pea (tur),2016,May,300,8146,8486,8313,2016-05-01,Yewatmal,340
10,pigeon pea (tur),2016,June,222,7842,8484,8242,2016-06-01,Yewatmal,642
