,Commodity,Year,Month,arrivals_in_qtl,min_price,max_price,modal_price,date,district_name,diff_price
0,soybean,2014,December,1535,3013,3225,3123,2014-12-01,Yewatmal,212
1,soybean,2015,January,495,3146,3239,3186,2015-01-01,Yewatmal,93
2,soybean,2015,February,281,3125,3240,3188,2015-02-01,Yewatmal,115
3,soybean,2015,March,271,3100,3208,3158,2015-03-01,Yewatmal,108
4,soybean,2015,June,78,3400,3540,3460,2015-06-01,Yewatmal,140
5,soybean,2015,November,1721,3487,3532,3508,2015-11-01,Yewatmal,45
6,soybean,2015,December,869,3391,3551,3460,2015-12-01,Yewatmal,160
7,soybean,2016,January,185,3389,3557,3478,2016-01-01,Yewatmal,168
8,soybean,2016,February,205,3480,3702,3601,2016-02-01,Yewatmal,222
9,soybean,2016,March,103,3710,3853,3782,2016-03-01,Yewatmal,143
10,soybean,2016,April,85,3650,3880,3767,2016-04-01,Yewatmal,230
11,soybean,2016,May,31,3470,3728,3583,2016-05-01,Yewatmal,258
