,Commodity,Year,Month,arrivals_in_qtl,min_price,max_price,modal_price,date,district_name,diff_price
0,cotton,2014,December,93077,3927,4038,3983,2014-12-01,Yewatmal,111
1,cotton,2015,January,38228,3946,4042,3995,2015-01-01,Yewatmal,96
2,cotton,2015,February,9100,3875,4025,3975,2015-02-01,Yewatmal,150
3,cotton,2015,March,130,3900,4000,3950,2015-03-01,Yewatmal,100
4,cotton,2015,November,48757,4012,4045,4030,2015-11-01,Yewatmal,33
5,cotton,2015,December,61049,4242,4368,4300,2015-12-01,Yewatmal,126
6,cotton,2016,January,58296,4399,4676,4539,2016-01-01,Yewatmal,277
7,cotton,2016,February,45249,4265,4583,4434,2016-02-01,Yewatmal,318
8,cotton,2016,March,41947,4233,8058,4428,2016-03-01,Yewatmal,3825
9,cotton,2016,April,12172,4136,5012,4685,2016-04-01,Yewatmal,876
10,cotton,2016,May,3288,4225,4978,4624,2016-05-01,Yewatmal,753
11,cotton,2016,November,50461,4778,4947,4862,2016-11-01,Yewatmal,169
