,Commodity,Year,Month,arrivals_in_qtl,min_price,max_price,modal_price,date,district_name,diff_price
0,gram,2015,March,45,3150,3200,3150,2015-03-01,Yewatmal,50
1,gram,2015,April,438,3357,3424,3207,2015-04-01,Yewatmal,67
2,gram,2015,June,27,3700,3800,3750,2015-06-01,Yewatmal,100
3,gram,2016,January,18,3600,3800,3700,2016-01-01,Yewatmal,200
4,gram,2016,February,260,3880,4125,4020,2016-02-01,Yewatmal,245
5,gram,2016,March,749,3966,4255,4139,2016-03-01,Yewatmal,289
6,gram,2016,April,144,4722,5136,4980,2016-04-01,Yewatmal,414
7,gram,2016,May,6,4150,5005,4580,2016-05-01,Yewatmal,855
8,gram,2016,June,15,5000,5400,5250,2016-06-01,Yewatmal,400
