,Commodity,Year,Month,arrivals_in_qtl,min_price,max_price,modal_price,date,district_name,diff_price
0,ladies finger,2014,September,90,1693,1943,1818,2014-09-01,Nasik,250
1,ladies finger,2014,October,195,1732,1863,1797,2014-10-01,Nasik,131
2,ladies finger,2014,November,132,2400,2486,2443,2014-11-01,Nasik,86
3,ladies finger,2014,December,90,2930,3000,2965,2014-12-01,Nasik,70
4,ladies finger,2015,January,69,2986,3893,3439,2015-01-01,Nasik,907
5,ladies finger,2015,December,6,1900,1900,1900,2015-12-01,Nasik,0
6,ladies finger,2016,January,18,1375,1775,1575,2016-01-01,Nasik,400
7,ladies finger,2016,February,12,1375,1900,1638,2016-02-01,Nasik,525
8,ladies finger,2016,March,6,1800,3000,2400,2016-03-01,Nasik,1200
9,ladies finger,2016,May,9,1800,1800,1800,2016-05-01,Nasik,0
10,ladies finger,2016,June,132,1760,2360,2070,2016-06-01,Nasik,600
11,ladies finger,2016,July,36,2800,3500,3150,2016-07-01,Nasik,700
12,ladies finger,2016,October,29,1488,2000,1744,2016-10-01,Nasik,512
13,ladies finger,2016,November,22,938,1104,1021,2016-11-01,Nasik,166
