,Commodity,Year,Month,arrivals_in_qtl,min_price,max_price,modal_price,date,district_name,diff_price
0,paddy-unhusked,2014,September,30,2200,2200,2200,2014-09-01,Nasik,0
1,paddy-unhusked,2014,November,180,2100,2266,2183,2014-11-01,Nasik,166
2,paddy-unhusked,2015,January,1029,1967,1967,1967,2015-01-01,Nasik,0
3,paddy-unhusked,2015,February,1782,1963,1968,1965,2015-02-01,Nasik,5
4,paddy-unhusked,2015,March,444,2015,2033,2024,2015-03-01,Nasik,18
5,paddy-unhusked,2015,April,558,2036,2142,2089,2015-04-01,Nasik,106
6,paddy-unhusked,2015,May,30,2000,2000,2000,2015-05-01,Nasik,0
7,paddy-unhusked,2015,November,6564,1749,1807,1778,2015-11-01,Nasik,58
