,Commodity,Year,Month,arrivals_in_qtl,min_price,max_price,modal_price,date,district_name,diff_price
0,flower,2014,September,168,1783,1867,1825,2014-09-01,Nasik,84
1,flower,2014,October,216,1782,1811,1796,2014-10-01,Nasik,29
2,flower,2014,November,870,1500,1800,1650,2014-11-01,Nasik,300
3,flower,2014,December,2451,1153,1428,1298,2014-12-01,Nasik,275
4,flower,2015,January,3120,1264,1656,1453,2015-01-01,Nasik,392
5,flower,2015,November,288,1050,1340,1195,2015-11-01,Nasik,290
6,flower,2015,December,1683,1284,1780,1542,2015-12-01,Nasik,496
7,flower,2016,January,3354,1344,2052,1693,2016-01-01,Nasik,708
8,flower,2016,February,1854,1202,1505,1351,2016-02-01,Nasik,303
9,flower,2016,March,4599,1032,1394,1213,2016-03-01,Nasik,362
10,flower,2016,April,300,850,1000,880,2016-04-01,Nasik,150
11,flower,2016,May,8541,1008,1248,1125,2016-05-01,Nasik,240
12,flower,2016,June,2196,1450,2186,1818,2016-06-01,Nasik,736
13,flower,2016,July,105,2142,2458,2300,2016-07-01,Nasik,316
15,flower,2016,October,8,925,1000,963,2016-10-01,Nasik,75
16,flower,2016,November,336,980,1018,999,2016-11-01,Nasik,38
