,Commodity,Year,Month,arrivals_in_qtl,min_price,max_price,modal_price,date,district_name,diff_price
0,brinjal,2014,September,413,1092,1742,1417,2014-09-01,Nasik,650
1,brinjal,2014,October,441,1360,1820,1588,2014-10-01,Nasik,460
2,brinjal,2014,November,315,2211,2455,2333,2014-11-01,Nasik,244
3,brinjal,2014,December,405,2215,2788,2503,2014-12-01,Nasik,573
4,brinjal,2015,January,270,1963,2400,2178,2015-01-01,Nasik,437
5,brinjal,2015,November,276,1163,1525,1344,2015-11-01,Nasik,362
6,brinjal,2015,December,475,1311,1890,1638,2015-12-01,Nasik,579
7,brinjal,2016,January,609,1372,1795,1569,2016-01-01,Nasik,423
8,brinjal,2016,February,477,1440,1852,1646,2016-02-01,Nasik,412
9,brinjal,2016,March,615,1483,1763,1623,2016-03-01,Nasik,280
10,brinjal,2016,April,114,850,1800,930,2016-04-01,Nasik,950
11,brinjal,2016,May,4170,1045,1388,1198,2016-05-01,Nasik,343
12,brinjal,2016,June,3030,1271,2020,1649,2016-06-01,Nasik,749
13,brinjal,2016,July,696,2243,2818,2548,2016-07-01,Nasik,575
14,brinjal,2016,August,141,2000,2381,2191,2016-08-01,Nasik,381
15,brinjal,2016,September,144,1374,2148,1487,2016-09-01,Nasik,774
16,brinjal,2016,October,107,1216,1571,1393,2016-10-01,Nasik,355
17,brinjal,2016,November,205,983,1354,1168,2016-11-01,Nasik,371
