,Commodity,Year,Month,arrivals_in_qtl,min_price,max_price,modal_price,date,district_name,diff_price
0,cucumber,2014,September,78,910,1140,1025,2014-09-01,Nasik,230
1,cucumber,2014,October,207,900,900,900,2014-10-01,Nasik,0
2,cucumber,2014,November,135,969,1338,1154,2014-11-01,Nasik,369
3,cucumber,2014,December,6,3000,3000,3000,2014-12-01,Nasik,0
4,cucumber,2015,January,3,3500,3500,3500,2015-01-01,Nasik,0
5,cucumber,2016,January,3,3800,3800,3800,2016-01-01,Nasik,0
6,cucumber,2016,March,124,1500,2000,1750,2016-03-01,Nasik,500
7,cucumber,2016,April,60,800,900,850,2016-04-01,Nasik,100
8,cucumber,2016,May,1614,1008,1428,1217,2016-05-01,Nasik,420
9,cucumber,2016,June,1491,1455,1997,1726,2016-06-01,Nasik,542
10,cucumber,2016,July,24,2000,3000,2500,2016-07-01,Nasik,1000
11,cucumber,2016,October,101,1373,1755,1564,2016-10-01,Nasik,382
12,cucumber,2016,November,118,913,1006,959,2016-11-01,Nasik,93
