,Commodity,Year,Month,arrivals_in_qtl,min_price,max_price,modal_price,date,district_name,diff_price
0,cabbage,2014,September,171,1609,1777,1693,2014-09-01,Nasik,168
1,cabbage,2014,October,349,1570,1670,1620,2014-10-01,Nasik,100
2,cabbage,2014,November,819,859,968,914,2014-11-01,Nasik,109
3,cabbage,2014,December,1158,975,1159,1062,2014-12-01,Nasik,184
4,cabbage,2015,January,939,1201,1425,1313,2015-01-01,Nasik,224
5,cabbage,2015,December,66,1300,1575,1438,2015-12-01,Nasik,275
6,cabbage,2016,January,141,1083,1422,1253,2016-01-01,Nasik,339
7,cabbage,2016,February,480,1250,1310,1280,2016-02-01,Nasik,60
8,cabbage,2016,March,9426,842,1017,934,2016-03-01,Nasik,175
9,cabbage,2016,April,540,800,1000,930,2016-04-01,Nasik,200
10,cabbage,2016,May,8064,908,1147,1032,2016-05-01,Nasik,239
11,cabbage,2016,June,3147,983,1261,1122,2016-06-01,Nasik,278
13,cabbage,2016,August,24,1733,1956,1844,2016-08-01,Nasik,223
14,cabbage,2016,September,24,1042,1232,1137,2016-09-01,Nasik,190
15,cabbage,2016,October,39,688,844,766,2016-10-01,Nasik,156
16,cabbage,2016,November,155,829,953,891,2016-11-01,Nasik,124
