,Commodity,Year,Month,arrivals_in_qtl,min_price,max_price,modal_price,date,district_name,diff_price
0,tomato,2014,September,135,1710,3455,1905,2014-09-01,Nasik,1745
1,tomato,2014,October,384,1466,1589,1527,2014-10-01,Nasik,123
2,tomato,2014,November,1878,806,975,890,2014-11-01,Nasik,169
3,tomato,2014,December,6147,1119,1476,1302,2014-12-01,Nasik,357
4,tomato,2015,January,4980,1162,1609,1410,2015-01-01,Nasik,447
5,tomato,2015,November,1140,1971,2729,2350,2015-11-01,Nasik,758
6,tomato,2015,December,7980,1526,2210,1872,2015-12-01,Nasik,684
7,tomato,2016,January,21288,1439,2381,1908,2016-01-01,Nasik,942
8,tomato,2016,February,47457,1359,2212,1788,2016-02-01,Nasik,853
9,tomato,2016,March,46812,1135,1736,1445,2016-03-01,Nasik,601
10,tomato,2016,April,465,800,1000,900,2016-04-01,Nasik,200
11,tomato,2016,May,91188,1127,1963,1549,2016-05-01,Nasik,836
12,tomato,2016,June,3336,1749,2700,2225,2016-06-01,Nasik,951
14,tomato,2016,August,113,2059,2707,2381,2016-08-01,Nasik,648
15,tomato,2016,September,131,1300,1591,1446,2016-09-01,Nasik,291
16,tomato,2016,October,642,927,1368,1143,2016-10-01,Nasik,441
17,tomato,2016,November,1806,892,985,939,2016-11-01,Nasik,93
