,Commodity,Year,Month,arrivals_in_qtl,min_price,max_price,modal_price,date,district_name,diff_price
0,pigeon pea (tur),2014,October,170,4350,4450,4400,2014-10-01,Chandrapur,100
1,pigeon pea (tur),2014,November,64,4310,4450,4375,2014-11-01,Chandrapur,140
2,pigeon pea (tur),2015,January,100,4550,4700,4650,2015-01-01,Chandrapur,150
3,pigeon pea (tur),2015,February,50116,3750,3922,3800,2015-02-01,Chandrapur,172
4,pigeon pea (tur),2015,March,4660,5200,5381,5288,2015-03-01,Chandrapur,181
5,pigeon pea (tur),2015,April,3970,5507,5729,5614,2015-04-01,Chandrapur,222
6,pigeon pea (tur),2015,May,2360,6300,6657,6493,2015-05-01,Chandrapur,357
7,pigeon pea (tur),2015,June,530,6500,7000,6833,2015-06-01,Chandrapur,500
8,pigeon pea (tur),2015,July,100,6200,6500,6200,2015-07-01,Chandrapur,300
9,pigeon pea (tur),2016,January,829,7688,8025,7863,2016-01-01,Chandrapur,337
10,pigeon pea (tur),2016,February,85,6933,7233,7100,2016-02-01,Chandrapur,300
11,pigeon pea (tur),2016,March,1369,6775,7067,6917,2016-03-01,Chandrapur,292
12,pigeon pea (tur),2016,April,208,8100,8360,8220,2016-04-01,Chandrapur,260
13,pigeon pea (tur),2016,May,140,8000,8200,8100,2016-05-01,Chandrapur,200
