,Commodity,Year,Month,arrivals_in_qtl,min_price,max_price,modal_price,date,district_name,diff_price
0,paddy-unhusked,2014,November,3818,1315,1482,1442,2014-11-01,Gondiya,167
1,paddy-unhusked,2014,December,5538,1403,1459,1415,2014-12-01,Gondiya,56
2,paddy-unhusked,2015,March,2381,1347,1450,1398,2015-03-01,Gondiya,103
3,paddy-unhusked,2015,May,24465,1244,1373,1334,2015-05-01,Gondiya,129
4,paddy-unhusked,2015,June,43993,1294,1396,1348,2015-06-01,Gondiya,102
5,paddy-unhusked,2015,July,16758,1413,1522,1468,2015-07-01,Gondiya,109
6,paddy-unhusked,2015,August,8954,1420,1549,1481,2015-08-01,Gondiya,129
7,paddy-unhusked,2015,September,16689,1667,1742,1624,2015-09-01,Gondiya,75
8,paddy-unhusked,2015,October,22643,1440,1630,1538,2015-10-01,Gondiya,190
9,paddy-unhusked,2015,November,63270,1428,1566,1497,2015-11-01,Gondiya,138
10,paddy-unhusked,2015,December,76510,1472,1590,1531,2015-12-01,Gondiya,118
11,paddy-unhusked,2016,January,34281,1458,1678,1504,2016-01-01,Gondiya,220
12,paddy-unhusked,2016,February,19380,1467,1562,1517,2016-02-01,Gondiya,95
13,paddy-unhusked,2016,March,10486,1510,1605,1558,2016-03-01,Gondiya,95
14,paddy-unhusked,2016,April,11873,1535,1653,1593,2016-04-01,Gondiya,118
15,paddy-unhusked,2016,May,97754,1506,1672,1592,2016-05-01,Gondiya,166
16,paddy-unhusked,2016,June,30335,1644,1835,1740,2016-06-01,Gondiya,191
18,paddy-unhusked,2016,August,8737,1644,1753,1699,2016-08-01,Gondiya,109
19,paddy-unhusked,2016,September,8485,1614,1728,1672,2016-09-01,Gondiya,114
20,paddy-unhusked,2016,October,28611,1469,1610,1551,2016-10-01,Gondiya,141
21,paddy-unhusked,2016,November,62641,1404,1515,1463,2016-11-01,Gondiya,111
