,Commodity,Year,Month,arrivals_in_qtl,min_price,max_price,modal_price,date,district_name,diff_price
0,paddy-unhusked,2014,September,431,2048,2121,2081,2014-09-01,Chandrapur,73
1,paddy-unhusked,2014,October,350,2039,2100,2088,2014-10-01,Chandrapur,61
2,paddy-unhusked,2014,November,906,2016,2095,2066,2014-11-01,Chandrapur,79
3,paddy-unhusked,2014,December,800,1786,1891,1835,2014-12-01,Chandrapur,105
4,paddy-unhusked,2015,January,135,1850,2050,2000,2015-01-01,Chandrapur,200
5,paddy-unhusked,2015,May,545,1775,1875,1825,2015-05-01,Chandrapur,100
6,paddy-unhusked,2015,June,1263,1692,1792,1742,2015-06-01,Chandrapur,100
7,paddy-unhusked,2015,July,1771,1782,1884,1829,2015-07-01,Chandrapur,102
8,paddy-unhusked,2015,August,342,1900,2013,1963,2015-08-01,Chandrapur,113
9,paddy-unhusked,2015,September,160,2025,2150,2100,2015-09-01,Chandrapur,125
10,paddy-unhusked,2015,October,873,2161,2272,2217,2015-10-01,Chandrapur,111
11,paddy-unhusked,2015,November,1563,2044,2169,2103,2015-11-01,Chandrapur,125
12,paddy-unhusked,2015,December,4097,1856,1959,1914,2015-12-01,Chandrapur,103
13,paddy-unhusked,2016,January,1874,1848,1911,1877,2016-01-01,Chandrapur,63
14,paddy-unhusked,2016,February,1555,1836,1921,1881,2016-02-01,Chandrapur,85
15,paddy-unhusked,2016,March,2200,1909,1971,1942,2016-03-01,Chandrapur,62
16,paddy-unhusked,2016,April,2116,1944,1996,1973,2016-04-01,Chandrapur,52
17,paddy-unhusked,2016,May,4000,2168,2234,2206,2016-05-01,Chandrapur,66
18,paddy-unhusked,2016,June,12672,2184,2246,2216,2016-06-01,Chandrapur,62
19,paddy-unhusked,2016,July,2176,2280,2344,2317,2016-07-01,Chandrapur,64
20,paddy-unhusked,2016,August,800,2348,2397,2373,2016-08-01,Chandrapur,49
21,paddy-unhusked,2016,September,2108,2423,2480,2455,2016-09-01,Chandrapur,57
22,paddy-unhusked,2016,October,621,2433,2508,2479,2016-10-01,Chandrapur,75
23,paddy-unhusked,2016,November,400,2351,2451,2410,2016-11-01,Chandrapur,100
