,Commodity,Year,Month,arrivals_in_qtl,min_price,max_price,modal_price,date,district_name,diff_price
0,soybean,2014,November,2131,2882,3054,2966,2014-11-01,Chandrapur,172
1,soybean,2014,December,5374,2770,2963,2830,2014-12-01,Chandrapur,193
2,soybean,2015,January,9055,2850,3050,2965,2015-01-01,Chandrapur,200
3,soybean,2015,February,11395,2542,2708,2653,2015-02-01,Chandrapur,166
4,soybean,2015,March,2810,2870,3010,2945,2015-03-01,Chandrapur,140
5,soybean,2015,April,3030,3017,3256,3139,2015-04-01,Chandrapur,239
6,soybean,2015,May,4190,3522,3779,3636,2015-05-01,Chandrapur,257
7,soybean,2015,June,160,3400,3600,3500,2015-06-01,Chandrapur,200
8,soybean,2015,October,2005,3345,3477,3409,2015-10-01,Chandrapur,132
9,soybean,2015,November,5035,3293,3397,3342,2015-11-01,Chandrapur,104
10,soybean,2015,December,3475,3257,3357,3307,2015-12-01,Chandrapur,100
11,soybean,2016,January,2641,3263,3358,3310,2016-01-01,Chandrapur,95
12,soybean,2016,February,1275,3269,3363,3313,2016-02-01,Chandrapur,94
13,soybean,2016,March,2840,3382,3495,3436,2016-03-01,Chandrapur,113
14,soybean,2016,April,1290,3538,3663,3600,2016-04-01,Chandrapur,125
15,soybean,2016,May,1940,3588,3685,3638,2016-05-01,Chandrapur,97
16,soybean,2016,June,1135,3508,3623,3575,2016-06-01,Chandrapur,115
17,soybean,2016,July,280,3425,3525,3475,2016-07-01,Chandrapur,100
