,Commodity,Year,Month,arrivals_in_qtl,min_price,max_price,modal_price,date,district_name,diff_price
0,paddy-unhusked,2014,December,678,1453,1628,1564,2014-12-01,Gondiya,175
1,paddy-unhusked,2015,October,801,1350,1410,1380,2015-10-01,Gondiya,60
2,paddy-unhusked,2015,November,5658,1462,1527,1494,2015-11-01,Gondiya,65
3,paddy-unhusked,2015,December,29648,1581,1662,1619,2015-12-01,Gondiya,81
4,paddy-unhusked,2016,January,11542,1477,1560,1518,2016-01-01,Gondiya,83
5,paddy-unhusked,2016,February,1884,1418,1494,1456,2016-02-01,Gondiya,76
6,paddy-unhusked,2016,March,862,1435,1512,1473,2016-03-01,Gondiya,77
7,paddy-unhusked,2016,May,1634,1303,1383,1343,2016-05-01,Gondiya,80
8,paddy-unhusked,2016,October,612,1393,1479,1437,2016-10-01,Gondiya,86
9,paddy-unhusked,2016,November,5120,1533,1619,1576,2016-11-01,Gondiya,86
