,Commodity,Year,Month,arrivals_in_qtl,min_price,max_price,modal_price,date,district_name,diff_price
0,pigeon pea (tur),2015,December,4106,7420,9148,8413,2015-12-01,Nanded,1728
1,pigeon pea (tur),2016,January,3331,8356,9000,8704,2016-01-01,Nanded,644
2,pigeon pea (tur),2016,February,3540,7965,8330,8128,2016-02-01,Nanded,365
3,pigeon pea (tur),2016,March,2052,7558,8008,7818,2016-03-01,Nanded,450
4,pigeon pea (tur),2016,April,1000,8562,9231,8977,2016-04-01,Nanded,669
5,pigeon pea (tur),2016,May,1012,8178,8706,8447,2016-05-01,Nanded,528
