,Commodity,Year,Month,arrivals_in_qtl,min_price,max_price,modal_price,date,district_name,diff_price
0,soybean,2015,December,5220,3336,3536,3410,2015-12-01,Nanded,200
1,soybean,2016,January,4063,3335,3543,3429,2016-01-01,Nanded,208
2,soybean,2016,February,1512,3338,3513,3444,2016-02-01,Nanded,175
3,soybean,2016,March,373,3363,3575,3488,2016-03-01,Nanded,212
4,soybean,2016,April,745,3500,3900,3769,2016-04-01,Nanded,400
5,soybean,2016,October,1610,2800,3000,2900,2016-10-01,Nanded,200
6,soybean,2016,November,680,2800,3000,2900,2016-11-01,Nanded,200
