,Commodity,Year,Month,arrivals_in_qtl,min_price,max_price,modal_price,date,district_name,diff_price
2,gram,2015,June,280,3850,4250,4000,2015-06-01,Nanded,400
3,gram,2015,July,355,3800,4300,4125,2015-07-01,Nanded,500
4,gram,2016,January,1288,3550,4321,4207,2016-01-01,Nanded,771
5,gram,2016,February,3969,4098,4398,4250,2016-02-01,Nanded,300
6,gram,2016,March,1717,4078,4422,4303,2016-03-01,Nanded,344
7,gram,2016,April,1224,4417,4972,4744,2016-04-01,Nanded,555
8,gram,2016,May,1132,4454,4962,4704,2016-05-01,Nanded,508
