,Commodity,Year,Month,arrivals_in_qtl,min_price,max_price,modal_price,date,district_name,diff_price
0,wheat(husked),2014,September,81,1680,1800,1600,2014-09-01,Nanded,120
1,wheat(husked),2014,October,88,1633,1733,1533,2014-10-01,Nanded,100
2,wheat(husked),2015,June,312,1360,1720,1540,2015-06-01,Nanded,360
3,wheat(husked),2015,July,291,1200,1633,1433,2015-07-01,Nanded,433
4,wheat(husked),2015,August,482,1490,1770,1540,2015-08-01,Nanded,280
5,wheat(husked),2016,February,82,1650,1800,1700,2016-02-01,Nanded,150
6,wheat(husked),2016,March,1612,1524,1865,1691,2016-03-01,Nanded,341
7,wheat(husked),2016,April,1825,1500,2000,1767,2016-04-01,Nanded,500
8,wheat(husked),2016,May,972,1500,2000,1800,2016-05-01,Nanded,500
