,Commodity,Year,Month,arrivals_in_qtl,min_price,max_price,modal_price,date,district_name,diff_price
0,pigeon pea (tur),2014,September,76,4467,4533,4267,2014-09-01,Nanded,66
1,pigeon pea (tur),2014,October,48,4425,4500,4350,2014-10-01,Nanded,75
2,pigeon pea (tur),2015,June,144,5700,7067,6900,2015-06-01,Nanded,1367
3,pigeon pea (tur),2015,July,215,6700,6933,6767,2015-07-01,Nanded,233
4,pigeon pea (tur),2015,December,707,7500,8800,8240,2015-12-01,Nanded,1300
5,pigeon pea (tur),2016,January,3571,8280,9044,8740,2016-01-01,Nanded,764
6,pigeon pea (tur),2016,February,3027,7955,8330,8138,2016-02-01,Nanded,375
7,pigeon pea (tur),2016,March,2129,7555,7990,7778,2016-03-01,Nanded,435
8,pigeon pea (tur),2016,April,921,8529,9076,8824,2016-04-01,Nanded,547
9,pigeon pea (tur),2016,May,1044,8208,8717,8463,2016-05-01,Nanded,509
10,pigeon pea (tur),2016,July,10,9300,9800,9500,2016-07-01,Nanded,500
