,Commodity,Year,Month,arrivals_in_qtl,min_price,max_price,modal_price,date,district_name,diff_price
0,cotton,2014,November,16309,4070,4140,4013,2014-11-01,Nanded,70
1,cotton,2014,December,21128,3968,4003,3915,2014-12-01,Nanded,35
2,cotton,2015,November,12079,4097,4244,4115,2015-11-01,Nanded,147
3,cotton,2015,December,18702,4132,4358,4214,2015-12-01,Nanded,226
4,cotton,2016,January,4413,4352,4642,4508,2016-01-01,Nanded,290
5,cotton,2016,February,4431,4342,4584,4476,2016-02-01,Nanded,242
6,cotton,2016,March,1727,4275,4575,4475,2016-03-01,Nanded,300
