,Commodity,Year,Month,arrivals_in_qtl,min_price,max_price,modal_price,date,district_name,diff_price
0,soybean,2014,September,48,3675,3750,3600,2014-09-01,Nanded,75
1,soybean,2014,October,2435,2973,3093,2875,2014-10-01,Nanded,120
2,soybean,2014,November,8904,3205,3302,3133,2014-11-01,Nanded,97
3,soybean,2014,December,5748,3218,3300,3150,2014-12-01,Nanded,82
4,soybean,2015,June,212,3200,3520,3360,2015-06-01,Nanded,320
5,soybean,2015,July,263,3075,3375,3263,2015-07-01,Nanded,300
6,soybean,2015,October,8266,3421,3674,3330,2015-10-01,Nanded,253
7,soybean,2015,November,8330,3405,3550,3400,2015-11-01,Nanded,145
8,soybean,2015,December,12966,3344,3538,3416,2015-12-01,Nanded,194
9,soybean,2016,January,3841,3335,3540,3446,2016-01-01,Nanded,205
10,soybean,2016,February,3458,3329,3524,3466,2016-02-01,Nanded,195
11,soybean,2016,March,620,3333,3594,3483,2016-03-01,Nanded,261
12,soybean,2016,April,934,3531,3923,3769,2016-04-01,Nanded,392
13,soybean,2016,May,49,3500,4000,3800,2016-05-01,Nanded,500
14,soybean,2016,October,2100,2800,3000,2900,2016-10-01,Nanded,200
15,soybean,2016,November,1817,2800,2996,2900,2016-11-01,Nanded,196
