,Commodity,Year,Month,arrivals_in_qtl,min_price,max_price,modal_price,date,district_name,diff_price
0,pigeon pea (tur),2015,January,7,4601,4601,4601,2015-01-01,Nagpur,0
1,pigeon pea (tur),2015,February,64,4834,5317,5076,2015-02-01,Nagpur,483
2,pigeon pea (tur),2015,March,77,5200,5532,5366,2015-03-01,Nagpur,332
3,pigeon pea (tur),2015,April,12,5376,5529,5452,2015-04-01,Nagpur,153
4,pigeon pea (tur),2015,July,2,5200,6400,6400,2015-07-01,Nagpur,1200
5,pigeon pea (tur),2015,December,1,7500,7500,7500,2015-12-01,Nagpur,0
6,pigeon pea (tur),2016,January,14,7350,8350,7700,2016-01-01,Nagpur,1000
7,pigeon pea (tur),2016,February,14,6000,7100,7100,2016-02-01,Nagpur,1100
8,pigeon pea (tur),2016,April,6,7600,8100,8100,2016-04-01,Nagpur,500
