,Commodity,Year,Month,arrivals_in_qtl,min_price,max_price,modal_price,date,district_name,diff_price
0,green gram,2014,September,93,5428,6168,5798,2014-09-01,Hingoli,740
1,green gram,2014,October,118,5621,6642,6132,2014-10-01,Hingoli,1021
2,green gram,2014,December,69,6888,7268,7078,2014-12-01,Hingoli,380
3,green gram,2015,January,18,7314,7464,7392,2015-01-01,Hingoli,150
4,green gram,2015,February,7,7486,7500,7493,2015-02-01,Hingoli,14
5,green gram,2015,July,2,6800,6800,6800,2015-07-01,Hingoli,0
6,green gram,2015,August,115,6002,6520,6520,2015-08-01,Hingoli,518
7,green gram,2015,September,2509,7152,8098,8098,2015-09-01,Hingoli,946
8,green gram,2015,October,613,7448,8201,8201,2015-10-01,Hingoli,753
9,green gram,2015,November,139,6749,7397,7397,2015-11-01,Hingoli,648
10,green gram,2015,December,110,6256,7162,7162,2015-12-01,Hingoli,906
11,green gram,2016,June,7,5001,5200,5100,2016-06-01,Hingoli,199
12,green gram,2016,July,5,6100,6500,6500,2016-07-01,Hingoli,400
13,green gram,2016,September,362,5606,5734,5734,2016-09-01,Hingoli,128
14,green gram,2016,October,183,4908,5225,5100,2016-10-01,Hingoli,317
