,Commodity,Year,Month,arrivals_in_qtl,min_price,max_price,modal_price,date,district_name,diff_price
0,soybean,2014,September,2804,3186,3389,3287,2014-09-01,Hingoli,203
1,soybean,2014,October,274,3013,3169,3091,2014-10-01,Hingoli,156
2,soybean,2014,December,13945,3087,3326,3217,2014-12-01,Hingoli,239
3,soybean,2015,January,14383,3191,3362,3281,2015-01-01,Hingoli,171
4,soybean,2015,February,10354,3153,3329,3249,2015-02-01,Hingoli,176
5,soybean,2015,March,4742,3129,3295,3211,2015-03-01,Hingoli,166
6,soybean,2015,April,7198,3212,3565,3387,2015-04-01,Hingoli,353
7,soybean,2015,May,820,3350,3820,3585,2015-05-01,Hingoli,470
8,soybean,2015,June,13247,3308,3560,3442,2015-06-01,Hingoli,252
9,soybean,2015,July,9530,3331,3504,3504,2015-07-01,Hingoli,173
10,soybean,2015,August,4666,3096,3237,3237,2015-08-01,Hingoli,141
11,soybean,2015,September,8041,3131,3341,3341,2015-09-01,Hingoli,210
12,soybean,2015,October,49873,3531,3727,3727,2015-10-01,Hingoli,196
13,soybean,2015,November,33965,3668,3784,3784,2015-11-01,Hingoli,116
14,soybean,2015,December,17425,3591,3735,3735,2015-12-01,Hingoli,144
15,soybean,2016,January,3015,3599,3753,3753,2016-01-01,Hingoli,154
16,soybean,2016,February,15259,3559,3740,3740,2016-02-01,Hingoli,181
17,soybean,2016,March,3625,3529,3692,3692,2016-03-01,Hingoli,163
18,soybean,2016,April,9253,3725,3979,3979,2016-04-01,Hingoli,254
19,soybean,2016,May,6340,3736,3882,3882,2016-05-01,Hingoli,146
20,soybean,2016,June,6911,3641,3818,3804,2016-06-01,Hingoli,177
21,soybean,2016,July,2753,3547,3738,3738,2016-07-01,Hingoli,191
22,soybean,2016,August,3514,3385,3539,3521,2016-08-01,Hingoli,154
23,soybean,2016,September,3034,3066,3338,3338,2016-09-01,Hingoli,272
24,soybean,2016,October,22447,2764,2982,2953,2016-10-01,Hingoli,218
25,soybean,2016,November,30506,2754,2887,2887,2016-11-01,Hingoli,133
