,Commodity,Year,Month,arrivals_in_qtl,min_price,max_price,modal_price,date,district_name,diff_price
0,wheat(husked),2015,December,800,1430,1576,1504,2015-12-01,Wardha,146
1,wheat(husked),2016,January,613,1439,1582,1514,2016-01-01,Wardha,143
2,wheat(husked),2016,February,931,1423,1581,1504,2016-02-01,Wardha,158
3,wheat(husked),2016,March,3098,1419,1583,1504,2016-03-01,Wardha,164
4,wheat(husked),2016,April,1666,1423,1597,1502,2016-04-01,Wardha,174
5,wheat(husked),2016,May,1571,1428,1669,1525,2016-05-01,Wardha,241
6,wheat(husked),2016,June,1419,1550,1785,1654,2016-06-01,Wardha,235
7,wheat(husked),2016,July,1210,1594,1755,1649,2016-07-01,Wardha,161
8,wheat(husked),2016,August,1208,1615,1731,1667,2016-08-01,Wardha,116
9,wheat(husked),2016,September,941,1599,1726,1645,2016-09-01,Wardha,127
10,wheat(husked),2016,October,1377,1623,1748,1682,2016-10-01,Wardha,125
11,wheat(husked),2016,November,1031,1734,1913,1814,2016-11-01,Wardha,179
