,Commodity,Year,Month,arrivals_in_qtl,min_price,max_price,modal_price,date,district_name,diff_price
1,turmeric,2014,October,4700,5570,6530,6050,2014-10-01,Hingoli,960
2,turmeric,2015,January,6780,7461,8515,7894,2015-01-01,Hingoli,1054
3,turmeric,2015,February,4310,6808,7753,7278,2015-02-01,Hingoli,945
4,turmeric,2015,March,540,6000,7400,6700,2015-03-01,Hingoli,1400
5,turmeric,2015,April,9315,6974,8530,7752,2015-04-01,Hingoli,1556
6,turmeric,2015,June,11260,6937,7556,7250,2015-06-01,Hingoli,619
7,turmeric,2015,July,6954,7143,7867,7867,2015-07-01,Hingoli,724
8,turmeric,2015,August,4180,7497,8237,8237,2015-08-01,Hingoli,740
9,turmeric,2015,September,12126,7710,8773,8773,2015-09-01,Hingoli,1063
10,turmeric,2015,October,14570,7380,8798,8798,2015-10-01,Hingoli,1418
11,turmeric,2015,November,1270,8500,10700,10700,2015-11-01,Hingoli,2200
12,turmeric,2015,December,200,7500,9795,9795,2015-12-01,Hingoli,2295
13,turmeric,2016,February,810,8625,9320,9320,2016-02-01,Hingoli,695
14,turmeric,2016,March,5900,8698,9474,9474,2016-03-01,Hingoli,776
15,turmeric,2016,April,21251,8620,9113,9113,2016-04-01,Hingoli,493
16,turmeric,2016,May,22130,8013,8497,8497,2016-05-01,Hingoli,484
17,turmeric,2016,June,12210,7927,8831,8768,2016-06-01,Hingoli,904
18,turmeric,2016,July,2300,8100,8850,8850,2016-07-01,Hingoli,750
19,turmeric,2016,August,7550,7662,8290,8240,2016-08-01,Hingoli,628
20,turmeric,2016,September,9250,6690,7364,7364,2016-09-01,Hingoli,674
21,turmeric,2016,October,8550,7021,7832,7832,2016-10-01,Hingoli,811
22,turmeric,2016,November,4600,7526,8110,8110,2016-11-01,Hingoli,584
