,Commodity,Year,Month,arrivals_in_qtl,min_price,max_price,modal_price,date,district_name,diff_price
0,gram,2015,January,849,2912,3176,3053,2015-01-01,Hingoli,264
1,gram,2015,February,1330,3037,3349,3193,2015-02-01,Hingoli,312
2,gram,2015,March,10950,3158,3525,3324,2015-03-01,Hingoli,367
3,gram,2015,April,9573,3479,3809,3644,2015-04-01,Hingoli,330
4,gram,2015,May,380,3980,4320,4150,2015-05-01,Hingoli,340
5,gram,2015,June,3167,3932,4253,4158,2015-06-01,Hingoli,321
6,gram,2015,July,564,3969,4162,4162,2015-07-01,Hingoli,193
7,gram,2015,August,248,4072,4304,4304,2015-08-01,Hingoli,232
8,gram,2015,September,655,4370,4776,4776,2015-09-01,Hingoli,406
9,gram,2015,October,878,4812,5197,5197,2015-10-01,Hingoli,385
10,gram,2015,November,495,4425,4860,4860,2015-11-01,Hingoli,435
11,gram,2015,December,343,4407,4684,4684,2015-12-01,Hingoli,277
12,gram,2016,January,883,4517,4587,4587,2016-01-01,Hingoli,70
13,gram,2016,February,17299,4134,4334,4334,2016-02-01,Hingoli,200
14,gram,2016,March,4727,4228,4391,4391,2016-03-01,Hingoli,163
15,gram,2016,April,3186,4697,5075,5075,2016-04-01,Hingoli,378
16,gram,2016,May,1980,5433,5746,5746,2016-05-01,Hingoli,313
17,gram,2016,June,1502,6119,6639,6608,2016-06-01,Hingoli,520
18,gram,2016,July,151,7050,7767,7767,2016-07-01,Hingoli,717
19,gram,2016,August,515,6945,7340,7245,2016-08-01,Hingoli,395
20,gram,2016,September,169,7588,8161,8161,2016-09-01,Hingoli,573
22,gram,2016,November,231,7536,8162,8162,2016-11-01,Hingoli,626
