,Commodity,Year,Month,arrivals_in_qtl,min_price,max_price,modal_price,date,district_name,diff_price
0,pigeon pea (tur),2014,September,10236,4456,5095,4679,2014-09-01,Wardha,639
1,pigeon pea (tur),2014,October,4222,4483,5087,4785,2014-10-01,Wardha,604
2,pigeon pea (tur),2014,November,1284,4512,4976,4744,2014-11-01,Wardha,464
3,pigeon pea (tur),2014,December,369,4184,4441,4312,2014-12-01,Wardha,257
4,pigeon pea (tur),2015,January,37484,4666,5314,4998,2015-01-01,Wardha,648
5,pigeon pea (tur),2015,February,127364,4828,5844,5336,2015-02-01,Wardha,1016
6,pigeon pea (tur),2015,March,86773,5400,6228,5814,2015-03-01,Wardha,828
7,pigeon pea (tur),2015,April,54535,5639,7002,6320,2015-04-01,Wardha,1363
8,pigeon pea (tur),2015,May,27278,6000,7520,6760,2015-05-01,Wardha,1520
9,pigeon pea (tur),2015,June,16466,6045,7568,6856,2015-06-01,Wardha,1523
10,pigeon pea (tur),2015,July,5550,6152,7492,7167,2015-07-01,Wardha,1340
11,pigeon pea (tur),2015,August,3773,7011,8866,8411,2015-08-01,Wardha,1855
12,pigeon pea (tur),2015,September,1484,7281,9332,8613,2015-09-01,Wardha,2051
13,pigeon pea (tur),2015,October,665,8690,10522,9952,2015-10-01,Wardha,1832
14,pigeon pea (tur),2015,November,298,6427,7340,6867,2015-11-01,Wardha,913
15,pigeon pea (tur),2015,December,6490,7126,8219,7694,2015-12-01,Wardha,1093
16,pigeon pea (tur),2016,January,94455,7100,9406,8425,2016-01-01,Wardha,2306
17,pigeon pea (tur),2016,February,64060,6725,8414,7758,2016-02-01,Wardha,1689
18,pigeon pea (tur),2016,March,62840,7016,8376,7600,2016-03-01,Wardha,1360
19,pigeon pea (tur),2016,April,72103,7944,9302,8366,2016-04-01,Wardha,1358
20,pigeon pea (tur),2016,May,68733,7865,9019,8246,2016-05-01,Wardha,1154
21,pigeon pea (tur),2016,June,34614,7939,8925,8358,2016-06-01,Wardha,986
22,pigeon pea (tur),2016,July,35120,7578,8435,7950,2016-07-01,Wardha,857
23,pigeon pea (tur),2016,August,14602,5510,6433,5936,2016-08-01,Wardha,923
24,pigeon pea (tur),2016,September,16358,5775,6816,6214,2016-09-01,Wardha,1041
25,pigeon pea (tur),2016,October,16447,5629,6527,5974,2016-10-01,Wardha,898
26,pigeon pea (tur),2016,November,7632,5165,5841,5405,2016-11-01,Wardha,676
