,Commodity,Year,Month,arrivals_in_qtl,min_price,max_price,modal_price,date,district_name,diff_price
0,soybean,2014,September,13519,2878,3484,3181,2014-09-01,Wardha,606
1,soybean,2014,October,19088,2751,3207,2979,2014-10-01,Wardha,456
2,soybean,2014,November,76240,2665,3377,3021,2014-11-01,Wardha,712
3,soybean,2014,December,41022,2793,3315,3054,2014-12-01,Wardha,522
4,soybean,2015,January,35069,2800,3375,3087,2015-01-01,Wardha,575
5,soybean,2015,February,45795,2800,3385,3093,2015-02-01,Wardha,585
6,soybean,2015,March,47385,2800,3354,3077,2015-03-01,Wardha,554
7,soybean,2015,April,41491,2856,3748,3300,2015-04-01,Wardha,892
8,soybean,2015,May,53772,3015,4011,3513,2015-05-01,Wardha,996
9,soybean,2015,June,35689,3016,3609,3338,2015-06-01,Wardha,593
10,soybean,2015,July,17901,3011,3494,3305,2015-07-01,Wardha,483
11,soybean,2015,August,11508,2943,3283,3118,2015-08-01,Wardha,340
12,soybean,2015,September,12019,2993,3303,3168,2015-09-01,Wardha,310
13,soybean,2015,October,125223,3053,3753,3496,2015-10-01,Wardha,700
14,soybean,2015,November,61610,3000,3725,3325,2015-11-01,Wardha,725
15,soybean,2015,December,45698,3010,3714,3355,2015-12-01,Wardha,704
16,soybean,2016,January,51144,3000,3783,3379,2016-01-01,Wardha,783
17,soybean,2016,February,58364,3000,3758,3260,2016-02-01,Wardha,758
18,soybean,2016,March,43211,3026,3743,3274,2016-03-01,Wardha,717
19,soybean,2016,April,45532,3188,4020,3469,2016-04-01,Wardha,832
20,soybean,2016,May,59445,3181,3858,3417,2016-05-01,Wardha,677
21,soybean,2016,June,23601,3138,3769,3389,2016-06-01,Wardha,631
22,soybean,2016,July,14574,3039,3590,3241,2016-07-01,Wardha,551
23,soybean,2016,August,13950,2962,3475,3171,2016-08-01,Wardha,513
24,soybean,2016,September,7954,2813,3266,3022,2016-09-01,Wardha,453
25,soybean,2016,October,76119,2625,3067,2846,2016-10-01,Wardha,442
26,soybean,2016,November,149138,2440,2933,2723,2016-11-01,Wardha,493
