,Commodity,Year,Month,arrivals_in_qtl,min_price,max_price,modal_price,date,district_name,diff_price
0,soybean,2014,November,134,2953,3263,3108,2014-11-01,Nagpur,310
1,soybean,2014,December,237,2895,3240,3068,2014-12-01,Nagpur,345
2,soybean,2015,January,109,2950,3350,3150,2015-01-01,Nagpur,400
3,soybean,2015,February,11,3084,3167,3134,2015-02-01,Nagpur,83
4,soybean,2015,April,1,3200,3200,3200,2015-04-01,Nagpur,0
5,soybean,2015,July,3,3100,3100,3100,2015-07-01,Nagpur,0
7,soybean,2015,November,118,3038,3500,3397,2015-11-01,Nagpur,462
8,soybean,2015,December,28,3083,3567,3400,2015-12-01,Nagpur,484
9,soybean,2016,January,19,3263,3550,3288,2016-01-01,Nagpur,287
10,soybean,2016,February,1,3150,3150,3150,2016-02-01,Nagpur,0
