,Commodity,Year,Month,arrivals_in_qtl,min_price,max_price,modal_price,date,district_name,diff_price
0,cotton,2015,January,12585,3956,3970,3963,2015-01-01,Hingoli,14
1,cotton,2015,February,15025,3932,3951,3940,2015-02-01,Hingoli,19
2,cotton,2015,March,760,4020,4054,4037,2015-03-01,Hingoli,34
3,cotton,2015,April,170,4150,4436,4293,2015-04-01,Hingoli,286
4,cotton,2015,November,25,4200,4200,4200,2015-11-01,Hingoli,0
5,cotton,2015,December,765,4707,4769,4769,2015-12-01,Hingoli,62
6,cotton,2016,January,1600,4550,4632,4632,2016-01-01,Hingoli,82
7,cotton,2016,February,5905,4443,4556,4556,2016-02-01,Hingoli,113
8,cotton,2016,March,455,4452,4499,4499,2016-03-01,Hingoli,47
