,Commodity,Year,Month,arrivals_in_qtl,min_price,max_price,modal_price,date,district_name,diff_price
0,wheat(husked),2014,September,2706,1498,1729,1609,2014-09-01,Hingoli,231
1,wheat(husked),2014,October,37,1465,1635,1550,2014-10-01,Hingoli,170
2,wheat(husked),2014,December,891,1396,1791,1593,2014-12-01,Hingoli,395
3,wheat(husked),2015,January,739,1492,1963,1728,2015-01-01,Hingoli,471
4,wheat(husked),2015,February,1253,1430,1872,1652,2015-02-01,Hingoli,442
5,wheat(husked),2015,March,1805,1499,1833,1662,2015-03-01,Hingoli,334
6,wheat(husked),2015,April,3100,1448,2260,1852,2015-04-01,Hingoli,812
7,wheat(husked),2015,June,1726,1424,1969,1712,2015-06-01,Hingoli,545
8,wheat(husked),2015,July,1024,1724,1947,1947,2015-07-01,Hingoli,223
9,wheat(husked),2015,August,422,1837,1837,1837,2015-08-01,Hingoli,0
10,wheat(husked),2015,September,766,1948,2000,2000,2015-09-01,Hingoli,52
11,wheat(husked),2015,October,539,2003,2003,2003,2015-10-01,Hingoli,0
12,wheat(husked),2015,November,775,2103,2103,2103,2015-11-01,Hingoli,0
13,wheat(husked),2015,December,651,2035,2035,2035,2015-12-01,Hingoli,0
14,wheat(husked),2016,January,40,2075,2075,2075,2016-01-01,Hingoli,0
15,wheat(husked),2016,February,435,2109,2109,2109,2016-02-01,Hingoli,0
16,wheat(husked),2016,March,545,2342,2342,2342,2016-03-01,Hingoli,0
17,wheat(husked),2016,April,208,2385,2385,2385,2016-04-01,Hingoli,0
18,wheat(husked),2016,May,220,2325,2325,2325,2016-05-01,Hingoli,0
19,wheat(husked),2016,June,325,2200,2268,2234,2016-06-01,Hingoli,68
20,wheat(husked),2016,July,38,2223,2223,2223,2016-07-01,Hingoli,0
21,wheat(husked),2016,August,50,2045,2045,2045,2016-08-01,Hingoli,0
22,wheat(husked),2016,September,277,2155,2155,2155,2016-09-01,Hingoli,0
23,wheat(husked),2016,October,197,2140,2140,2140,2016-10-01,Hingoli,0
24,wheat(husked),2016,November,106,2245,2245,2245,2016-11-01,Hingoli,0
