,Commodity,Year,Month,arrivals_in_qtl,min_price,max_price,modal_price,date,district_name,diff_price
0,cotton,2015,October,34406,4119,4221,4170,2015-10-01,Wardha,102
1,cotton,2015,November,293770,4002,4138,4070,2015-11-01,Wardha,136
2,cotton,2015,December,394829,4076,4378,4211,2015-12-01,Wardha,302
3,cotton,2016,January,254142,4116,4712,4317,2016-01-01,Wardha,596
4,cotton,2016,February,270000,4088,4637,4271,2016-02-01,Wardha,549
5,cotton,2016,March,184342,4100,4720,4285,2016-03-01,Wardha,620
6,cotton,2016,April,172500,4105,5061,4302,2016-04-01,Wardha,956
