,Commodity,Year,Month,arrivals_in_qtl,min_price,max_price,modal_price,date,district_name,diff_price
0,ground nut pods (dry),2014,September,1742,3638,4077,3857,2014-09-01,Hingoli,439
1,ground nut pods (dry),2014,October,136,3503,3863,3683,2014-10-01,Hingoli,360
2,ground nut pods (dry),2015,May,890,4840,5550,5195,2015-05-01,Hingoli,710
3,ground nut pods (dry),2015,June,8490,5203,5653,5446,2015-06-01,Hingoli,450
4,ground nut pods (dry),2015,July,1400,5106,5427,5427,2015-07-01,Hingoli,321
5,ground nut pods (dry),2015,August,288,5345,5649,5649,2015-08-01,Hingoli,304
6,ground nut pods (dry),2015,September,15,5750,5750,5750,2015-09-01,Hingoli,0
7,ground nut pods (dry),2016,May,2254,5026,5472,5472,2016-05-01,Hingoli,446
8,ground nut pods (dry),2016,June,3841,5617,6069,6027,2016-06-01,Hingoli,452
9,ground nut pods (dry),2016,July,200,5235,5739,5739,2016-07-01,Hingoli,504
10,ground nut pods (dry),2016,August,330,5392,5726,5613,2016-08-01,Hingoli,334
11,ground nut pods (dry),2016,September,147,4615,4763,4763,2016-09-01,Hingoli,148
12,ground nut pods (dry),2016,October,6,4475,4475,4475,2016-10-01,Hingoli,0
