,Commodity,Year,Month,arrivals_in_qtl,min_price,max_price,modal_price,date,district_name,diff_price
0,sorgum(jawar),2014,October,11,1080,1590,1335,2014-10-01,Hingoli,510
1,sorgum(jawar),2014,December,124,1273,1709,1491,2014-12-01,Hingoli,436
2,sorgum(jawar),2015,January,162,1482,1748,1615,2015-01-01,Hingoli,266
3,sorgum(jawar),2015,February,214,1274,1542,1409,2015-02-01,Hingoli,268
4,sorgum(jawar),2015,March,261,1280,1618,1451,2015-03-01,Hingoli,338
5,sorgum(jawar),2015,April,473,1244,1695,1469,2015-04-01,Hingoli,451
6,sorgum(jawar),2015,June,833,1164,1559,1356,2015-06-01,Hingoli,395
7,sorgum(jawar),2015,July,197,1486,1603,1603,2015-07-01,Hingoli,117
8,sorgum(jawar),2015,September,890,1668,1721,1721,2015-09-01,Hingoli,53
9,sorgum(jawar),2015,October,373,1738,1738,1738,2015-10-01,Hingoli,0
10,sorgum(jawar),2015,November,555,1774,1774,1774,2015-11-01,Hingoli,0
11,sorgum(jawar),2015,December,160,1700,1700,1700,2015-12-01,Hingoli,0
12,sorgum(jawar),2016,January,25,1650,1650,1650,2016-01-01,Hingoli,0
13,sorgum(jawar),2016,February,125,1675,1675,1675,2016-02-01,Hingoli,0
14,sorgum(jawar),2016,April,151,2060,2060,2060,2016-04-01,Hingoli,0
15,sorgum(jawar),2016,May,120,1700,1700,1700,2016-05-01,Hingoli,0
16,sorgum(jawar),2016,June,195,1680,1680,1680,2016-06-01,Hingoli,0
17,sorgum(jawar),2016,July,51,1788,1788,1788,2016-07-01,Hingoli,0
18,sorgum(jawar),2016,September,105,1800,1800,1800,2016-09-01,Hingoli,0
19,sorgum(jawar),2016,November,14,2095,2095,2095,2016-11-01,Hingoli,0
