,Commodity,Year,Month,arrivals_in_qtl,min_price,max_price,modal_price,date,district_name,diff_price
0,pigeon pea (tur),2014,September,1417,4459,5045,4752,2014-09-01,Hingoli,586
1,pigeon pea (tur),2014,October,160,4360,4969,4664,2014-10-01,Hingoli,609
2,pigeon pea (tur),2014,December,269,4205,4705,4455,2014-12-01,Hingoli,500
3,pigeon pea (tur),2015,January,10967,5083,5486,5295,2015-01-01,Hingoli,403
4,pigeon pea (tur),2015,February,16639,5534,5955,5753,2015-02-01,Hingoli,421
5,pigeon pea (tur),2015,March,5850,5761,6191,5981,2015-03-01,Hingoli,430
6,pigeon pea (tur),2015,April,6276,5993,6701,6338,2015-04-01,Hingoli,708
7,pigeon pea (tur),2015,May,460,6260,7680,6945,2015-05-01,Hingoli,1420
8,pigeon pea (tur),2015,June,6906,6702,7402,7081,2015-06-01,Hingoli,700
9,pigeon pea (tur),2015,July,1323,6960,7402,7402,2015-07-01,Hingoli,442
10,pigeon pea (tur),2015,August,345,7732,8424,8424,2015-08-01,Hingoli,692
11,pigeon pea (tur),2015,September,310,8350,9373,9373,2015-09-01,Hingoli,1023
12,pigeon pea (tur),2015,October,21,8447,9769,9769,2015-10-01,Hingoli,1322
13,pigeon pea (tur),2015,November,38,7210,7835,7835,2015-11-01,Hingoli,625
14,pigeon pea (tur),2015,December,12622,8135,9505,9505,2015-12-01,Hingoli,1370
15,pigeon pea (tur),2016,January,6366,8525,9230,9230,2016-01-01,Hingoli,705
16,pigeon pea (tur),2016,February,8989,8160,8500,8500,2016-02-01,Hingoli,340
17,pigeon pea (tur),2016,March,3175,8073,8338,8338,2016-03-01,Hingoli,265
18,pigeon pea (tur),2016,April,7456,8514,9155,9155,2016-04-01,Hingoli,641
19,pigeon pea (tur),2016,May,4249,8672,8985,8985,2016-05-01,Hingoli,313
20,pigeon pea (tur),2016,June,4517,8548,9068,9039,2016-06-01,Hingoli,520
21,pigeon pea (tur),2016,July,1190,8600,9132,9132,2016-07-01,Hingoli,532
22,pigeon pea (tur),2016,August,918,6121,6560,6380,2016-08-01,Hingoli,439
23,pigeon pea (tur),2016,September,2690,6191,6743,6743,2016-09-01,Hingoli,552
24,pigeon pea (tur),2016,October,2610,6144,6797,6682,2016-10-01,Hingoli,653
25,pigeon pea (tur),2016,November,330,5215,6066,6066,2016-11-01,Hingoli,851
