,Commodity,Year,Month,arrivals_in_qtl,min_price,max_price,modal_price,date,district_name,diff_price
0,green gram,2014,November,1,8000,8000,8000,2014-11-01,Pune,0
1,green gram,2015,April,28,6200,8451,7900,2015-04-01,Pune,2251
2,green gram,2015,June,30,5629,6136,5829,2015-06-01,Pune,507
3,green gram,2015,July,10,5283,5817,5417,2015-07-01,Pune,534
4,green gram,2015,August,7,5110,5780,5420,2015-08-01,Pune,670
5,green gram,2015,September,4,6500,6500,6500,2015-09-01,Pune,0
6,green gram,2015,October,5,6400,6400,6400,2015-10-01,Pune,0
7,green gram,2016,April,27,6361,6871,6771,2016-04-01,Pune,510
8,green gram,2016,May,117,5896,6719,6505,2016-05-01,Pune,823
9,green gram,2016,June,29,5609,6050,5789,2016-06-01,Pune,441
10,green gram,2016,August,14,5000,5300,5000,2016-08-01,Pune,300
11,green gram,2016,September,17,4175,4575,4411,2016-09-01,Pune,400
12,green gram,2016,October,7,4150,4700,4400,2016-10-01,Pune,550
13,green gram,2016,November,2,4000,4000,4000,2016-11-01,Pune,0
