,Commodity,Year,Month,arrivals_in_qtl,min_price,max_price,modal_price,date,district_name,diff_price
0,sorgum(jawar),2014,November,71,1100,3000,2251,2014-11-01,Pune,1900
1,sorgum(jawar),2015,April,3569,1558,2553,2053,2015-04-01,Pune,995
2,sorgum(jawar),2015,May,1249,1606,2475,1961,2015-05-01,Pune,869
5,sorgum(jawar),2015,August,93,1618,2374,2036,2015-08-01,Pune,756
6,sorgum(jawar),2015,September,226,1641,2353,2019,2015-09-01,Pune,712
7,sorgum(jawar),2015,October,364,1617,2433,2104,2015-10-01,Pune,816
8,sorgum(jawar),2015,November,189,1808,2536,2155,2015-11-01,Pune,728
9,sorgum(jawar),2015,December,199,1917,2604,2311,2015-12-01,Pune,687
10,sorgum(jawar),2016,January,197,1921,2567,2225,2016-01-01,Pune,646
11,sorgum(jawar),2016,February,769,1765,2553,2123,2016-02-01,Pune,788
12,sorgum(jawar),2016,March,1506,1871,2794,2163,2016-03-01,Pune,923
13,sorgum(jawar),2016,April,1785,1765,2822,2232,2016-04-01,Pune,1057
14,sorgum(jawar),2016,May,1558,1810,2557,2120,2016-05-01,Pune,747
15,sorgum(jawar),2016,June,502,1826,2630,2141,2016-06-01,Pune,804
16,sorgum(jawar),2016,July,26,1875,2451,2101,2016-07-01,Pune,576
17,sorgum(jawar),2016,August,379,1783,2625,2138,2016-08-01,Pune,842
18,sorgum(jawar),2016,September,126,1751,2330,2094,2016-09-01,Pune,579
19,sorgum(jawar),2016,October,237,1818,2515,2091,2016-10-01,Pune,697
