,Commodity,Year,Month,arrivals_in_qtl,min_price,max_price,modal_price,date,district_name,diff_price
0,rice(paddy-hus),2015,April,31,1280,1441,1440,2015-04-01,Pune,161
1,rice(paddy-hus),2015,June,2,1176,1176,1176,2015-06-01,Pune,0
2,rice(paddy-hus),2015,August,3,1168,1168,1168,2015-08-01,Pune,0
3,rice(paddy-hus),2015,September,2,1175,1175,1175,2015-09-01,Pune,0
4,rice(paddy-hus),2015,October,2,1150,1150,1150,2015-10-01,Pune,0
5,rice(paddy-hus),2015,November,2,1200,1200,1200,2015-11-01,Pune,0
6,rice(paddy-hus),2015,December,2,1129,1179,1179,2015-12-01,Pune,50
7,rice(paddy-hus),2016,January,1,1125,1125,1125,2016-01-01,Pune,0
8,rice(paddy-hus),2016,March,1,1300,1300,1300,2016-03-01,Pune,0
9,rice(paddy-hus),2016,April,1,1400,1400,1400,2016-04-01,Pune,0
10,rice(paddy-hus),2016,May,63,1410,1508,1500,2016-05-01,Pune,98
11,rice(paddy-hus),2016,June,1,1371,1371,1371,2016-06-01,Pune,0
12,rice(paddy-hus),2016,October,2,1176,1200,1176,2016-10-01,Pune,24
