,Commodity,Year,Month,arrivals_in_qtl,min_price,max_price,modal_price,date,district_name,diff_price
0,green gram,2014,November,4,6725,7375,7375,2014-11-01,Pune,650
2,green gram,2015,March,1,6000,6000,6000,2015-03-01,Pune,0
3,green gram,2015,April,35,7200,7950,7550,2015-04-01,Pune,750
4,green gram,2015,May,33,6000,7700,7400,2015-05-01,Pune,1700
5,green gram,2015,June,54,5267,6883,6334,2015-06-01,Pune,1616
6,green gram,2015,August,17,5250,7110,6440,2015-08-01,Pune,1860
7,green gram,2015,September,15,5800,6633,6433,2015-09-01,Pune,833
8,green gram,2015,October,7,6767,8367,7917,2015-10-01,Pune,1600
9,green gram,2015,November,2,5675,5675,5675,2015-11-01,Pune,0
10,green gram,2015,December,2,5800,5800,5800,2015-12-01,Pune,0
11,green gram,2016,January,1,6500,7350,7350,2016-01-01,Pune,850
12,green gram,2016,March,2,7500,7500,7500,2016-03-01,Pune,0
13,green gram,2016,April,19,6375,7908,7425,2016-04-01,Pune,1533
14,green gram,2016,May,84,5875,7513,6925,2016-05-01,Pune,1638
15,green gram,2016,June,24,5560,6580,6230,2016-06-01,Pune,1020
16,green gram,2016,July,12,6000,7100,6150,2016-07-01,Pune,1100
17,green gram,2016,August,14,4950,5151,5151,2016-08-01,Pune,201
18,green gram,2016,September,120,4125,5163,4763,2016-09-01,Pune,1038
19,green gram,2016,October,14,4200,4900,4550,2016-10-01,Pune,700
20,green gram,2016,November,3,4050,4200,4050,2016-11-01,Pune,150
