,Commodity,Year,Month,arrivals_in_qtl,min_price,max_price,modal_price,date,district_name,diff_price
0,chillies(red),2015,June,1,6700,6700,6700,2015-06-01,Pune,0
1,chillies(red),2015,September,3,4267,4267,4267,2015-09-01,Pune,0
2,chillies(red),2015,December,3,6567,7533,6567,2015-12-01,Pune,966
3,chillies(red),2016,January,1,7000,7000,7000,2016-01-01,Pune,0
4,chillies(red),2016,February,1,9500,10300,10300,2016-02-01,Pune,800
5,chillies(red),2016,April,1,8600,8600,8600,2016-04-01,Pune,0
6,chillies(red),2016,May,1,9000,9500,9000,2016-05-01,Pune,500
7,chillies(red),2016,October,1,7500,9600,9600,2016-10-01,Pune,2100
8,chillies(red),2016,November,1,7100,7100,7100,2016-11-01,Pune,0
