,Commodity,Year,Month,arrivals_in_qtl,min_price,max_price,modal_price,date,district_name,diff_price
0,maize,2015,August,236,1461,1522,1516,2015-08-01,Pune,61
1,maize,2015,September,312,1497,1599,1588,2015-09-01,Pune,102
2,maize,2015,October,1608,1382,1469,1460,2015-10-01,Pune,87
3,maize,2015,November,1276,1472,1529,1518,2015-11-01,Pune,57
4,maize,2015,December,1878,1453,1542,1525,2015-12-01,Pune,89
5,maize,2016,January,1787,1458,1521,1510,2016-01-01,Pune,63
6,maize,2016,February,2272,1374,1739,1514,2016-02-01,Pune,365
7,maize,2016,March,4264,1380,1446,1435,2016-03-01,Pune,66
8,maize,2016,April,940,1436,1495,1484,2016-04-01,Pune,59
9,maize,2016,May,808,1531,1566,1553,2016-05-01,Pune,35
10,maize,2016,June,338,1631,1698,1689,2016-06-01,Pune,67
11,maize,2016,July,38,1731,1785,1771,2016-07-01,Pune,54
12,maize,2016,August,100,1610,1688,1644,2016-08-01,Pune,78
13,maize,2016,September,90,1593,1679,1671,2016-09-01,Pune,86
14,maize,2016,October,25,1600,1725,1711,2016-10-01,Pune,125
