,Commodity,Year,Month,arrivals_in_qtl,min_price,max_price,modal_price,date,district_name,diff_price
0,sunflower,2014,November,40,2470,2690,2590,2014-11-01,Pune,220
1,sunflower,2014,December,2,2800,2850,2850,2014-12-01,Pune,50
2,sunflower,2015,January,3,3100,3100,3100,2015-01-01,Pune,0
3,sunflower,2015,March,9,2650,2684,2684,2015-03-01,Pune,34
4,sunflower,2015,April,11,2700,2876,2850,2015-04-01,Pune,176
5,sunflower,2015,May,8,2550,2976,2976,2015-05-01,Pune,426
6,sunflower,2015,June,14,2783,2950,2833,2015-06-01,Pune,167
7,sunflower,2015,August,2,3000,3000,3000,2015-08-01,Pune,0
8,sunflower,2015,September,21,2750,3100,3100,2015-09-01,Pune,350
9,sunflower,2015,October,15,2963,3263,3150,2015-10-01,Pune,300
10,sunflower,2015,November,15,2888,3203,3025,2015-11-01,Pune,315
11,sunflower,2015,December,6,2933,3184,3184,2015-12-01,Pune,251
12,sunflower,2016,January,6,2825,3001,2888,2016-01-01,Pune,176
13,sunflower,2016,February,3,3050,3050,3050,2016-02-01,Pune,0
14,sunflower,2016,March,1,3000,3000,3000,2016-03-01,Pune,0
15,sunflower,2016,April,17,3011,3211,3211,2016-04-01,Pune,200
16,sunflower,2016,May,7,3226,3226,3226,2016-05-01,Pune,0
17,sunflower,2016,June,15,3256,3351,3331,2016-06-01,Pune,95
18,sunflower,2016,September,9,2700,2750,2750,2016-09-01,Pune,50
19,sunflower,2016,October,128,2300,2726,2600,2016-10-01,Pune,426
20,sunflower,2016,November,9,2500,2950,2700,2016-11-01,Pune,450
