,Commodity,Year,Month,arrivals_in_qtl,min_price,max_price,modal_price,date,district_name,diff_price
1,wheat(husked),2015,June,469,1436,2395,2079,2015-06-01,Pune,959
2,wheat(husked),2015,July,432,1419,2305,1938,2015-07-01,Pune,886
3,wheat(husked),2015,August,160,1483,2348,2048,2015-08-01,Pune,865
4,wheat(husked),2015,September,83,1546,2337,2055,2015-09-01,Pune,791
5,wheat(husked),2015,October,187,1492,2471,2111,2015-10-01,Pune,979
6,wheat(husked),2015,November,122,1487,2511,2111,2015-11-01,Pune,1024
7,wheat(husked),2015,December,150,1531,2504,2193,2015-12-01,Pune,973
8,wheat(husked),2016,January,103,1561,2482,2121,2016-01-01,Pune,921
9,wheat(husked),2016,February,146,1623,2451,2114,2016-02-01,Pune,828
10,wheat(husked),2016,March,742,1638,2433,2038,2016-03-01,Pune,795
11,wheat(husked),2016,April,1647,1558,2457,2179,2016-04-01,Pune,899
12,wheat(husked),2016,May,1251,1665,2418,2059,2016-05-01,Pune,753
13,wheat(husked),2016,June,372,1638,2375,2080,2016-06-01,Pune,737
14,wheat(husked),2016,July,19,1721,2351,2075,2016-07-01,Pune,630
15,wheat(husked),2016,August,85,1581,2363,2073,2016-08-01,Pune,782
16,wheat(husked),2016,September,63,1657,2423,2163,2016-09-01,Pune,766
17,wheat(husked),2016,October,34,1651,2551,2263,2016-10-01,Pune,900
