,Commodity,Year,Month,arrivals_in_qtl,min_price,max_price,modal_price,date,district_name,diff_price
0,sorgum(jawar),2015,August,9,1151,1366,1256,2015-08-01,Pune,215
1,sorgum(jawar),2015,September,34,1176,1843,1425,2015-09-01,Pune,667
2,sorgum(jawar),2015,October,33,1190,1826,1610,2015-10-01,Pune,636
3,sorgum(jawar),2015,November,8,1375,2156,1513,2015-11-01,Pune,781
4,sorgum(jawar),2015,December,7,1551,1775,1711,2015-12-01,Pune,224
5,sorgum(jawar),2016,January,7,1129,1304,1304,2016-01-01,Pune,175
6,sorgum(jawar),2016,February,17,1504,1859,1765,2016-02-01,Pune,355
7,sorgum(jawar),2016,March,4,1721,2275,1961,2016-03-01,Pune,554
8,sorgum(jawar),2016,April,58,1528,2274,1992,2016-04-01,Pune,746
9,sorgum(jawar),2016,May,38,1843,2135,2125,2016-05-01,Pune,292
10,sorgum(jawar),2016,June,21,1653,1877,1809,2016-06-01,Pune,224
11,sorgum(jawar),2016,August,8,1750,1934,1859,2016-08-01,Pune,184
12,sorgum(jawar),2016,September,23,1626,1838,1744,2016-09-01,Pune,212
13,sorgum(jawar),2016,October,10,1600,2200,1700,2016-10-01,Pune,600
