,Commodity,Year,Month,arrivals_in_qtl,min_price,max_price,modal_price,date,district_name,diff_price
0,green peas (dry),2015,January,1,1201,1201,1201,2015-01-01,Pune,0
1,green peas (dry),2015,March,1,1900,1900,1900,2015-03-01,Pune,0
2,green peas (dry),2015,June,1,2800,2800,2800,2015-06-01,Pune,0
3,green peas (dry),2015,August,1,2500,2500,2500,2015-08-01,Pune,0
4,green peas (dry),2015,September,3,1933,2500,2200,2015-09-01,Pune,567
5,green peas (dry),2015,October,4,2033,2500,2400,2015-10-01,Pune,467
6,green peas (dry),2015,November,2,1450,1600,1600,2015-11-01,Pune,150
7,green peas (dry),2015,December,3,1400,1900,1900,2015-12-01,Pune,500
8,green peas (dry),2016,January,2,2001,2001,2001,2016-01-01,Pune,0
9,green peas (dry),2016,February,1,1100,1100,1100,2016-02-01,Pune,0
10,green peas (dry),2016,March,5,1575,1575,1575,2016-03-01,Pune,0
11,green peas (dry),2016,April,2,1900,1900,1900,2016-04-01,Pune,0
12,green peas (dry),2016,June,1,3001,3001,3001,2016-06-01,Pune,0
13,green peas (dry),2016,July,1,3100,3100,3100,2016-07-01,Pune,0
14,green peas (dry),2016,August,4,2400,2733,2733,2016-08-01,Pune,333
15,green peas (dry),2016,September,3,1833,1833,1833,2016-09-01,Pune,0
16,green peas (dry),2016,October,4,1675,2400,2400,2016-10-01,Pune,725
