,Commodity,Year,Month,arrivals_in_qtl,min_price,max_price,modal_price,date,district_name,diff_price
0,horse gram,2014,November,5,2667,3367,2783,2014-11-01,Pune,700
1,horse gram,2014,December,5,2976,3351,3276,2014-12-01,Pune,375
2,horse gram,2015,January,2,3900,3975,3900,2015-01-01,Pune,75
3,horse gram,2015,May,1,1500,2100,2100,2015-05-01,Pune,600
4,horse gram,2015,June,3,2800,3000,3000,2015-06-01,Pune,200
5,horse gram,2015,August,2,2250,2250,2250,2015-08-01,Pune,0
6,horse gram,2015,September,1,2000,2000,2000,2015-09-01,Pune,0
7,horse gram,2015,November,7,3863,4125,4076,2015-11-01,Pune,262
8,horse gram,2015,December,11,2813,3520,3358,2015-12-01,Pune,707
9,horse gram,2016,January,4,3078,3413,3403,2016-01-01,Pune,335
10,horse gram,2016,February,4,2767,2767,2767,2016-02-01,Pune,0
11,horse gram,2016,March,2,2101,2551,2551,2016-03-01,Pune,450
12,horse gram,2016,April,1,3000,3000,3000,2016-04-01,Pune,0
13,horse gram,2016,May,2,2750,2750,2750,2016-05-01,Pune,0
14,horse gram,2016,June,2,1926,1926,1926,2016-06-01,Pune,0
15,horse gram,2016,July,1,3000,3000,3000,2016-07-01,Pune,0
16,horse gram,2016,September,3,3068,3401,3168,2016-09-01,Pune,333
17,horse gram,2016,October,2,3100,3100,3100,2016-10-01,Pune,0
18,horse gram,2016,November,1,2801,4100,4100,2016-11-01,Pune,1299
