,Commodity,Year,Month,arrivals_in_qtl,min_price,max_price,modal_price,date,district_name,diff_price
0,pomegranate,2014,September,6442,1667,7867,3233,2014-09-01,Pune,6200
1,pomegranate,2014,October,937,2000,10000,3000,2014-10-01,Pune,8000
2,pomegranate,2014,November,5686,2188,12725,3688,2014-11-01,Pune,10537
3,pomegranate,2014,December,6391,2056,12478,3522,2014-12-01,Pune,10422
4,pomegranate,2015,January,8083,1808,10754,3454,2015-01-01,Pune,8946
5,pomegranate,2015,February,8336,2233,12475,4283,2015-02-01,Pune,10242
6,pomegranate,2015,March,4913,2108,13400,5250,2015-03-01,Pune,11292
7,pomegranate,2015,April,3133,1917,12300,5333,2015-04-01,Pune,10383
8,pomegranate,2015,May,708,1500,9000,2700,2015-05-01,Pune,7500
9,pomegranate,2015,June,16070,1225,9025,3008,2015-06-01,Pune,7800
10,pomegranate,2015,July,23505,1292,8092,2883,2015-07-01,Pune,6800
11,pomegranate,2015,August,25847,1754,9623,3438,2015-08-01,Pune,7869
12,pomegranate,2015,September,19371,2577,13223,4685,2015-09-01,Pune,10646
13,pomegranate,2015,October,17682,2264,13355,4909,2015-10-01,Pune,11091
14,pomegranate,2015,November,13522,1388,10338,3538,2015-11-01,Pune,8950
15,pomegranate,2015,December,25132,1571,11664,3129,2015-12-01,Pune,10093
16,pomegranate,2016,January,13481,1917,11842,3458,2016-01-01,Pune,9925
17,pomegranate,2016,February,14559,1985,12200,3262,2016-02-01,Pune,10215
18,pomegranate,2016,March,11294,1575,10775,2913,2016-03-01,Pune,9200
19,pomegranate,2016,April,16975,1120,9050,2170,2016-04-01,Pune,7930
20,pomegranate,2016,May,7448,958,10367,2259,2016-05-01,Pune,9409
21,pomegranate,2016,June,11856,1077,10631,2308,2016-06-01,Pune,9554
22,pomegranate,2016,July,11360,1050,10550,2510,2016-07-01,Pune,9500
23,pomegranate,2016,August,9897,2000,13464,3418,2016-08-01,Pune,11464
24,pomegranate,2016,September,7772,1963,19638,4188,2016-09-01,Pune,17675
25,pomegranate,2016,October,9096,1500,15360,3320,2016-10-01,Pune,13860
26,pomegranate,2016,November,14983,1743,16443,4143,2016-11-01,Pune,14700
