,Commodity,Year,Month,arrivals_in_qtl,min_price,max_price,modal_price,date,district_name,diff_price
0,chillies(red),2014,November,3,3667,4500,4500,2014-11-01,Pune,833
1,chillies(red),2015,March,1,9500,9500,9500,2015-03-01,Pune,0
2,chillies(red),2015,June,2,7500,7500,7500,2015-06-01,Pune,0
3,chillies(red),2015,August,3,7333,9167,8167,2015-08-01,Pune,1834
4,chillies(red),2015,September,12,8200,9000,8833,2015-09-01,Pune,800
5,chillies(red),2015,October,3,8600,10000,10000,2015-10-01,Pune,1400
6,chillies(red),2015,November,3,8033,10467,10333,2015-11-01,Pune,2434
7,chillies(red),2015,December,4,8775,10128,10128,2015-12-01,Pune,1353
8,chillies(red),2016,January,2,9400,9400,9400,2016-01-01,Pune,0
9,chillies(red),2016,March,1,11000,11000,11000,2016-03-01,Pune,0
10,chillies(red),2016,May,1,9200,9200,9200,2016-05-01,Pune,0
11,chillies(red),2016,July,1,5500,6400,6400,2016-07-01,Pune,900
12,chillies(red),2016,August,2,7944,7944,7944,2016-08-01,Pune,0
13,chillies(red),2016,September,2,7800,8551,7801,2016-09-01,Pune,751
14,chillies(red),2016,October,4,10000,11500,11500,2016-10-01,Pune,1500
15,chillies(red),2016,November,6,6000,9000,6500,2016-11-01,Pune,3000
