,Commodity,Year,Month,arrivals_in_qtl,min_price,max_price,modal_price,date,district_name,diff_price
0,cowpea,2014,November,6,2761,3438,3300,2014-11-01,Pune,677
1,cowpea,2014,December,1,2000,4400,2200,2014-12-01,Pune,2400
2,cowpea,2015,March,1,2000,2000,2000,2015-03-01,Pune,0
3,cowpea,2015,April,6,4926,5226,5126,2015-04-01,Pune,300
4,cowpea,2015,May,22,4000,6101,5751,2015-05-01,Pune,2101
5,cowpea,2015,June,47,4625,6225,5663,2015-06-01,Pune,1600
6,cowpea,2015,August,20,4370,5380,4990,2015-08-01,Pune,1010
7,cowpea,2015,September,6,3683,5484,4983,2015-09-01,Pune,1801
8,cowpea,2015,October,4,4667,5367,5333,2015-10-01,Pune,700
9,cowpea,2015,November,4,3333,3333,3333,2015-11-01,Pune,0
10,cowpea,2015,December,2,3700,4450,4450,2015-12-01,Pune,750
11,cowpea,2016,January,2,4251,4251,4251,2016-01-01,Pune,0
12,cowpea,2016,February,2,3176,3176,3176,2016-02-01,Pune,0
13,cowpea,2016,March,2,2250,3400,3350,2016-03-01,Pune,1150
14,cowpea,2016,April,3,3251,5126,5126,2016-04-01,Pune,1875
15,cowpea,2016,May,8,6167,7634,7533,2016-05-01,Pune,1467
16,cowpea,2016,June,9,5801,7767,7133,2016-06-01,Pune,1966
17,cowpea,2016,July,2,6197,7122,6247,2016-07-01,Pune,925
18,cowpea,2016,August,6,5000,6601,5700,2016-08-01,Pune,1601
19,cowpea,2016,September,10,3850,4563,4363,2016-09-01,Pune,713
20,cowpea,2016,October,2,2700,5600,4000,2016-10-01,Pune,2900
21,cowpea,2016,November,2,3875,3875,3875,2016-11-01,Pune,0
