,Commodity,Year,Month,arrivals_in_qtl,min_price,max_price,modal_price,date,district_name,diff_price
0,pigeon pea (tur),2015,April,2,2000,3500,3000,2015-04-01,Pune,1500
1,pigeon pea (tur),2015,July,2,3100,3300,3200,2015-07-01,Pune,200
2,pigeon pea (tur),2015,August,1,4700,4700,4700,2015-08-01,Pune,0
3,pigeon pea (tur),2015,September,1,7500,7500,7500,2015-09-01,Pune,0
4,pigeon pea (tur),2015,November,27,7633,8633,8633,2015-11-01,Pune,1000
5,pigeon pea (tur),2015,December,37,8510,9050,8650,2015-12-01,Pune,540
6,pigeon pea (tur),2016,January,80,7467,7900,7657,2016-01-01,Pune,433
7,pigeon pea (tur),2016,February,15,6963,6963,6963,2016-02-01,Pune,0
8,pigeon pea (tur),2016,March,13,5900,5900,5900,2016-03-01,Pune,0
9,pigeon pea (tur),2016,April,7,7338,7513,7488,2016-04-01,Pune,175
10,pigeon pea (tur),2016,May,6,8000,8000,8000,2016-05-01,Pune,0
11,pigeon pea (tur),2016,June,2,7000,7000,7000,2016-06-01,Pune,0
12,pigeon pea (tur),2016,September,3,5926,5926,5926,2016-09-01,Pune,0
13,pigeon pea (tur),2016,October,1,5300,5300,5300,2016-10-01,Pune,0
14,pigeon pea (tur),2016,November,1,5200,5200,5200,2016-11-01,Pune,0
