,Commodity,Year,Month,arrivals_in_qtl,min_price,max_price,modal_price,date,district_name,diff_price
0,matki,2014,November,2,2000,5300,5300,2014-11-01,Pune,3300
1,matki,2014,December,3,4325,4325,4325,2014-12-01,Pune,0
2,matki,2015,August,1,2800,2800,2800,2015-08-01,Pune,0
3,matki,2015,November,3,7000,7000,7000,2015-11-01,Pune,0
4,matki,2015,December,1,9100,9100,9100,2015-12-01,Pune,0
5,matki,2016,March,1,7301,7301,7301,2016-03-01,Pune,0
6,matki,2016,April,1,5700,7500,7500,2016-04-01,Pune,1800
7,matki,2016,May,1,7000,7000,7000,2016-05-01,Pune,0
8,matki,2016,October,1,5651,5651,5651,2016-10-01,Pune,0
