,Commodity,Year,Month,arrivals_in_qtl,min_price,max_price,modal_price,date,district_name,diff_price
1,ground nut pods (dry),2015,April,1,3500,3500,3500,2015-04-01,Pune,0
2,ground nut pods (dry),2015,June,1048,3571,4889,4568,2015-06-01,Pune,1318
3,ground nut pods (dry),2015,July,747,3601,5139,4782,2015-07-01,Pune,1538
4,ground nut pods (dry),2015,August,272,3850,5449,5006,2015-08-01,Pune,1599
5,ground nut pods (dry),2015,September,27,4142,5461,5142,2015-09-01,Pune,1319
6,ground nut pods (dry),2015,October,40,4617,5533,5258,2015-10-01,Pune,916
7,ground nut pods (dry),2015,November,5,4338,4650,4650,2015-11-01,Pune,312
8,ground nut pods (dry),2015,December,20,3625,4075,3792,2015-12-01,Pune,450
9,ground nut pods (dry),2016,January,7,4576,4701,4576,2016-01-01,Pune,125
10,ground nut pods (dry),2016,February,1295,4275,4275,4275,2016-02-01,Pune,0
11,ground nut pods (dry),2016,March,3,4763,5000,4763,2016-03-01,Pune,237
12,ground nut pods (dry),2016,April,14,4725,4788,4725,2016-04-01,Pune,63
13,ground nut pods (dry),2016,May,636,4860,5357,5151,2016-05-01,Pune,497
14,ground nut pods (dry),2016,June,323,4950,5438,5269,2016-06-01,Pune,488
15,ground nut pods (dry),2016,August,157,5017,5600,5350,2016-08-01,Pune,583
16,ground nut pods (dry),2016,September,46,4630,5561,5320,2016-09-01,Pune,931
17,ground nut pods (dry),2016,October,5,4000,4921,4000,2016-10-01,Pune,921
18,ground nut pods (dry),2016,November,4,4500,5300,5200,2016-11-01,Pune,800
