,Commodity,Year,Month,arrivals_in_qtl,min_price,max_price,modal_price,date,district_name,diff_price
0,coriander (dry),2014,November,1,10100,10100,10100,2014-11-01,Pune,0
1,coriander (dry),2014,December,1,10000,10000,10000,2014-12-01,Pune,0
2,coriander (dry),2015,April,1,7000,7200,7200,2015-04-01,Pune,200
3,coriander (dry),2015,August,1,10000,10000,10000,2015-08-01,Pune,0
4,coriander (dry),2015,September,1,11000,11000,11000,2015-09-01,Pune,0
5,coriander (dry),2015,October,2,9550,9550,9550,2015-10-01,Pune,0
6,coriander (dry),2016,April,3,8833,9300,8860,2016-04-01,Pune,467
7,coriander (dry),2016,September,2,6301,6301,6301,2016-09-01,Pune,0
8,coriander (dry),2016,October,1,7500,7500,7500,2016-10-01,Pune,0
9,coriander (dry),2016,November,1,6000,6600,6600,2016-11-01,Pune,600
