,Commodity,Year,Month,arrivals_in_qtl,min_price,max_price,modal_price,date,district_name,diff_price
0,soybean,2014,November,22,2938,3085,2978,2014-11-01,Pune,147
1,soybean,2014,December,3,2850,3001,3001,2014-12-01,Pune,151
2,soybean,2015,March,1,3000,3000,3000,2015-03-01,Pune,0
3,soybean,2015,April,1,3000,3000,3000,2015-04-01,Pune,0
4,soybean,2015,June,1,2400,2400,2400,2015-06-01,Pune,0
5,soybean,2015,October,25,3267,3484,3317,2015-10-01,Pune,217
6,soybean,2015,November,34,3319,3400,3350,2015-11-01,Pune,81
7,soybean,2015,December,6,3120,3234,3200,2015-12-01,Pune,114
8,soybean,2016,January,3,2534,2534,2534,2016-01-01,Pune,0
9,soybean,2016,February,14,3333,3367,3367,2016-02-01,Pune,34
10,soybean,2016,March,2,2506,2506,2506,2016-03-01,Pune,0
11,soybean,2016,May,1,3200,3200,3200,2016-05-01,Pune,0
12,soybean,2016,June,1,3151,3151,3151,2016-06-01,Pune,0
13,soybean,2016,September,4,2833,2963,2926,2016-09-01,Pune,130
14,soybean,2016,October,130,2050,2696,2525,2016-10-01,Pune,646
15,soybean,2016,November,92,2406,2650,2550,2016-11-01,Pune,244
