,Commodity,Year,Month,arrivals_in_qtl,min_price,max_price,modal_price,date,district_name,diff_price
0,soybean,2015,June,2,3000,3000,3000,2015-06-01,Pune,0
1,soybean,2015,August,1,2200,2200,2200,2015-08-01,Pune,0
2,soybean,2015,September,1,2801,2801,2801,2015-09-01,Pune,0
3,soybean,2015,October,8,2918,2918,2918,2015-10-01,Pune,0
4,soybean,2015,November,21,3317,3409,3350,2015-11-01,Pune,92
5,soybean,2015,December,1,3311,3311,3311,2015-12-01,Pune,0
6,soybean,2016,January,11,3334,3334,3334,2016-01-01,Pune,0
7,soybean,2016,February,4,3400,3400,3400,2016-02-01,Pune,0
8,soybean,2016,April,4,3400,3400,3400,2016-04-01,Pune,0
9,soybean,2016,May,7,3533,3533,3533,2016-05-01,Pune,0
10,soybean,2016,August,1,3111,3111,3111,2016-08-01,Pune,0
11,soybean,2016,September,1,3151,3151,3151,2016-09-01,Pune,0
12,soybean,2016,October,149,2076,2750,2401,2016-10-01,Pune,674
13,soybean,2016,November,42,2100,2725,2275,2016-11-01,Pune,625
