,Commodity,Year,Month,arrivals_in_qtl,min_price,max_price,modal_price,date,district_name,diff_price
0,black gram,2014,November,3,3167,3167,3167,2014-11-01,Pune,0
1,black gram,2014,December,1,2000,2000,2000,2014-12-01,Pune,0
2,black gram,2015,March,1,3251,3251,3251,2015-03-01,Pune,0
3,black gram,2015,May,6,6500,6550,6500,2015-05-01,Pune,50
4,black gram,2015,June,4,6917,6917,6917,2015-06-01,Pune,0
5,black gram,2015,August,5,6650,7050,6650,2015-08-01,Pune,400
6,black gram,2015,September,6,7033,7967,7817,2015-09-01,Pune,934
7,black gram,2015,October,23,8750,10038,9750,2015-10-01,Pune,1288
8,black gram,2015,November,8,7400,8075,7825,2015-11-01,Pune,675
9,black gram,2015,December,3,7100,7784,7100,2015-12-01,Pune,684
10,black gram,2016,January,2,8100,8100,8100,2016-01-01,Pune,0
11,black gram,2016,March,1,6100,6100,6100,2016-03-01,Pune,0
12,black gram,2016,April,15,7667,8867,8333,2016-04-01,Pune,1200
13,black gram,2016,May,12,8700,9760,9500,2016-05-01,Pune,1060
14,black gram,2016,June,11,10138,11350,10700,2016-06-01,Pune,1212
15,black gram,2016,July,3,7800,9550,9450,2016-07-01,Pune,1750
16,black gram,2016,August,6,5350,6225,5550,2016-08-01,Pune,875
17,black gram,2016,September,259,6053,6766,6526,2016-09-01,Pune,713
18,black gram,2016,October,211,4250,6500,5501,2016-10-01,Pune,2250
19,black gram,2016,November,44,3601,6475,5551,2016-11-01,Pune,2874
