,Commodity,Year,Month,arrivals_in_qtl,min_price,max_price,modal_price,date,district_name,diff_price
0,bajri,2015,August,33,1288,1638,1466,2015-08-01,Pune,350
1,bajri,2015,September,11,1438,1511,1511,2015-09-01,Pune,73
2,bajri,2015,October,15,1117,1547,1288,2015-10-01,Pune,430
3,bajri,2015,November,13,1413,1563,1495,2015-11-01,Pune,150
4,bajri,2016,January,3,1543,1543,1543,2016-01-01,Pune,0
5,bajri,2016,February,12,1534,1601,1567,2016-02-01,Pune,67
6,bajri,2016,March,4,1400,1613,1613,2016-03-01,Pune,213
7,bajri,2016,April,1,1421,1421,1421,2016-04-01,Pune,0
8,bajri,2016,May,7,1801,2051,1976,2016-05-01,Pune,250
9,bajri,2016,June,9,1771,1889,1797,2016-06-01,Pune,118
10,bajri,2016,July,2,1721,1721,1721,2016-07-01,Pune,0
11,bajri,2016,August,2,1675,1851,1851,2016-08-01,Pune,176
12,bajri,2016,September,35,1438,1745,1585,2016-09-01,Pune,307
13,bajri,2016,October,9,1500,1800,1575,2016-10-01,Pune,300
