,Commodity,Year,Month,arrivals_in_qtl,min_price,max_price,modal_price,date,district_name,diff_price
0,wheat(unhusked),2014,November,5,2767,2767,2767,2014-11-01,Pune,0
1,wheat(unhusked),2014,December,2,2901,2901,2901,2014-12-01,Pune,0
2,wheat(unhusked),2015,April,1,2300,2300,2300,2015-04-01,Pune,0
3,wheat(unhusked),2015,October,5,3156,3156,3156,2015-10-01,Pune,0
4,wheat(unhusked),2015,November,2,2750,2750,2750,2015-11-01,Pune,0
5,wheat(unhusked),2016,February,2,3000,3000,3000,2016-02-01,Pune,0
6,wheat(unhusked),2016,May,4,2551,2551,2551,2016-05-01,Pune,0
7,wheat(unhusked),2016,September,2,3050,3050,3050,2016-09-01,Pune,0
