,Commodity,Year,Month,arrivals_in_qtl,min_price,max_price,modal_price,date,district_name,diff_price
0,pigeon pea (tur),2014,November,20,2626,3786,3526,2014-11-01,Pune,1160
1,pigeon pea (tur),2014,December,6,3050,3825,3701,2014-12-01,Pune,775
2,pigeon pea (tur),2015,January,6,3400,4311,4251,2015-01-01,Pune,911
3,pigeon pea (tur),2015,March,30,3963,4732,4275,2015-03-01,Pune,769
4,pigeon pea (tur),2015,April,10,4200,4750,4576,2015-04-01,Pune,550
5,pigeon pea (tur),2015,May,2,3900,4301,4301,2015-05-01,Pune,401
6,pigeon pea (tur),2015,June,4,4700,4700,4700,2015-06-01,Pune,0
7,pigeon pea (tur),2015,August,4,5625,6813,6800,2015-08-01,Pune,1188
8,pigeon pea (tur),2015,October,3,4750,6750,6750,2015-10-01,Pune,2000
9,pigeon pea (tur),2015,November,5,8050,8050,8050,2015-11-01,Pune,0
10,pigeon pea (tur),2015,December,177,5840,8940,8140,2015-12-01,Pune,3100
11,pigeon pea (tur),2016,January,230,6260,7804,7222,2016-01-01,Pune,1544
12,pigeon pea (tur),2016,February,71,5725,6888,6433,2016-02-01,Pune,1163
13,pigeon pea (tur),2016,March,12,5700,6575,6250,2016-03-01,Pune,875
14,pigeon pea (tur),2016,April,6,6188,7163,6938,2016-04-01,Pune,975
15,pigeon pea (tur),2016,May,8,6000,6651,6596,2016-05-01,Pune,651
16,pigeon pea (tur),2016,June,2,5050,5550,5550,2016-06-01,Pune,500
17,pigeon pea (tur),2016,July,1,5000,5000,5000,2016-07-01,Pune,0
18,pigeon pea (tur),2016,August,1,6300,6300,6300,2016-08-01,Pune,0
19,pigeon pea (tur),2016,September,21,5233,5667,5600,2016-09-01,Pune,434
