,Commodity,Year,Month,arrivals_in_qtl,min_price,max_price,modal_price,date,district_name,diff_price
0,rice(paddy-hus),2014,November,157,1429,1463,1454,2014-11-01,Pune,34
1,rice(paddy-hus),2014,December,57,1396,1419,1406,2014-12-01,Pune,23
2,rice(paddy-hus),2015,January,51,1425,1463,1450,2015-01-01,Pune,38
3,rice(paddy-hus),2015,March,121,1415,1450,1438,2015-03-01,Pune,35
4,rice(paddy-hus),2015,April,36,1391,1440,1420,2015-04-01,Pune,49
5,rice(paddy-hus),2015,May,38,1401,1429,1429,2015-05-01,Pune,28
6,rice(paddy-hus),2015,June,44,1413,1461,1433,2015-06-01,Pune,48
7,rice(paddy-hus),2015,August,180,1380,1466,1448,2015-08-01,Pune,86
8,rice(paddy-hus),2015,September,279,1433,1457,1448,2015-09-01,Pune,24
9,rice(paddy-hus),2015,October,295,1436,1474,1453,2015-10-01,Pune,38
10,rice(paddy-hus),2015,November,202,1438,1467,1454,2015-11-01,Pune,29
11,rice(paddy-hus),2015,December,223,1518,1548,1542,2015-12-01,Pune,30
12,rice(paddy-hus),2016,January,179,1537,1617,1600,2016-01-01,Pune,80
13,rice(paddy-hus),2016,February,94,1550,1606,1595,2016-02-01,Pune,56
14,rice(paddy-hus),2016,March,148,1603,1619,1611,2016-03-01,Pune,16
15,rice(paddy-hus),2016,April,150,1608,1640,1629,2016-04-01,Pune,32
16,rice(paddy-hus),2016,May,276,1763,1805,1793,2016-05-01,Pune,42
17,rice(paddy-hus),2016,June,318,1767,1809,1790,2016-06-01,Pune,42
18,rice(paddy-hus),2016,July,214,1745,1781,1771,2016-07-01,Pune,36
19,rice(paddy-hus),2016,August,201,1595,1718,1711,2016-08-01,Pune,123
20,rice(paddy-hus),2016,September,317,1711,1728,1723,2016-09-01,Pune,17
21,rice(paddy-hus),2016,October,143,1626,1711,1700,2016-10-01,Pune,85
22,rice(paddy-hus),2016,November,54,1601,1722,1690,2016-11-01,Pune,121
