,Commodity,Year,Month,arrivals_in_qtl,min_price,max_price,modal_price,date,district_name,diff_price
0,ground nut pods (dry),2014,November,107,3020,3480,3310,2014-11-01,Pune,460
1,ground nut pods (dry),2014,December,10,2550,3363,3150,2014-12-01,Pune,813
2,ground nut pods (dry),2015,January,19,3400,3801,3726,2015-01-01,Pune,401
3,ground nut pods (dry),2015,March,21,2925,3514,3275,2015-03-01,Pune,589
4,ground nut pods (dry),2015,April,6,2876,3475,3150,2015-04-01,Pune,599
5,ground nut pods (dry),2015,May,115,3350,4226,4001,2015-05-01,Pune,876
6,ground nut pods (dry),2015,June,717,3913,5281,5013,2015-06-01,Pune,1368
7,ground nut pods (dry),2015,August,278,4760,5778,5500,2015-08-01,Pune,1018
8,ground nut pods (dry),2015,September,79,4533,6000,5734,2015-09-01,Pune,1467
9,ground nut pods (dry),2015,October,23,4200,5900,5525,2015-10-01,Pune,1700
10,ground nut pods (dry),2015,November,20,3988,4563,4113,2015-11-01,Pune,575
11,ground nut pods (dry),2015,December,9,4225,4725,4400,2015-12-01,Pune,500
12,ground nut pods (dry),2016,January,11,3760,4400,4090,2016-01-01,Pune,640
13,ground nut pods (dry),2016,February,10,3617,4100,3717,2016-02-01,Pune,483
14,ground nut pods (dry),2016,April,2,5050,5050,5050,2016-04-01,Pune,0
15,ground nut pods (dry),2016,May,62,4956,5431,5252,2016-05-01,Pune,475
16,ground nut pods (dry),2016,June,274,5125,5803,5588,2016-06-01,Pune,678
17,ground nut pods (dry),2016,July,94,5150,5626,5476,2016-07-01,Pune,476
18,ground nut pods (dry),2016,August,50,4901,5730,4950,2016-08-01,Pune,829
19,ground nut pods (dry),2016,September,51,4550,5441,5250,2016-09-01,Pune,891
20,ground nut pods (dry),2016,November,2,4400,4550,4400,2016-11-01,Pune,150
