,Commodity,Year,Month,arrivals_in_qtl,min_price,max_price,modal_price,date,district_name,diff_price
0,black gram,2015,April,1,3850,3850,3850,2015-04-01,Pune,0
1,black gram,2015,June,5,4726,4726,4726,2015-06-01,Pune,0
2,black gram,2015,July,3,5511,5511,5511,2015-07-01,Pune,0
3,black gram,2015,August,1,5700,5700,5700,2015-08-01,Pune,0
4,black gram,2015,September,4,7050,7050,7050,2015-09-01,Pune,0
5,black gram,2015,October,2,8000,8250,8000,2015-10-01,Pune,250
6,black gram,2016,March,1,9000,9000,9000,2016-03-01,Pune,0
7,black gram,2016,April,1,8051,8051,8051,2016-04-01,Pune,0
8,black gram,2016,May,175,10000,11009,10394,2016-05-01,Pune,1009
9,black gram,2016,June,64,10767,11334,11167,2016-06-01,Pune,567
10,black gram,2016,August,53,5517,6584,5984,2016-08-01,Pune,1067
11,black gram,2016,September,194,5590,6442,6194,2016-09-01,Pune,852
12,black gram,2016,October,95,2800,6700,5176,2016-10-01,Pune,3900
13,black gram,2016,November,54,4000,6100,5400,2016-11-01,Pune,2100
