,Commodity,Year,Month,arrivals_in_qtl,min_price,max_price,modal_price,date,district_name,diff_price
0,wheat(husked),2015,August,12,1397,1509,1462,2015-08-01,Pune,112
1,wheat(husked),2015,September,20,1441,1694,1550,2015-09-01,Pune,253
2,wheat(husked),2015,October,15,1459,1699,1589,2015-10-01,Pune,240
3,wheat(husked),2015,November,6,1375,1467,1460,2015-11-01,Pune,92
4,wheat(husked),2015,December,6,1331,1491,1491,2015-12-01,Pune,160
5,wheat(husked),2016,January,3,1506,1651,1581,2016-01-01,Pune,145
6,wheat(husked),2016,February,7,1351,1520,1520,2016-02-01,Pune,169
7,wheat(husked),2016,March,22,1599,2118,2094,2016-03-01,Pune,519
8,wheat(husked),2016,April,12,1964,2207,2174,2016-04-01,Pune,243
9,wheat(husked),2016,May,26,1553,2207,2075,2016-05-01,Pune,654
10,wheat(husked),2016,August,2,1500,1500,1500,2016-08-01,Pune,0
