,Commodity,Year,Month,arrivals_in_qtl,min_price,max_price,modal_price,date,district_name,diff_price
1,sorgum(jawar),2014,December,465,1800,2650,2100,2014-12-01,Pune,850
2,sorgum(jawar),2015,January,458,1626,3076,2300,2015-01-01,Pune,1450
3,sorgum(jawar),2015,March,2938,1546,2716,1730,2015-03-01,Pune,1170
4,sorgum(jawar),2015,April,1618,1525,2626,1750,2015-04-01,Pune,1101
5,sorgum(jawar),2015,May,1153,1415,2326,1615,2015-05-01,Pune,911
6,sorgum(jawar),2015,June,2108,1300,2276,1575,2015-06-01,Pune,976
7,sorgum(jawar),2015,August,862,1565,2533,1890,2015-08-01,Pune,968
8,sorgum(jawar),2015,September,662,1500,2467,1800,2015-09-01,Pune,967
9,sorgum(jawar),2015,October,888,1400,2400,1813,2015-10-01,Pune,1000
10,sorgum(jawar),2015,November,430,1544,2691,1850,2015-11-01,Pune,1147
11,sorgum(jawar),2015,December,540,1588,2851,1988,2015-12-01,Pune,1263
12,sorgum(jawar),2016,January,1310,1640,2830,2040,2016-01-01,Pune,1190
13,sorgum(jawar),2016,February,1221,1594,2667,2025,2016-02-01,Pune,1073
14,sorgum(jawar),2016,March,898,1672,2926,2138,2016-03-01,Pune,1254
15,sorgum(jawar),2016,April,1116,1600,2774,2038,2016-04-01,Pune,1174
16,sorgum(jawar),2016,May,1049,1663,2688,2038,2016-05-01,Pune,1025
17,sorgum(jawar),2016,June,1649,1784,2515,2000,2016-06-01,Pune,731
18,sorgum(jawar),2016,July,497,1600,2356,1875,2016-07-01,Pune,756
19,sorgum(jawar),2016,August,435,1606,2463,2000,2016-08-01,Pune,857
20,sorgum(jawar),2016,September,656,1603,2538,1963,2016-09-01,Pune,935
21,sorgum(jawar),2016,October,801,1563,2414,1875,2016-10-01,Pune,851
22,sorgum(jawar),2016,November,324,1800,3034,2234,2016-11-01,Pune,1234
