,Commodity,Year,Month,arrivals_in_qtl,min_price,max_price,modal_price,date,district_name,diff_price
0,gram,2015,August,30,2784,3991,3571,2015-08-01,Pune,1207
1,gram,2015,September,9,2563,3819,3728,2015-09-01,Pune,1256
2,gram,2015,October,13,3043,4141,3838,2015-10-01,Pune,1098
3,gram,2015,November,9,3350,3700,3404,2015-11-01,Pune,350
4,gram,2015,December,6,2513,3203,2915,2015-12-01,Pune,690
5,gram,2016,January,2,2775,3300,3300,2016-01-01,Pune,525
6,gram,2016,February,2,2150,2150,2150,2016-02-01,Pune,0
7,gram,2016,March,245,3441,3560,3510,2016-03-01,Pune,119
8,gram,2016,April,26,4609,4964,4859,2016-04-01,Pune,355
9,gram,2016,May,18,5206,5274,5256,2016-05-01,Pune,68
10,gram,2016,June,13,5833,6037,5931,2016-06-01,Pune,204
11,gram,2016,August,2,4000,6600,6600,2016-08-01,Pune,2600
12,gram,2016,September,2,6111,6111,6111,2016-09-01,Pune,0
