,Commodity,Year,Month,arrivals_in_qtl,min_price,max_price,modal_price,date,district_name,diff_price
0,sunflower,2014,November,7,3000,3100,3100,2014-11-01,Pune,100
1,sunflower,2015,April,2,2550,2600,2600,2015-04-01,Pune,50
2,sunflower,2015,October,3,3418,3418,3418,2015-10-01,Pune,0
3,sunflower,2016,February,9,3200,3200,3200,2016-02-01,Pune,0
4,sunflower,2016,March,4,3051,3051,3051,2016-03-01,Pune,0
5,sunflower,2016,April,23,3542,3542,3542,2016-04-01,Pune,0
6,sunflower,2016,May,26,3319,3319,3319,2016-05-01,Pune,0
7,sunflower,2016,June,1,3000,3000,3000,2016-06-01,Pune,0
8,sunflower,2016,October,14,2700,2751,2751,2016-10-01,Pune,51
