,Commodity,Year,Month,arrivals_in_qtl,min_price,max_price,modal_price,date,district_name,diff_price
0,banana,2014,November,299,1117,1255,1194,2014-11-01,Pune,138
1,banana,2015,June,360,526,654,592,2015-06-01,Pune,128
2,banana,2015,July,920,601,800,701,2015-07-01,Pune,199
3,banana,2015,August,1227,458,664,543,2015-08-01,Pune,206
4,banana,2015,September,1212,394,552,478,2015-09-01,Pune,158
5,banana,2015,October,1231,558,1632,681,2015-10-01,Pune,1074
6,banana,2015,November,486,449,572,500,2015-11-01,Pune,123
7,banana,2015,December,1114,290,428,348,2015-12-01,Pune,138
8,banana,2016,January,1538,302,392,346,2016-01-01,Pune,90
9,banana,2016,February,889,360,408,381,2016-02-01,Pune,48
10,banana,2016,April,130,836,882,848,2016-04-01,Pune,46
11,banana,2016,May,451,666,836,770,2016-05-01,Pune,170
12,banana,2016,June,70,835,1101,951,2016-06-01,Pune,266
13,banana,2016,September,141,1025,1138,1081,2016-09-01,Pune,113
14,banana,2016,October,588,839,1127,970,2016-10-01,Pune,288
15,banana,2016,November,64,501,630,611,2016-11-01,Pune,129
