,Commodity,Year,Month,arrivals_in_qtl,min_price,max_price,modal_price,date,district_name,diff_price
0,cowpea,2014,November,6,2951,2951,2951,2014-11-01,Pune,0
1,cowpea,2015,April,4,4700,5600,5501,2015-04-01,Pune,900
2,cowpea,2015,June,2,4250,4250,4250,2015-06-01,Pune,0
3,cowpea,2015,July,5,3740,4100,3740,2015-07-01,Pune,360
4,cowpea,2015,August,2,3100,3100,3100,2015-08-01,Pune,0
5,cowpea,2015,September,9,4006,5006,5006,2015-09-01,Pune,1000
6,cowpea,2015,December,7,3375,3375,3375,2015-12-01,Pune,0
7,cowpea,2016,January,6,3051,3051,3051,2016-01-01,Pune,0
8,cowpea,2016,February,1,3100,3100,3100,2016-02-01,Pune,0
9,cowpea,2016,May,20,4477,5109,5050,2016-05-01,Pune,632
10,cowpea,2016,June,1,4500,4500,4500,2016-06-01,Pune,0
11,cowpea,2016,September,6,3100,3100,3100,2016-09-01,Pune,0
12,cowpea,2016,October,7,2500,2500,2500,2016-10-01,Pune,0
13,cowpea,2016,November,1,2100,2100,2100,2016-11-01,Pune,0
