,Commodity,Year,Month,arrivals_in_qtl,min_price,max_price,modal_price,date,district_name,diff_price
0,wheat(husked),2014,November,2430,1450,2031,1603,2014-11-01,Pune,581
1,wheat(husked),2014,December,738,1450,2300,1606,2014-12-01,Pune,850
2,wheat(husked),2015,January,834,1576,1998,1750,2015-01-01,Pune,422
3,wheat(husked),2015,March,3407,1461,2506,1580,2015-03-01,Pune,1045
4,wheat(husked),2015,April,1238,1345,2550,1600,2015-04-01,Pune,1205
5,wheat(husked),2015,May,731,1375,2350,1600,2015-05-01,Pune,975
6,wheat(husked),2015,June,1644,1370,2239,1491,2015-06-01,Pune,869
7,wheat(husked),2015,August,1583,1530,2304,1662,2015-08-01,Pune,774
8,wheat(husked),2015,September,1158,1494,2304,1650,2015-09-01,Pune,810
9,wheat(husked),2015,October,1108,1519,2317,1688,2015-10-01,Pune,798
11,wheat(husked),2015,December,820,1590,2363,1750,2015-12-01,Pune,773
12,wheat(husked),2016,January,954,1592,2381,1750,2016-01-01,Pune,789
13,wheat(husked),2016,February,762,1583,2482,1800,2016-02-01,Pune,899
14,wheat(husked),2016,March,1521,1583,2353,1838,2016-03-01,Pune,770
15,wheat(husked),2016,April,1241,1586,2282,1763,2016-04-01,Pune,696
16,wheat(husked),2016,May,1046,1619,2250,1825,2016-05-01,Pune,631
17,wheat(husked),2016,June,1003,1667,2121,1780,2016-06-01,Pune,454
18,wheat(husked),2016,July,824,1670,2000,1765,2016-07-01,Pune,330
19,wheat(husked),2016,August,1101,1676,2075,1750,2016-08-01,Pune,399
20,wheat(husked),2016,September,879,1706,2141,1813,2016-09-01,Pune,435
21,wheat(husked),2016,October,881,1667,2217,1750,2016-10-01,Pune,550
22,wheat(husked),2016,November,730,1700,2456,1956,2016-11-01,Pune,756
