,Commodity,Year,Month,arrivals_in_qtl,min_price,max_price,modal_price,date,district_name,diff_price
3,sesamum,2015,May,1,7100,7500,7100,2015-05-01,Pune,400
4,sesamum,2015,June,5,4800,7250,6251,2015-06-01,Pune,2450
5,sesamum,2015,August,4,6917,7333,7017,2015-08-01,Pune,416
6,sesamum,2015,September,4,6250,7333,7333,2015-09-01,Pune,1083
7,sesamum,2015,October,2,5300,7250,6300,2015-10-01,Pune,1950
8,sesamum,2015,November,5,6200,8467,7200,2015-11-01,Pune,2267
9,sesamum,2015,December,23,6838,8625,7726,2015-12-01,Pune,1787
10,sesamum,2016,January,11,5625,6500,6000,2016-01-01,Pune,875
11,sesamum,2016,May,1,7701,7701,7701,2016-05-01,Pune,0
12,sesamum,2016,June,1,7000,7000,7000,2016-06-01,Pune,0
13,sesamum,2016,August,1,8000,8000,8000,2016-08-01,Pune,0
14,sesamum,2016,September,2,6051,7051,6051,2016-09-01,Pune,1000
