,Commodity,Year,Month,arrivals_in_qtl,min_price,max_price,modal_price,date,district_name,diff_price
0,jaggery,2015,June,190,1989,2262,2239,2015-06-01,Pune,273
1,jaggery,2015,August,150,2092,2287,2235,2015-08-01,Pune,195
2,jaggery,2015,September,74,2194,2285,2262,2015-09-01,Pune,91
3,jaggery,2015,October,66,2109,2401,2304,2015-10-01,Pune,292
4,jaggery,2015,November,107,2205,2454,2321,2015-11-01,Pune,249
5,jaggery,2015,December,102,2271,2361,2345,2015-12-01,Pune,90
6,jaggery,2016,January,90,2379,2536,2456,2016-01-01,Pune,157
7,jaggery,2016,February,53,2375,2562,2501,2016-02-01,Pune,187
8,jaggery,2016,March,34,2587,2676,2650,2016-03-01,Pune,89
