,Commodity,Year,Month,arrivals_in_qtl,min_price,max_price,modal_price,date,district_name,diff_price
0,tomato,2014,December,650,100,170,140,2014-12-01,Sangli,70
1,tomato,2015,December,230,60,160,100,2015-12-01,Sangli,100
2,tomato,2016,April,225,100,200,150,2016-04-01,Sangli,100
3,tomato,2016,July,66,113,212,163,2016-07-01,Sangli,99
4,tomato,2016,August,148,54,116,90,2016-08-01,Sangli,62
5,tomato,2016,September,166,36,96,73,2016-09-01,Sangli,60
6,tomato,2016,October,145,89,169,137,2016-10-01,Sangli,80
7,tomato,2016,November,208,40,78,65,2016-11-01,Sangli,38
