,Commodity,Year,Month,arrivals_in_qtl,min_price,max_price,modal_price,date,district_name,diff_price
0,sorgum(jawar),2014,November,48,850,1100,1000,2014-11-01,Jalna,250
1,sorgum(jawar),2014,December,125,933,1100,1017,2014-12-01,Jalna,167
2,sorgum(jawar),2015,January,54,900,1100,1000,2015-01-01,Jalna,200
3,sorgum(jawar),2015,February,60,950,1133,1050,2015-02-01,Jalna,183
4,sorgum(jawar),2015,March,65,950,1150,1050,2015-03-01,Jalna,200
5,sorgum(jawar),2015,April,105,933,1100,1033,2015-04-01,Jalna,167
6,sorgum(jawar),2015,May,1488,990,1130,1060,2015-05-01,Jalna,140
7,sorgum(jawar),2015,June,300,1010,1130,1080,2015-06-01,Jalna,120
8,sorgum(jawar),2015,July,315,1014,1157,1079,2015-07-01,Jalna,143
9,sorgum(jawar),2015,August,186,1025,1188,1119,2015-08-01,Jalna,163
10,sorgum(jawar),2015,September,39,900,1100,1000,2015-09-01,Jalna,200
11,sorgum(jawar),2015,October,12,950,1150,1050,2015-10-01,Jalna,200
12,sorgum(jawar),2015,November,20,1000,1200,1100,2015-11-01,Jalna,200
13,sorgum(jawar),2016,April,10,1100,1200,1150,2016-04-01,Jalna,100
14,sorgum(jawar),2016,June,20,1000,1300,1150,2016-06-01,Jalna,300
15,sorgum(jawar),2016,July,68,1070,1230,1150,2016-07-01,Jalna,160
16,sorgum(jawar),2016,August,114,1150,1317,1228,2016-08-01,Jalna,167
18,sorgum(jawar),2016,October,10,900,1100,1000,2016-10-01,Jalna,200
