,Commodity,Year,Month,arrivals_in_qtl,min_price,max_price,modal_price,date,district_name,diff_price
0,wheat(husked),2014,November,255,1250,1467,1408,2014-11-01,Jalna,217
1,wheat(husked),2014,December,326,1400,1600,1500,2014-12-01,Jalna,200
2,wheat(husked),2015,January,282,1360,1550,1476,2015-01-01,Jalna,190
3,wheat(husked),2015,February,569,1350,1500,1438,2015-02-01,Jalna,150
4,wheat(husked),2015,March,1359,1207,1407,1307,2015-03-01,Jalna,200
5,wheat(husked),2015,April,1221,1218,1400,1313,2015-04-01,Jalna,182
6,wheat(husked),2015,May,946,1198,1384,1294,2015-05-01,Jalna,186
7,wheat(husked),2015,June,383,1194,1325,1269,2015-06-01,Jalna,131
8,wheat(husked),2015,July,415,1283,1442,1367,2015-07-01,Jalna,159
9,wheat(husked),2015,August,371,1315,1488,1416,2015-08-01,Jalna,173
10,wheat(husked),2015,September,352,1344,1567,1458,2015-09-01,Jalna,223
11,wheat(husked),2015,October,365,1379,1579,1450,2015-10-01,Jalna,200
12,wheat(husked),2015,November,147,1367,1567,1475,2015-11-01,Jalna,200
13,wheat(husked),2015,December,19,1450,1550,1500,2015-12-01,Jalna,100
14,wheat(husked),2016,January,55,1300,1450,1375,2016-01-01,Jalna,150
15,wheat(husked),2016,March,85,1333,1533,1442,2016-03-01,Jalna,200
16,wheat(husked),2016,April,35,1550,1700,1625,2016-04-01,Jalna,150
17,wheat(husked),2016,July,48,1500,1700,1600,2016-07-01,Jalna,200
18,wheat(husked),2016,August,86,1450,1610,1530,2016-08-01,Jalna,160
19,wheat(husked),2016,September,69,1410,1550,1480,2016-09-01,Jalna,140
