,Commodity,Year,Month,arrivals_in_qtl,min_price,max_price,modal_price,date,district_name,diff_price
0,gram,2015,February,46,3200,3400,3300,2015-02-01,Jalna,200
1,gram,2015,March,180,3100,3300,3200,2015-03-01,Jalna,200
2,gram,2015,April,527,3200,3411,3314,2015-04-01,Jalna,211
3,gram,2015,May,350,3563,3763,3663,2015-05-01,Jalna,200
4,gram,2016,March,145,3875,4075,4013,2016-03-01,Jalna,200
5,gram,2016,April,20,4500,4800,4750,2016-04-01,Jalna,300
6,gram,2016,May,22,4750,5000,4925,2016-05-01,Jalna,250
