,Commodity,Year,Month,arrivals_in_qtl,min_price,max_price,modal_price,date,district_name,diff_price
0,green gram,2015,August,7,6300,6600,6500,2015-08-01,Jalna,300
1,green gram,2015,September,127,6557,7386,6929,2015-09-01,Jalna,829
2,green gram,2015,October,21,6000,8000,7300,2015-10-01,Jalna,2000
3,green gram,2016,July,34,1400,1600,1500,2016-07-01,Jalna,200
4,green gram,2016,August,67,4275,4475,4375,2016-08-01,Jalna,200
5,green gram,2016,September,106,4500,4700,4591,2016-09-01,Jalna,200
6,green gram,2016,October,24,4925,5075,5000,2016-10-01,Jalna,150
