,Commodity,Year,Month,arrivals_in_qtl,min_price,max_price,modal_price,date,district_name,diff_price
0,cotton,2014,November,4010,3860,4000,3943,2014-11-01,Jalna,140
1,cotton,2014,December,16056,3829,4007,3950,2014-12-01,Jalna,178
2,cotton,2015,January,13833,3754,3926,3837,2015-01-01,Jalna,172
3,cotton,2015,February,12286,3695,3854,3790,2015-02-01,Jalna,159
4,cotton,2015,March,1606,3725,3908,3817,2015-03-01,Jalna,183
6,cotton,2015,October,3583,4140,4335,4259,2015-10-01,Jalna,195
7,cotton,2015,November,5940,4002,4198,4109,2015-11-01,Jalna,196
8,cotton,2015,December,8959,4066,4257,4182,2015-12-01,Jalna,191
9,cotton,2016,January,9038,4179,4377,4274,2016-01-01,Jalna,198
10,cotton,2016,February,5300,4179,4379,4283,2016-02-01,Jalna,200
11,cotton,2016,April,261,4100,4300,4271,2016-04-01,Jalna,200
13,cotton,2016,November,1627,4744,4956,4859,2016-11-01,Jalna,212
