,Commodity,Year,Month,arrivals_in_qtl,min_price,max_price,modal_price,date,district_name,diff_price
0,soybean,2014,November,2016,3024,3221,3128,2014-11-01,Jalna,197
1,soybean,2014,December,906,3008,3208,3138,2014-12-01,Jalna,200
2,soybean,2015,January,355,3100,3280,3190,2015-01-01,Jalna,180
3,soybean,2015,February,454,3050,3214,3142,2015-02-01,Jalna,164
4,soybean,2015,March,683,3029,3232,3143,2015-03-01,Jalna,203
5,soybean,2015,April,403,3206,3406,3328,2015-04-01,Jalna,200
6,soybean,2015,May,111,3467,3667,3567,2015-05-01,Jalna,200
7,soybean,2015,June,47,3500,3650,3575,2015-06-01,Jalna,150
8,soybean,2015,July,8,2800,3100,3000,2015-07-01,Jalna,300
9,soybean,2015,August,27,2950,3200,3050,2015-08-01,Jalna,250
10,soybean,2015,September,25,3000,3350,3150,2015-09-01,Jalna,350
11,soybean,2015,October,3872,3314,3571,3435,2015-10-01,Jalna,257
12,soybean,2015,November,879,3333,3533,3442,2015-11-01,Jalna,200
13,soybean,2015,December,304,3413,3588,3500,2015-12-01,Jalna,175
14,soybean,2016,January,98,3400,3550,3475,2016-01-01,Jalna,150
15,soybean,2016,March,35,3600,3825,3763,2016-03-01,Jalna,225
16,soybean,2016,April,172,3650,3817,3746,2016-04-01,Jalna,167
17,soybean,2016,May,163,3083,3317,3230,2016-05-01,Jalna,234
18,soybean,2016,July,41,3600,3750,3675,2016-07-01,Jalna,150
19,soybean,2016,August,10,3300,3500,3450,2016-08-01,Jalna,200
