,Commodity,Year,Month,arrivals_in_qtl,min_price,max_price,modal_price,date,district_name,diff_price
0,maize(corn.),2014,September,133,770,1160,960,2014-09-01,Jalgaon,390
1,maize(corn.),2014,December,3,1000,1000,1000,2014-12-01,Jalgaon,0
2,maize(corn.),2015,January,44,800,950,850,2015-01-01,Jalgaon,150
3,maize(corn.),2015,February,67,781,1013,869,2015-02-01,Jalgaon,232
4,maize(corn.),2015,March,90,625,850,738,2015-03-01,Jalgaon,225
6,maize(corn.),2015,August,88,760,1140,940,2015-08-01,Jalgaon,380
7,maize(corn.),2015,September,95,740,1020,860,2015-09-01,Jalgaon,280
8,maize(corn.),2015,October,118,786,1043,929,2015-10-01,Jalgaon,257
9,maize(corn.),2015,November,66,600,840,750,2015-11-01,Jalgaon,240
10,maize(corn.),2015,December,102,733,1033,883,2015-12-01,Jalgaon,300
11,maize(corn.),2016,January,52,1000,1000,1000,2016-01-01,Jalgaon,0
12,maize(corn.),2016,March,10,700,1200,900,2016-03-01,Jalgaon,500
14,maize(corn.),2016,August,139,850,1406,1088,2016-08-01,Jalgaon,556
15,maize(corn.),2016,September,133,821,1393,1093,2016-09-01,Jalgaon,572
16,maize(corn.),2016,October,72,867,1233,1056,2016-10-01,Jalgaon,366
17,maize(corn.),2016,November,10,900,1400,1000,2016-11-01,Jalgaon,500
