,Commodity,Year,Month,arrivals_in_qtl,min_price,max_price,modal_price,date,district_name,diff_price
0,mosambi,2014,September,200,1167,2300,1567,2014-09-01,Jalgaon,1133
1,mosambi,2014,October,75,1250,2600,1900,2014-10-01,Jalgaon,1350
2,mosambi,2014,November,345,1125,2450,1750,2014-11-01,Jalgaon,1325
3,mosambi,2014,December,235,1000,2200,1500,2014-12-01,Jalgaon,1200
4,mosambi,2015,January,135,1325,2925,1850,2015-01-01,Jalgaon,1600
5,mosambi,2015,February,117,1100,2667,1900,2015-02-01,Jalgaon,1567
6,mosambi,2015,March,33,2000,3750,2750,2015-03-01,Jalgaon,1750
7,mosambi,2015,April,200,1225,2925,1950,2015-04-01,Jalgaon,1700
8,mosambi,2015,May,150,1950,3750,2700,2015-05-01,Jalgaon,1800
9,mosambi,2015,June,50,1200,3100,2400,2015-06-01,Jalgaon,1900
10,mosambi,2015,July,105,1650,3025,2300,2015-07-01,Jalgaon,1375
11,mosambi,2015,August,90,1250,3350,2500,2015-08-01,Jalgaon,2100
12,mosambi,2015,September,150,1350,2200,1750,2015-09-01,Jalgaon,850
13,mosambi,2015,October,490,1067,2867,2133,2015-10-01,Jalgaon,1800
14,mosambi,2015,November,295,1500,3167,2133,2015-11-01,Jalgaon,1667
15,mosambi,2015,December,62,2233,4167,3067,2015-12-01,Jalgaon,1934
16,mosambi,2016,January,120,1725,3550,2700,2016-01-01,Jalgaon,1825
17,mosambi,2016,February,95,1733,3067,2467,2016-02-01,Jalgaon,1334
18,mosambi,2016,March,85,2000,4000,2900,2016-03-01,Jalgaon,2000
19,mosambi,2016,April,60,1400,2900,2233,2016-04-01,Jalgaon,1500
20,mosambi,2016,May,60,1833,4333,2833,2016-05-01,Jalgaon,2500
21,mosambi,2016,July,75,1667,3067,2333,2016-07-01,Jalgaon,1400
22,mosambi,2016,August,61,1475,2600,1875,2016-08-01,Jalgaon,1125
23,mosambi,2016,September,12,2200,3500,2500,2016-09-01,Jalgaon,1300
24,mosambi,2016,October,36,2250,3500,2600,2016-10-01,Jalgaon,1250
25,mosambi,2016,November,46,2667,5000,3733,2016-11-01,Jalgaon,2333
