,Commodity,Year,Month,arrivals_in_qtl,min_price,max_price,modal_price,date,district_name,diff_price
2,carrot,2015,January,403,908,1267,1092,2015-01-01,Jalgaon,359
3,carrot,2015,February,252,859,1359,1065,2015-02-01,Jalgaon,500
4,carrot,2015,March,192,894,1328,1061,2015-03-01,Jalgaon,434
5,carrot,2015,April,40,740,980,840,2015-04-01,Jalgaon,240
7,carrot,2015,December,350,881,1250,1069,2015-12-01,Jalgaon,369
8,carrot,2016,January,581,683,970,800,2016-01-01,Jalgaon,287
9,carrot,2016,February,282,538,869,694,2016-02-01,Jalgaon,331
10,carrot,2016,March,208,665,1053,853,2016-03-01,Jalgaon,388
11,carrot,2016,April,102,800,1289,1011,2016-04-01,Jalgaon,489
12,carrot,2016,November,37,1000,1550,1200,2016-11-01,Jalgaon,550
