,Commodity,Year,Month,arrivals_in_qtl,min_price,max_price,modal_price,date,district_name,diff_price
0,maize,2014,September,18,1250,1300,1300,2014-09-01,Jalgaon,50
1,maize,2014,October,108,1053,1053,1053,2014-10-01,Jalgaon,0
2,maize,2014,November,1954,1027,1121,1087,2014-11-01,Jalgaon,94
3,maize,2014,December,947,1014,1078,1041,2014-12-01,Jalgaon,64
4,maize,2015,January,520,1121,1183,1150,2015-01-01,Jalgaon,62
5,maize,2015,February,55,1155,1162,1162,2015-02-01,Jalgaon,7
6,maize,2015,March,134,1121,1133,1133,2015-03-01,Jalgaon,12
7,maize,2015,April,342,1148,1168,1148,2015-04-01,Jalgaon,20
8,maize,2015,May,1288,1060,1128,1097,2015-05-01,Jalgaon,68
9,maize,2015,June,612,1107,1154,1134,2015-06-01,Jalgaon,47
10,maize,2015,July,78,1258,1295,1275,2015-07-01,Jalgaon,37
11,maize,2015,August,79,1297,1319,1319,2015-08-01,Jalgaon,22
12,maize,2015,September,73,1508,1517,1517,2015-09-01,Jalgaon,9
13,maize,2015,October,522,1212,1294,1212,2015-10-01,Jalgaon,82
14,maize,2015,November,1051,1297,1375,1335,2015-11-01,Jalgaon,78
15,maize,2015,December,903,1363,1411,1373,2015-12-01,Jalgaon,48
16,maize,2016,January,220,1380,1689,1657,2016-01-01,Jalgaon,309
17,maize,2016,February,331,1210,1339,1335,2016-02-01,Jalgaon,129
18,maize,2016,March,404,1325,1347,1347,2016-03-01,Jalgaon,22
19,maize,2016,April,869,1294,1310,1304,2016-04-01,Jalgaon,16
20,maize,2016,May,1098,1339,1390,1375,2016-05-01,Jalgaon,51
21,maize,2016,June,225,1475,2894,1521,2016-06-01,Jalgaon,1419
22,maize,2016,July,66,1607,1657,1640,2016-07-01,Jalgaon,50
23,maize,2016,September,10,1605,1605,1605,2016-09-01,Jalgaon,0
24,maize,2016,October,719,1385,1409,1405,2016-10-01,Jalgaon,24
25,maize,2016,November,933,1100,1215,1186,2016-11-01,Jalgaon,115
