,Commodity,Year,Month,arrivals_in_qtl,min_price,max_price,modal_price,date,district_name,diff_price
0,soybean,2014,September,158,3057,3314,3186,2014-09-01,Buldhana,257
1,soybean,2014,October,1026,2840,3100,2970,2014-10-01,Buldhana,260
2,soybean,2014,November,5141,3075,3244,3159,2014-11-01,Buldhana,169
3,soybean,2014,December,4377,3061,3239,3150,2014-12-01,Buldhana,178
4,soybean,2015,January,3131,3117,3306,3211,2015-01-01,Buldhana,189
5,soybean,2015,February,2064,3080,3280,3180,2015-02-01,Buldhana,200
6,soybean,2015,March,1647,3000,3200,3100,2015-03-01,Buldhana,200
7,soybean,2015,April,709,3225,3475,3350,2015-04-01,Buldhana,250
8,soybean,2015,May,1927,3488,3763,3625,2015-05-01,Buldhana,275
9,soybean,2015,June,1478,3231,3569,3400,2015-06-01,Buldhana,338
10,soybean,2015,July,443,3129,3329,3229,2015-07-01,Buldhana,200
11,soybean,2015,August,1216,3064,3250,3157,2015-08-01,Buldhana,186
12,soybean,2015,September,2194,3129,3309,3219,2015-09-01,Buldhana,180
13,soybean,2015,October,1784,3481,3694,3588,2015-10-01,Buldhana,213
14,soybean,2015,November,6980,3157,3586,3371,2015-11-01,Buldhana,429
15,soybean,2015,December,5409,3022,3478,3250,2015-12-01,Buldhana,456
16,soybean,2016,January,2237,3042,3358,3200,2016-01-01,Buldhana,316
17,soybean,2016,February,2031,3129,3414,3300,2016-02-01,Buldhana,285
18,soybean,2016,March,1117,3167,3517,3383,2016-03-01,Buldhana,350
19,soybean,2016,April,685,3317,3717,3600,2016-04-01,Buldhana,400
20,soybean,2016,May,280,3217,3700,3483,2016-05-01,Buldhana,483
21,soybean,2016,June,570,3057,3657,3471,2016-06-01,Buldhana,600
22,soybean,2016,July,349,3100,3589,3417,2016-07-01,Buldhana,489
23,soybean,2016,August,329,3013,3425,3256,2016-08-01,Buldhana,412
24,soybean,2016,September,218,2783,3100,2942,2016-09-01,Buldhana,317
