,Commodity,Year,Month,arrivals_in_qtl,min_price,max_price,modal_price,date,district_name,diff_price
0,garlic,2014,September,335,2067,4000,3067,2014-09-01,Jalgaon,1933
1,garlic,2014,October,440,1900,3833,2600,2014-10-01,Jalgaon,1933
2,garlic,2014,November,530,2125,3825,2800,2014-11-01,Jalgaon,1700
3,garlic,2014,December,475,1533,3333,2500,2014-12-01,Jalgaon,1800
4,garlic,2015,January,414,2500,4450,3275,2015-01-01,Jalgaon,1950
5,garlic,2015,February,300,2500,6000,4250,2015-02-01,Jalgaon,3500
6,garlic,2015,March,440,2000,5667,3467,2015-03-01,Jalgaon,3667
7,garlic,2015,April,140,2250,6250,3750,2015-04-01,Jalgaon,4000
8,garlic,2015,May,425,2425,5300,3625,2015-05-01,Jalgaon,2875
9,garlic,2015,June,120,3500,6000,5000,2015-06-01,Jalgaon,2500
10,garlic,2015,July,465,2800,5375,4075,2015-07-01,Jalgaon,2575
11,garlic,2015,August,365,3375,6375,4675,2015-08-01,Jalgaon,3000
12,garlic,2015,September,495,3500,6075,4625,2015-09-01,Jalgaon,2575
13,garlic,2015,October,595,4375,8000,5875,2015-10-01,Jalgaon,3625
14,garlic,2015,November,300,5900,11000,7500,2015-11-01,Jalgaon,5100
15,garlic,2015,December,150,8000,14000,10000,2015-12-01,Jalgaon,6000
16,garlic,2016,January,450,4833,9333,6667,2016-01-01,Jalgaon,4500
17,garlic,2016,February,295,3000,7067,4833,2016-02-01,Jalgaon,4067
18,garlic,2016,March,570,3050,7425,4975,2016-03-01,Jalgaon,4375
19,garlic,2016,April,600,3667,12000,6667,2016-04-01,Jalgaon,8333
20,garlic,2016,May,510,5750,11125,7375,2016-05-01,Jalgaon,5375
21,garlic,2016,June,195,4750,8250,6500,2016-06-01,Jalgaon,3500
22,garlic,2016,July,545,6000,9220,7900,2016-07-01,Jalgaon,3220
23,garlic,2016,August,320,6500,10000,8000,2016-08-01,Jalgaon,3500
24,garlic,2016,September,165,6000,10000,7750,2016-09-01,Jalgaon,4000
25,garlic,2016,October,270,5333,10000,7333,2016-10-01,Jalgaon,4667
26,garlic,2016,November,320,7000,11667,8667,2016-11-01,Jalgaon,4667
