,Commodity,Year,Month,arrivals_in_qtl,min_price,max_price,modal_price,date,district_name,diff_price
0,custard apple,2014,September,4,3500,5000,4000,2014-09-01,Jalgaon,1500
1,custard apple,2014,October,21,3867,4617,4283,2014-10-01,Jalgaon,750
2,custard apple,2014,November,172,3159,5373,4241,2014-11-01,Jalgaon,2214
3,custard apple,2014,December,17,5100,6300,5740,2014-12-01,Jalgaon,1200
4,custard apple,2015,January,22,800,1800,1300,2015-01-01,Jalgaon,1000
5,custard apple,2015,October,180,2850,5083,3911,2015-10-01,Jalgaon,2233
6,custard apple,2015,November,46,3770,5150,4500,2015-11-01,Jalgaon,1380
7,custard apple,2015,December,34,2500,3067,2733,2015-12-01,Jalgaon,567
8,custard apple,2016,October,82,2300,4600,3250,2016-10-01,Jalgaon,2300
9,custard apple,2016,November,119,1282,2600,1891,2016-11-01,Jalgaon,1318
