,Commodity,Year,Month,arrivals_in_qtl,min_price,max_price,modal_price,date,district_name,diff_price
0,green gram,2014,September,533,5371,6100,5736,2014-09-01,Buldhana,729
1,green gram,2014,October,622,6667,7250,6958,2014-10-01,Buldhana,583
2,green gram,2014,November,274,7150,7875,7513,2014-11-01,Buldhana,725
3,green gram,2014,December,129,6778,7611,7172,2014-12-01,Buldhana,833
4,green gram,2015,January,86,7000,7750,7375,2015-01-01,Buldhana,750
5,green gram,2015,February,5,6333,7000,6667,2015-02-01,Buldhana,667
6,green gram,2015,March,3,5000,5800,5400,2015-03-01,Buldhana,800
7,green gram,2015,May,11,5250,5850,5550,2015-05-01,Buldhana,600
8,green gram,2015,June,8,5875,6075,5975,2015-06-01,Buldhana,200
9,green gram,2015,August,3,5400,5600,5500,2015-08-01,Buldhana,200
10,green gram,2015,September,54,6940,7820,7380,2015-09-01,Buldhana,880
11,green gram,2015,October,20,9500,10000,9750,2015-10-01,Buldhana,500
12,green gram,2015,November,4,8000,8000,8000,2015-11-01,Buldhana,0
13,green gram,2016,January,2,6000,6000,6000,2016-01-01,Buldhana,0
14,green gram,2016,August,46,4000,4400,4250,2016-08-01,Buldhana,400
15,green gram,2016,September,1172,4433,5011,4750,2016-09-01,Buldhana,578
16,green gram,2016,October,1089,4000,4878,4628,2016-10-01,Buldhana,878
17,green gram,2016,November,250,4100,4725,4550,2016-11-01,Buldhana,625
