,Commodity,Year,Month,arrivals_in_qtl,min_price,max_price,modal_price,date,district_name,diff_price
0,ladies finger,2014,September,277,1518,2629,2088,2014-09-01,Jalgaon,1111
1,ladies finger,2014,October,305,911,1761,1294,2014-10-01,Jalgaon,850
2,ladies finger,2014,November,300,1614,2638,2200,2014-11-01,Jalgaon,1024
3,ladies finger,2014,December,336,1593,2868,2336,2014-12-01,Jalgaon,1275
4,ladies finger,2015,January,310,2176,3829,3135,2015-01-01,Jalgaon,1653
5,ladies finger,2015,February,377,2111,3837,2963,2015-02-01,Jalgaon,1726
6,ladies finger,2015,March,492,2100,3833,2905,2015-03-01,Jalgaon,1733
7,ladies finger,2015,April,552,1090,2140,1570,2015-04-01,Jalgaon,1050
8,ladies finger,2015,May,425,968,1668,1280,2015-05-01,Jalgaon,700
9,ladies finger,2015,June,367,1789,2846,2374,2015-06-01,Jalgaon,1057
10,ladies finger,2015,July,481,1121,1992,1550,2015-07-01,Jalgaon,871
11,ladies finger,2015,August,440,1075,1975,1535,2015-08-01,Jalgaon,900
12,ladies finger,2015,September,357,1215,1935,1545,2015-09-01,Jalgaon,720
13,ladies finger,2015,October,375,1460,2470,1975,2015-10-01,Jalgaon,1010
14,ladies finger,2015,November,369,1550,2475,2000,2015-11-01,Jalgaon,925
15,ladies finger,2015,December,390,1606,2633,2133,2015-12-01,Jalgaon,1027
16,ladies finger,2016,January,371,1863,2984,2489,2016-01-01,Jalgaon,1121
17,ladies finger,2016,February,276,1894,3131,2569,2016-02-01,Jalgaon,1237
18,ladies finger,2016,March,474,2250,3814,2991,2016-03-01,Jalgaon,1564
19,ladies finger,2016,April,387,1679,2800,2237,2016-04-01,Jalgaon,1121
20,ladies finger,2016,May,362,1990,3005,2529,2016-05-01,Jalgaon,1015
21,ladies finger,2016,June,555,2258,3813,3012,2016-06-01,Jalgaon,1555
22,ladies finger,2016,July,477,1948,3326,2665,2016-07-01,Jalgaon,1378
23,ladies finger,2016,August,484,1096,1743,1391,2016-08-01,Jalgaon,647
24,ladies finger,2016,September,385,681,1333,967,2016-09-01,Jalgaon,652
25,ladies finger,2016,October,433,1295,2119,1676,2016-10-01,Jalgaon,824
26,ladies finger,2016,November,458,1490,2510,1948,2016-11-01,Jalgaon,1020
