,Commodity,Year,Month,arrivals_in_qtl,min_price,max_price,modal_price,date,district_name,diff_price
0,maize,2014,September,5,1067,1100,1083,2014-09-01,Buldhana,33
1,maize,2014,October,3,1000,1200,1100,2014-10-01,Buldhana,200
2,maize,2014,November,1482,900,1088,994,2014-11-01,Buldhana,188
3,maize,2014,December,2688,955,1055,1005,2014-12-01,Buldhana,100
4,maize,2015,January,891,950,1106,1028,2015-01-01,Buldhana,156
5,maize,2015,February,495,970,1070,1020,2015-02-01,Buldhana,100
6,maize,2015,March,160,950,1050,1000,2015-03-01,Buldhana,100
7,maize,2015,April,63,950,1050,1000,2015-04-01,Buldhana,100
8,maize,2015,May,395,938,1088,1013,2015-05-01,Buldhana,150
9,maize,2015,June,437,919,1081,1000,2015-06-01,Buldhana,162
10,maize,2015,July,2,950,1050,1000,2015-07-01,Buldhana,100
11,maize,2015,August,1,1100,1100,1100,2015-08-01,Buldhana,0
12,maize,2015,September,106,1150,1225,1188,2015-09-01,Buldhana,75
13,maize,2015,October,255,1007,1164,1086,2015-10-01,Buldhana,157
14,maize,2015,November,1669,1050,1236,1143,2015-11-01,Buldhana,186
15,maize,2015,December,2551,1000,1200,1100,2015-12-01,Buldhana,200
16,maize,2016,January,865,1050,1221,1136,2016-01-01,Buldhana,171
17,maize,2016,February,240,1100,1217,1158,2016-02-01,Buldhana,117
18,maize,2016,March,148,1067,1200,1133,2016-03-01,Buldhana,133
19,maize,2016,April,192,1100,1217,1160,2016-04-01,Buldhana,117
20,maize,2016,May,1166,1088,1225,1172,2016-05-01,Buldhana,137
21,maize,2016,June,174,1167,1333,1250,2016-06-01,Buldhana,166
22,maize,2016,October,1942,1071,1286,1193,2016-10-01,Buldhana,215
23,maize,2016,November,2396,1050,1217,1150,2016-11-01,Buldhana,167
