,Commodity,Year,Month,arrivals_in_qtl,min_price,max_price,modal_price,date,district_name,diff_price
0,shevga,2015,February,4,3000,4000,3500,2015-02-01,Jalgaon,1000
1,shevga,2015,March,44,1967,2900,2533,2015-03-01,Jalgaon,933
2,shevga,2015,April,98,1343,2371,1743,2015-04-01,Jalgaon,1028
3,shevga,2015,October,56,2250,2700,2450,2015-10-01,Jalgaon,450
4,shevga,2015,November,57,2957,3843,3514,2015-11-01,Jalgaon,886
5,shevga,2015,December,14,2700,3750,3200,2015-12-01,Jalgaon,1050
6,shevga,2016,January,36,2667,3467,3133,2016-01-01,Jalgaon,800
7,shevga,2016,February,57,2100,2750,2383,2016-02-01,Jalgaon,650
8,shevga,2016,March,255,1061,1628,1283,2016-03-01,Jalgaon,567
9,shevga,2016,April,219,988,1541,1235,2016-04-01,Jalgaon,553
10,shevga,2016,May,29,1100,1550,1250,2016-05-01,Jalgaon,450
