,Commodity,Year,Month,arrivals_in_qtl,min_price,max_price,modal_price,date,district_name,diff_price
0,mango,2015,April,255,2500,4500,3533,2015-04-01,Jalgaon,2000
1,mango,2015,May,955,2182,4359,3136,2015-05-01,Jalgaon,2177
2,mango,2015,June,601,2253,4512,3326,2015-06-01,Jalgaon,2259
3,mango,2016,April,25,3500,7000,5000,2016-04-01,Jalgaon,3500
4,mango,2016,May,800,3147,5567,4580,2016-05-01,Jalgaon,2420
5,mango,2016,June,885,2823,4908,3846,2016-06-01,Jalgaon,2085
6,mango,2016,July,30,3500,5000,4500,2016-07-01,Jalgaon,1500
