,Commodity,Year,Month,arrivals_in_qtl,min_price,max_price,modal_price,date,district_name,diff_price
0,chavli (shenga ),2014,September,33,3650,4050,3850,2014-09-01,Jalgaon,400
1,chavli (shenga ),2014,October,28,3590,4470,4040,2014-10-01,Jalgaon,880
2,chavli (shenga ),2014,November,46,4550,4729,4657,2014-11-01,Jalgaon,179
3,chavli (shenga ),2014,December,77,2742,3217,2958,2014-12-01,Jalgaon,475
4,chavli (shenga ),2015,January,81,2711,3456,3122,2015-01-01,Jalgaon,745
5,chavli (shenga ),2015,February,111,2506,3319,2888,2015-02-01,Jalgaon,813
6,chavli (shenga ),2015,March,72,2783,3525,3100,2015-03-01,Jalgaon,742
7,chavli (shenga ),2015,April,71,1580,2540,1910,2015-04-01,Jalgaon,960
8,chavli (shenga ),2015,May,106,1272,2072,1622,2015-05-01,Jalgaon,800
9,chavli (shenga ),2015,June,120,2318,3615,3000,2015-06-01,Jalgaon,1297
10,chavli (shenga ),2015,July,153,1764,2655,2191,2015-07-01,Jalgaon,891
11,chavli (shenga ),2015,August,152,1367,2106,1717,2015-08-01,Jalgaon,739
12,chavli (shenga ),2015,September,95,1940,2887,2380,2015-09-01,Jalgaon,947
13,chavli (shenga ),2015,October,13,3667,4333,4000,2015-10-01,Jalgaon,666
14,chavli (shenga ),2015,November,84,2268,3236,2873,2015-11-01,Jalgaon,968
15,chavli (shenga ),2015,December,68,2783,3517,3133,2015-12-01,Jalgaon,734
16,chavli (shenga ),2016,January,68,2518,3618,3064,2016-01-01,Jalgaon,1100
17,chavli (shenga ),2016,February,21,2475,3475,3050,2016-02-01,Jalgaon,1000
18,chavli (shenga ),2016,March,83,3565,4765,4118,2016-03-01,Jalgaon,1200
19,chavli (shenga ),2016,April,85,3087,4413,3680,2016-04-01,Jalgaon,1326
20,chavli (shenga ),2016,May,94,3000,3794,3444,2016-05-01,Jalgaon,794
21,chavli (shenga ),2016,June,94,3206,5033,4000,2016-06-01,Jalgaon,1827
22,chavli (shenga ),2016,July,105,3253,4547,3879,2016-07-01,Jalgaon,1294
23,chavli (shenga ),2016,August,133,1382,2000,1655,2016-08-01,Jalgaon,618
24,chavli (shenga ),2016,September,115,1484,2500,1932,2016-09-01,Jalgaon,1016
25,chavli (shenga ),2016,October,59,2767,4492,3592,2016-10-01,Jalgaon,1725
26,chavli (shenga ),2016,November,78,1950,3325,2650,2016-11-01,Jalgaon,1375
