,Commodity,Year,Month,arrivals_in_qtl,min_price,max_price,modal_price,date,district_name,diff_price
0,papai,2014,September,24,1450,1850,1675,2014-09-01,Jalgaon,400
1,papai,2014,October,14,1300,1900,1550,2014-10-01,Jalgaon,600
2,papai,2014,November,7,1200,1450,1350,2014-11-01,Jalgaon,250
3,papai,2014,December,48,1357,1557,1457,2014-12-01,Jalgaon,200
4,papai,2015,January,187,947,1393,1167,2015-01-01,Jalgaon,446
5,papai,2015,February,160,860,1360,1073,2015-02-01,Jalgaon,500
6,papai,2015,March,201,681,1233,930,2015-03-01,Jalgaon,552
7,papai,2015,April,52,775,1200,1000,2015-04-01,Jalgaon,425
8,papai,2015,August,32,933,1200,1067,2015-08-01,Jalgaon,267
9,papai,2015,September,42,1000,1467,1200,2015-09-01,Jalgaon,467
10,papai,2015,October,58,980,1400,1120,2015-10-01,Jalgaon,420
11,papai,2015,November,150,845,1318,1082,2015-11-01,Jalgaon,473
12,papai,2015,December,210,873,1387,1113,2015-12-01,Jalgaon,514
13,papai,2016,January,371,442,806,611,2016-01-01,Jalgaon,364
14,papai,2016,February,121,457,800,629,2016-02-01,Jalgaon,343
15,papai,2016,March,51,800,1325,1025,2016-03-01,Jalgaon,525
16,papai,2016,September,14,1100,2000,1500,2016-09-01,Jalgaon,900
17,papai,2016,November,56,1140,1960,1540,2016-11-01,Jalgaon,820
