,Commodity,Year,Month,arrivals_in_qtl,min_price,max_price,modal_price,date,district_name,diff_price
0,bajri,2014,September,421,1400,1448,1406,2014-09-01,Jalgaon,48
1,bajri,2014,October,263,1298,1366,1350,2014-10-01,Jalgaon,68
2,bajri,2014,November,427,1354,1449,1422,2014-11-01,Jalgaon,95
3,bajri,2014,December,81,1398,1398,1398,2014-12-01,Jalgaon,0
4,bajri,2015,January,161,1373,1411,1390,2015-01-01,Jalgaon,38
5,bajri,2015,February,150,1275,1337,1314,2015-02-01,Jalgaon,62
6,bajri,2015,March,67,1256,1266,1266,2015-03-01,Jalgaon,10
7,bajri,2015,April,679,1314,1357,1346,2015-04-01,Jalgaon,43
8,bajri,2015,May,2507,1095,1140,1119,2015-05-01,Jalgaon,45
9,bajri,2015,June,1930,1038,1171,1153,2015-06-01,Jalgaon,133
10,bajri,2015,July,1424,1262,1289,1286,2015-07-01,Jalgaon,27
11,bajri,2015,August,1705,1338,1361,1356,2015-08-01,Jalgaon,23
12,bajri,2015,September,290,1395,1415,1405,2015-09-01,Jalgaon,20
13,bajri,2015,October,1183,1346,1406,1372,2015-10-01,Jalgaon,60
14,bajri,2015,November,319,1450,1504,1467,2015-11-01,Jalgaon,54
15,bajri,2015,December,141,1516,1532,1525,2015-12-01,Jalgaon,16
16,bajri,2016,January,72,1467,1479,1475,2016-01-01,Jalgaon,12
17,bajri,2016,February,10,1425,1425,1425,2016-02-01,Jalgaon,0
18,bajri,2016,March,50,1639,1655,1655,2016-03-01,Jalgaon,16
19,bajri,2016,April,992,1756,1799,1784,2016-04-01,Jalgaon,43
20,bajri,2016,May,1856,1737,1800,1788,2016-05-01,Jalgaon,63
21,bajri,2016,June,697,1705,1760,1729,2016-06-01,Jalgaon,55
22,bajri,2016,July,153,1792,1812,1800,2016-07-01,Jalgaon,20
23,bajri,2016,August,47,1778,1803,1788,2016-08-01,Jalgaon,25
24,bajri,2016,September,79,1703,1719,1719,2016-09-01,Jalgaon,16
25,bajri,2016,October,19,1515,1515,1515,2016-10-01,Jalgaon,0
26,bajri,2016,November,82,1378,1494,1439,2016-11-01,Jalgaon,116
