,Commodity,Year,Month,arrivals_in_qtl,min_price,max_price,modal_price,date,district_name,diff_price
0,pomegranate,2014,September,164,1600,5700,3600,2014-09-01,Jalgaon,4100
1,pomegranate,2014,October,40,2000,7000,4000,2014-10-01,Jalgaon,5000
2,pomegranate,2014,November,190,2583,6833,4583,2014-11-01,Jalgaon,4250
3,pomegranate,2014,December,160,2500,7225,5175,2014-12-01,Jalgaon,4725
4,pomegranate,2015,January,199,2350,7575,4700,2015-01-01,Jalgaon,5225
5,pomegranate,2015,February,110,2833,8167,4833,2015-02-01,Jalgaon,5334
6,pomegranate,2015,March,55,2250,7750,5250,2015-03-01,Jalgaon,5500
7,pomegranate,2015,April,110,2975,6875,4200,2015-04-01,Jalgaon,3900
8,pomegranate,2015,May,61,3167,7667,5067,2015-05-01,Jalgaon,4500
9,pomegranate,2015,June,95,2000,6333,4333,2015-06-01,Jalgaon,4333
10,pomegranate,2015,July,105,2067,5333,3400,2015-07-01,Jalgaon,3266
11,pomegranate,2015,August,80,1100,5200,3650,2015-08-01,Jalgaon,4100
12,pomegranate,2015,September,61,2433,6167,4500,2015-09-01,Jalgaon,3734
13,pomegranate,2015,October,113,2167,6833,4667,2015-10-01,Jalgaon,4666
14,pomegranate,2015,November,80,2167,6900,5667,2015-11-01,Jalgaon,4733
15,pomegranate,2015,December,117,2667,5500,4067,2015-12-01,Jalgaon,2833
16,pomegranate,2016,January,141,1450,6075,4350,2016-01-01,Jalgaon,4625
17,pomegranate,2016,February,90,2100,5833,4500,2016-02-01,Jalgaon,3733
18,pomegranate,2016,March,89,2433,6167,4067,2016-03-01,Jalgaon,3734
19,pomegranate,2016,April,125,2250,5700,4375,2016-04-01,Jalgaon,3450
20,pomegranate,2016,May,95,2933,6333,4667,2016-05-01,Jalgaon,3400
21,pomegranate,2016,June,60,2333,4833,3833,2016-06-01,Jalgaon,2500
22,pomegranate,2016,July,111,2300,6160,4120,2016-07-01,Jalgaon,3860
23,pomegranate,2016,August,46,1875,4875,3625,2016-08-01,Jalgaon,3000
24,pomegranate,2016,September,36,3750,8250,5750,2016-09-01,Jalgaon,4500
25,pomegranate,2016,October,117,4000,8125,5625,2016-10-01,Jalgaon,4125
26,pomegranate,2016,November,60,3167,6833,4667,2016-11-01,Jalgaon,3666
