,Commodity,Year,Month,arrivals_in_qtl,min_price,max_price,modal_price,date,district_name,diff_price
0,coriander  ,2014,September,184,1635,3335,2429,2014-09-01,Jalgaon,1700
1,coriander  ,2014,October,176,2300,4722,3483,2014-10-01,Jalgaon,2422
2,coriander  ,2014,November,203,2571,5048,3752,2014-11-01,Jalgaon,2477
3,coriander  ,2014,December,446,1159,2177,1627,2014-12-01,Jalgaon,1018
4,coriander  ,2015,January,508,537,1184,847,2015-01-01,Jalgaon,647
5,coriander  ,2015,February,258,742,1428,1056,2015-02-01,Jalgaon,686
6,coriander  ,2015,March,262,1400,3238,1952,2015-03-01,Jalgaon,1838
7,coriander  ,2015,April,323,985,2260,1545,2015-04-01,Jalgaon,1275
8,coriander  ,2015,May,217,2005,4623,3157,2015-05-01,Jalgaon,2618
9,coriander  ,2015,June,268,3295,5818,4505,2015-06-01,Jalgaon,2523
10,coriander  ,2015,July,266,2271,4021,3092,2015-07-01,Jalgaon,1750
11,coriander  ,2015,August,254,1715,3460,2595,2015-08-01,Jalgaon,1745
12,coriander  ,2015,September,167,2455,4625,3435,2015-09-01,Jalgaon,2170
13,coriander  ,2015,October,289,2153,3737,2837,2015-10-01,Jalgaon,1584
14,coriander  ,2015,November,312,981,2206,1569,2015-11-01,Jalgaon,1225
15,coriander  ,2015,December,292,1200,2378,1700,2015-12-01,Jalgaon,1178
16,coriander  ,2016,January,286,1680,2775,2190,2016-01-01,Jalgaon,1095
17,coriander  ,2016,February,255,827,1740,1283,2016-02-01,Jalgaon,913
18,coriander  ,2016,March,264,1317,2596,1930,2016-03-01,Jalgaon,1279
19,coriander  ,2016,April,192,2368,4632,3400,2016-04-01,Jalgaon,2264
20,coriander  ,2016,May,297,1919,3810,2743,2016-05-01,Jalgaon,1891
21,coriander  ,2016,June,307,2635,4742,3577,2016-06-01,Jalgaon,2107
22,coriander  ,2016,July,320,2871,5083,3950,2016-07-01,Jalgaon,2212
23,coriander  ,2016,August,248,1413,2648,1961,2016-08-01,Jalgaon,1235
24,coriander  ,2016,September,215,1314,2786,2005,2016-09-01,Jalgaon,1472
25,coriander  ,2016,October,215,2350,4600,3405,2016-10-01,Jalgaon,2250
