,Commodity,Year,Month,arrivals_in_qtl,min_price,max_price,modal_price,date,district_name,diff_price
0,wal papdi,2014,September,94,1618,2182,1891,2014-09-01,Jalgaon,564
1,wal papdi,2014,October,8,1600,2000,1800,2014-10-01,Jalgaon,400
2,wal papdi,2014,November,13,1600,1750,1700,2014-11-01,Jalgaon,150
3,wal papdi,2014,December,28,2317,2317,2317,2014-12-01,Jalgaon,0
4,wal papdi,2015,January,99,1969,2323,2146,2015-01-01,Jalgaon,354
5,wal papdi,2015,February,72,1323,1608,1462,2015-02-01,Jalgaon,285
6,wal papdi,2015,March,109,1375,1563,1456,2015-03-01,Jalgaon,188
7,wal papdi,2015,April,31,1171,1500,1271,2015-04-01,Jalgaon,329
8,wal papdi,2015,May,38,871,1514,1143,2015-05-01,Jalgaon,643
9,wal papdi,2015,June,18,1825,2600,2250,2015-06-01,Jalgaon,775
10,wal papdi,2015,July,76,1154,1785,1438,2015-07-01,Jalgaon,631
11,wal papdi,2015,August,115,1076,1671,1329,2015-08-01,Jalgaon,595
12,wal papdi,2015,September,127,1129,1782,1424,2015-09-01,Jalgaon,653
13,wal papdi,2015,October,6,2500,2500,2500,2015-10-01,Jalgaon,0
14,wal papdi,2015,November,44,1571,1886,1771,2015-11-01,Jalgaon,315
15,wal papdi,2015,December,36,1583,2050,1833,2015-12-01,Jalgaon,467
16,wal papdi,2016,January,74,1831,2285,2046,2016-01-01,Jalgaon,454
17,wal papdi,2016,February,63,1470,1940,1670,2016-02-01,Jalgaon,470
18,wal papdi,2016,March,62,1827,2445,2145,2016-03-01,Jalgaon,618
19,wal papdi,2016,April,19,1950,3050,2400,2016-04-01,Jalgaon,1100
20,wal papdi,2016,July,74,2300,3491,2718,2016-07-01,Jalgaon,1191
21,wal papdi,2016,August,111,1124,1781,1419,2016-08-01,Jalgaon,657
22,wal papdi,2016,September,57,1055,1664,1318,2016-09-01,Jalgaon,609
23,wal papdi,2016,October,45,2620,3640,3050,2016-10-01,Jalgaon,1020
24,wal papdi,2016,November,90,1413,2450,1931,2016-11-01,Jalgaon,1037
