,Commodity,Year,Month,arrivals_in_qtl,min_price,max_price,modal_price,date,district_name,diff_price
0,gram,2014,September,115,2343,2514,2429,2014-09-01,Buldhana,171
1,gram,2014,October,40,2300,2500,2400,2014-10-01,Buldhana,200
2,gram,2014,November,96,2175,2425,2300,2014-11-01,Buldhana,250
3,gram,2014,December,84,2020,2220,2120,2014-12-01,Buldhana,200
4,gram,2015,January,25,2150,2400,2275,2015-01-01,Buldhana,250
5,gram,2015,February,8,2800,3200,3000,2015-02-01,Buldhana,400
6,gram,2015,March,973,2943,3371,3157,2015-03-01,Buldhana,428
7,gram,2015,April,373,3150,3650,3400,2015-04-01,Buldhana,500
8,gram,2015,May,565,3875,4300,4088,2015-05-01,Buldhana,425
9,gram,2015,June,236,3622,4044,3822,2015-06-01,Buldhana,422
10,gram,2015,July,71,3833,4067,3950,2015-07-01,Buldhana,234
11,gram,2015,August,74,3950,4450,4200,2015-08-01,Buldhana,500
12,gram,2015,September,44,3780,4280,4030,2015-09-01,Buldhana,500
13,gram,2015,October,21,4000,4300,4150,2015-10-01,Buldhana,300
14,gram,2015,November,26,3500,4300,3900,2015-11-01,Buldhana,800
15,gram,2015,December,23,3633,3933,3783,2015-12-01,Buldhana,300
16,gram,2016,January,65,3550,4000,3775,2016-01-01,Buldhana,450
17,gram,2016,February,702,3867,4150,4033,2016-02-01,Buldhana,283
18,gram,2016,March,1444,3817,4133,4042,2016-03-01,Buldhana,316
19,gram,2016,April,506,4667,5117,4950,2016-04-01,Buldhana,450
20,gram,2016,May,421,5013,5500,5338,2016-05-01,Buldhana,487
21,gram,2016,June,123,5900,6500,6313,2016-06-01,Buldhana,600
23,gram,2016,August,43,5733,6467,6267,2016-08-01,Buldhana,734
