,Commodity,Year,Month,arrivals_in_qtl,min_price,max_price,modal_price,date,district_name,diff_price
0,coriander (dry),2014,September,50,11178,11500,11178,2014-09-01,Jalgaon,322
1,coriander (dry),2014,October,214,10710,11315,11045,2014-10-01,Jalgaon,605
2,coriander (dry),2014,November,249,11067,12108,11592,2014-11-01,Jalgaon,1041
3,coriander (dry),2014,December,187,11603,12293,12030,2014-12-01,Jalgaon,690
4,coriander (dry),2015,January,109,9971,10932,10371,2015-01-01,Jalgaon,961
5,coriander (dry),2015,February,510,8057,8818,8472,2015-02-01,Jalgaon,761
6,coriander (dry),2015,March,641,7078,7935,7471,2015-03-01,Jalgaon,857
7,coriander (dry),2015,April,492,6892,7921,7246,2015-04-01,Jalgaon,1029
8,coriander (dry),2015,May,753,7772,9051,8382,2015-05-01,Jalgaon,1279
9,coriander (dry),2015,June,405,10793,11542,11030,2015-06-01,Jalgaon,749
10,coriander (dry),2015,July,47,10500,11050,11050,2015-07-01,Jalgaon,550
11,coriander (dry),2015,August,161,9700,10082,9955,2015-08-01,Jalgaon,382
12,coriander (dry),2015,September,386,9975,10629,10247,2015-09-01,Jalgaon,654
13,coriander (dry),2015,October,677,9261,11214,10607,2015-10-01,Jalgaon,1953
14,coriander (dry),2015,November,44,10060,10060,10060,2015-11-01,Jalgaon,0
15,coriander (dry),2015,December,240,9658,10133,10100,2015-12-01,Jalgaon,475
16,coriander (dry),2016,January,372,9547,10338,10188,2016-01-01,Jalgaon,791
17,coriander (dry),2016,February,361,7794,8636,8360,2016-02-01,Jalgaon,842
18,coriander (dry),2016,March,463,7403,8078,7770,2016-03-01,Jalgaon,675
19,coriander (dry),2016,April,378,8369,8853,8539,2016-04-01,Jalgaon,484
20,coriander (dry),2016,May,209,8975,9296,8983,2016-05-01,Jalgaon,321
21,coriander (dry),2016,June,228,8095,8377,8343,2016-06-01,Jalgaon,282
22,coriander (dry),2016,July,28,7600,8200,8000,2016-07-01,Jalgaon,600
23,coriander (dry),2016,August,18,8250,8350,8350,2016-08-01,Jalgaon,100
24,coriander (dry),2016,September,66,6438,6938,6788,2016-09-01,Jalgaon,500
25,coriander (dry),2016,October,91,7083,7500,7450,2016-10-01,Jalgaon,417
26,coriander (dry),2016,November,108,6992,7173,7105,2016-11-01,Jalgaon,181
