,Commodity,Year,Month,arrivals_in_qtl,min_price,max_price,modal_price,date,district_name,diff_price
0,amla,2014,September,12,1100,1800,1400,2014-09-01,Jalgaon,700
1,amla,2014,October,48,883,1767,1383,2014-10-01,Jalgaon,884
2,amla,2014,November,140,1215,1925,1560,2014-11-01,Jalgaon,710
3,amla,2014,December,179,1200,1732,1468,2014-12-01,Jalgaon,532
4,amla,2015,January,26,1450,1525,1475,2015-01-01,Jalgaon,75
6,amla,2015,October,196,1006,1647,1329,2015-10-01,Jalgaon,641
7,amla,2015,November,121,1091,1445,1236,2015-11-01,Jalgaon,354
8,amla,2015,December,184,762,1438,1108,2015-12-01,Jalgaon,676
9,amla,2016,January,84,1000,1389,1200,2016-01-01,Jalgaon,389
10,amla,2016,February,41,1200,1425,1275,2016-02-01,Jalgaon,225
11,amla,2016,November,26,1100,2000,1500,2016-11-01,Jalgaon,900
