,Commodity,Year,Month,arrivals_in_qtl,min_price,max_price,modal_price,date,district_name,diff_price
0,orange,2014,October,92,725,1383,1050,2014-10-01,Jalgaon,658
1,orange,2014,November,245,761,1689,1228,2014-11-01,Jalgaon,928
2,orange,2014,December,425,1057,2165,1626,2014-12-01,Jalgaon,1108
3,orange,2015,January,252,893,1736,1321,2015-01-01,Jalgaon,843
4,orange,2015,February,10,700,1200,800,2015-02-01,Jalgaon,500
5,orange,2015,March,137,900,1813,1375,2015-03-01,Jalgaon,913
6,orange,2015,April,102,743,1586,1200,2015-04-01,Jalgaon,843
7,orange,2015,October,293,731,1308,977,2015-10-01,Jalgaon,577
8,orange,2015,November,682,664,1443,1064,2015-11-01,Jalgaon,779
9,orange,2015,December,518,653,1312,988,2015-12-01,Jalgaon,659
10,orange,2016,January,199,736,1336,1014,2016-01-01,Jalgaon,600
11,orange,2016,February,28,1067,1400,1200,2016-02-01,Jalgaon,333
12,orange,2016,March,12,700,1800,1200,2016-03-01,Jalgaon,1100
13,orange,2016,April,13,800,2500,1600,2016-04-01,Jalgaon,1700
14,orange,2016,October,62,1025,2000,1425,2016-10-01,Jalgaon,975
15,orange,2016,November,121,808,1625,1167,2016-11-01,Jalgaon,817
