,Commodity,Year,Month,arrivals_in_qtl,min_price,max_price,modal_price,date,district_name,diff_price
0,flower,2014,September,168,1513,2306,1881,2014-09-01,Jalgaon,793
1,flower,2014,October,299,1311,2039,1683,2014-10-01,Jalgaon,728
2,flower,2014,November,463,1032,1763,1358,2014-11-01,Jalgaon,731
3,flower,2014,December,510,1098,1727,1414,2014-12-01,Jalgaon,629
4,flower,2015,January,431,1028,1583,1294,2015-01-01,Jalgaon,555
5,flower,2015,February,432,844,1569,1219,2015-02-01,Jalgaon,725
6,flower,2015,March,508,1005,1920,1370,2015-03-01,Jalgaon,915
7,flower,2015,April,468,675,1220,895,2015-04-01,Jalgaon,545
8,flower,2015,May,296,1230,1980,1540,2015-05-01,Jalgaon,750
10,flower,2015,July,297,2183,3246,2654,2015-07-01,Jalgaon,1063
11,flower,2015,August,298,1850,2795,2320,2015-08-01,Jalgaon,945
12,flower,2015,September,395,1210,1930,1545,2015-09-01,Jalgaon,720
13,flower,2015,October,476,1215,1915,1565,2015-10-01,Jalgaon,700
14,flower,2015,November,344,1034,1700,1394,2015-11-01,Jalgaon,666
15,flower,2015,December,344,1088,1625,1331,2015-12-01,Jalgaon,537
16,flower,2016,January,352,1267,1828,1506,2016-01-01,Jalgaon,561
17,flower,2016,February,348,763,1356,1016,2016-02-01,Jalgaon,593
18,flower,2016,March,466,1157,1930,1522,2016-03-01,Jalgaon,773
19,flower,2016,April,289,1732,2379,2042,2016-04-01,Jalgaon,647
20,flower,2016,May,211,2159,2768,2464,2016-05-01,Jalgaon,609
23,flower,2016,August,367,1343,2161,1683,2016-08-01,Jalgaon,818
24,flower,2016,September,334,1014,1824,1400,2016-09-01,Jalgaon,810
25,flower,2016,October,439,1386,2191,1723,2016-10-01,Jalgaon,805
26,flower,2016,November,484,710,1248,948,2016-11-01,Jalgaon,538
