,Commodity,Year,Month,arrivals_in_qtl,min_price,max_price,modal_price,date,district_name,diff_price
0,green gram,2014,September,2,5000,6000,5500,2014-09-01,Buldhana,1000
1,green gram,2014,October,2,6750,6750,6750,2014-10-01,Buldhana,0
2,green gram,2015,July,2,6000,6000,6000,2015-07-01,Buldhana,0
3,green gram,2015,September,1,6200,6200,6200,2015-09-01,Buldhana,0
4,green gram,2016,September,15,4400,4600,4500,2016-09-01,Buldhana,200
5,green gram,2016,October,15,4250,4900,4700,2016-10-01,Buldhana,650
