,Commodity,Year,Month,arrivals_in_qtl,min_price,max_price,modal_price,date,district_name,diff_price
0,mango(raw),2015,March,90,2100,2920,2510,2015-03-01,Jalgaon,820
1,mango(raw),2015,April,602,1063,1684,1342,2015-04-01,Jalgaon,621
2,mango(raw),2015,May,866,936,1836,1359,2015-05-01,Jalgaon,900
3,mango(raw),2015,June,675,1224,2296,1757,2015-06-01,Jalgaon,1072
4,mango(raw),2015,July,35,1200,2000,1600,2015-07-01,Jalgaon,800
5,mango(raw),2016,March,71,2373,3064,2700,2016-03-01,Jalgaon,691
6,mango(raw),2016,April,309,1400,2153,1768,2016-04-01,Jalgaon,753
7,mango(raw),2016,May,916,1027,1664,1336,2016-05-01,Jalgaon,637
8,mango(raw),2016,June,589,1726,2570,2148,2016-06-01,Jalgaon,844
9,mango(raw),2016,July,151,2783,4667,3783,2016-07-01,Jalgaon,1884
