,Commodity,Year,Month,arrivals_in_qtl,min_price,max_price,modal_price,date,district_name,diff_price
0,cabbage,2014,September,251,700,1065,853,2014-09-01,Jalgaon,365
1,cabbage,2014,October,299,694,1059,865,2014-10-01,Jalgaon,365
2,cabbage,2014,November,435,576,924,733,2014-11-01,Jalgaon,348
3,cabbage,2014,December,329,595,884,737,2014-12-01,Jalgaon,289
4,cabbage,2015,January,343,868,1335,1097,2015-01-01,Jalgaon,467
5,cabbage,2015,February,347,728,1256,956,2015-02-01,Jalgaon,528
6,cabbage,2015,March,385,637,1021,800,2015-03-01,Jalgaon,384
7,cabbage,2015,April,350,617,956,786,2015-04-01,Jalgaon,339
8,cabbage,2015,May,403,491,782,632,2015-05-01,Jalgaon,291
10,cabbage,2015,July,406,700,1146,906,2015-07-01,Jalgaon,446
11,cabbage,2015,August,353,600,1030,775,2015-08-01,Jalgaon,430
12,cabbage,2015,September,390,570,905,728,2015-09-01,Jalgaon,335
13,cabbage,2015,October,300,541,871,706,2015-10-01,Jalgaon,330
14,cabbage,2015,November,241,681,1025,831,2015-11-01,Jalgaon,344
15,cabbage,2015,December,283,711,1061,878,2015-12-01,Jalgaon,350
16,cabbage,2016,January,318,708,1045,858,2016-01-01,Jalgaon,337
17,cabbage,2016,February,274,622,931,753,2016-02-01,Jalgaon,309
18,cabbage,2016,March,359,668,1077,873,2016-03-01,Jalgaon,409
19,cabbage,2016,April,330,553,847,718,2016-04-01,Jalgaon,294
20,cabbage,2016,May,351,650,1005,839,2016-05-01,Jalgaon,355
24,cabbage,2016,September,378,505,990,765,2016-09-01,Jalgaon,485
25,cabbage,2016,October,330,533,1019,771,2016-10-01,Jalgaon,486
26,cabbage,2016,November,367,440,845,635,2016-11-01,Jalgaon,405
