,Commodity,Year,Month,arrivals_in_qtl,min_price,max_price,modal_price,date,district_name,diff_price
0,wheat(husked),2014,September,413,1314,1514,1414,2014-09-01,Buldhana,200
1,wheat(husked),2014,October,244,1257,1429,1343,2014-10-01,Buldhana,172
2,wheat(husked),2014,November,167,1317,1417,1367,2014-11-01,Buldhana,100
3,wheat(husked),2014,December,169,1336,1436,1386,2014-12-01,Buldhana,100
4,wheat(husked),2015,January,14,1317,1483,1400,2015-01-01,Buldhana,166
5,wheat(husked),2015,February,9,1300,1500,1400,2015-02-01,Buldhana,200
6,wheat(husked),2015,March,5078,1258,1392,1325,2015-03-01,Buldhana,134
7,wheat(husked),2015,April,1598,1250,1350,1300,2015-04-01,Buldhana,100
8,wheat(husked),2015,May,1156,1250,1350,1300,2015-05-01,Buldhana,100
9,wheat(husked),2015,June,298,1229,1343,1286,2015-06-01,Buldhana,114
10,wheat(husked),2015,July,218,1218,1364,1291,2015-07-01,Buldhana,146
11,wheat(husked),2015,August,271,1275,1400,1338,2015-08-01,Buldhana,125
12,wheat(husked),2015,September,498,1297,1463,1380,2015-09-01,Buldhana,166
13,wheat(husked),2015,October,516,1275,1425,1350,2015-10-01,Buldhana,150
14,wheat(husked),2015,November,59,1350,1475,1413,2015-11-01,Buldhana,125
15,wheat(husked),2015,December,30,1300,1420,1360,2015-12-01,Buldhana,120
16,wheat(husked),2016,January,15,1400,1533,1467,2016-01-01,Buldhana,133
17,wheat(husked),2016,February,5,1467,1533,1500,2016-02-01,Buldhana,66
