,Commodity,Year,Month,arrivals_in_qtl,min_price,max_price,modal_price,date,district_name,diff_price
0,squash gourd,2014,September,346,679,1058,854,2014-09-01,Jalgaon,379
2,squash gourd,2014,December,19,1000,1300,1167,2014-12-01,Jalgaon,300
3,squash gourd,2015,January,14,1200,2000,1500,2015-01-01,Jalgaon,800
4,squash gourd,2015,February,6,1400,1400,1400,2015-02-01,Jalgaon,0
5,squash gourd,2015,March,60,1043,1343,1129,2015-03-01,Jalgaon,300
6,squash gourd,2015,April,100,623,838,738,2015-04-01,Jalgaon,215
7,squash gourd,2015,May,282,624,1095,869,2015-05-01,Jalgaon,471
8,squash gourd,2015,June,461,653,1121,866,2015-06-01,Jalgaon,468
9,squash gourd,2015,July,1160,629,1092,840,2015-07-01,Jalgaon,463
10,squash gourd,2015,August,1094,568,1084,811,2015-08-01,Jalgaon,516
11,squash gourd,2015,September,800,650,1130,893,2015-09-01,Jalgaon,480
12,squash gourd,2015,October,292,721,1125,921,2015-10-01,Jalgaon,404
13,squash gourd,2015,November,3,700,700,700,2015-11-01,Jalgaon,0
