,Commodity,Year,Month,arrivals_in_qtl,min_price,max_price,modal_price,date,district_name,diff_price
0,jaggery,2014,September,186,3115,3501,3331,2014-09-01,Jalgaon,386
1,jaggery,2014,December,1079,2326,2867,2606,2014-12-01,Jalgaon,541
2,jaggery,2015,January,6165,2204,2811,2483,2015-01-01,Jalgaon,607
3,jaggery,2015,February,8059,2085,2516,2298,2015-02-01,Jalgaon,431
4,jaggery,2015,March,5769,2063,2437,2246,2015-03-01,Jalgaon,374
5,jaggery,2015,April,3745,2090,2553,2345,2015-04-01,Jalgaon,463
6,jaggery,2015,May,3686,2430,2710,2587,2015-05-01,Jalgaon,280
7,jaggery,2015,June,3941,2396,2722,2547,2015-06-01,Jalgaon,326
8,jaggery,2015,July,1251,2238,2561,2486,2015-07-01,Jalgaon,323
9,jaggery,2015,August,3033,2182,2575,2471,2015-08-01,Jalgaon,393
10,jaggery,2015,September,2556,2258,2592,2373,2015-09-01,Jalgaon,334
11,jaggery,2015,October,622,2325,2651,2545,2015-10-01,Jalgaon,326
12,jaggery,2015,November,44,2525,2525,2525,2015-11-01,Jalgaon,0
13,jaggery,2015,December,1357,2433,2811,2722,2015-12-01,Jalgaon,378
14,jaggery,2016,January,2041,2526,2972,2801,2016-01-01,Jalgaon,446
15,jaggery,2016,February,1747,2526,2899,2776,2016-02-01,Jalgaon,373
16,jaggery,2016,March,1377,2733,3003,2860,2016-03-01,Jalgaon,270
17,jaggery,2016,April,802,2914,3402,3211,2016-04-01,Jalgaon,488
18,jaggery,2016,May,277,3141,3371,3312,2016-05-01,Jalgaon,230
19,jaggery,2016,June,419,3193,3478,3325,2016-06-01,Jalgaon,285
20,jaggery,2016,September,137,3425,3663,3576,2016-09-01,Jalgaon,238
21,jaggery,2016,October,111,3441,3541,3478,2016-10-01,Jalgaon,100
22,jaggery,2016,November,261,3000,3288,3113,2016-11-01,Jalgaon,288
