,Commodity,Year,Month,arrivals_in_qtl,min_price,max_price,modal_price,date,district_name,diff_price
0,green gram,2014,September,548,5123,6543,5857,2014-09-01,Jalgaon,1420
1,green gram,2014,October,745,5234,6620,6128,2014-10-01,Jalgaon,1386
2,green gram,2014,November,194,6357,7286,6914,2014-11-01,Jalgaon,929
3,green gram,2014,December,63,5700,6208,5892,2014-12-01,Jalgaon,508
4,green gram,2015,January,82,6860,7400,7340,2015-01-01,Jalgaon,540
5,green gram,2015,February,1,5000,5000,5000,2015-02-01,Jalgaon,0
6,green gram,2015,May,8,6500,7200,6500,2015-05-01,Jalgaon,700
7,green gram,2015,June,25,6060,6180,6060,2015-06-01,Jalgaon,120
8,green gram,2015,July,6,6000,6000,6000,2015-07-01,Jalgaon,0
9,green gram,2015,August,262,6443,6807,6777,2015-08-01,Jalgaon,364
10,green gram,2015,September,428,7311,7883,7641,2015-09-01,Jalgaon,572
11,green gram,2015,October,1266,7892,8559,8393,2015-10-01,Jalgaon,667
12,green gram,2015,November,301,7215,7435,7421,2015-11-01,Jalgaon,220
13,green gram,2015,December,81,6933,7483,7067,2015-12-01,Jalgaon,550
14,green gram,2016,January,27,6800,6800,6800,2016-01-01,Jalgaon,0
15,green gram,2016,February,94,6943,6943,6943,2016-02-01,Jalgaon,0
16,green gram,2016,April,43,6133,6400,6400,2016-04-01,Jalgaon,267
17,green gram,2016,June,40,5486,5600,5600,2016-06-01,Jalgaon,114
18,green gram,2016,July,172,5470,5520,5470,2016-07-01,Jalgaon,50
19,green gram,2016,August,353,4517,4636,4547,2016-08-01,Jalgaon,119
20,green gram,2016,September,1244,4556,5483,4924,2016-09-01,Jalgaon,927
21,green gram,2016,October,246,4747,4862,4804,2016-10-01,Jalgaon,115
22,green gram,2016,November,630,4601,4926,4735,2016-11-01,Jalgaon,325
