,Commodity,Year,Month,arrivals_in_qtl,min_price,max_price,modal_price,date,district_name,diff_price
0,sorgum(jawar),2014,September,155,1092,1183,1138,2014-09-01,Buldhana,91
1,sorgum(jawar),2014,October,77,1013,1163,1088,2014-10-01,Buldhana,150
2,sorgum(jawar),2014,November,175,1100,1271,1186,2014-11-01,Buldhana,171
3,sorgum(jawar),2014,December,784,1144,1319,1231,2014-12-01,Buldhana,175
4,sorgum(jawar),2015,January,364,1257,1457,1357,2015-01-01,Buldhana,200
5,sorgum(jawar),2015,February,318,1200,1420,1310,2015-02-01,Buldhana,220
6,sorgum(jawar),2015,March,520,1129,1329,1229,2015-03-01,Buldhana,200
7,sorgum(jawar),2015,April,222,1113,1238,1175,2015-04-01,Buldhana,125
8,sorgum(jawar),2015,May,351,1113,1250,1181,2015-05-01,Buldhana,137
9,sorgum(jawar),2015,June,204,1033,1217,1125,2015-06-01,Buldhana,184
10,sorgum(jawar),2015,July,54,1000,1200,1100,2015-07-01,Buldhana,200
11,sorgum(jawar),2015,August,178,1067,1250,1158,2015-08-01,Buldhana,183
12,sorgum(jawar),2015,September,314,1140,1340,1240,2015-09-01,Buldhana,200
13,sorgum(jawar),2015,October,140,1133,1300,1217,2015-10-01,Buldhana,167
14,sorgum(jawar),2015,November,81,1140,1260,1200,2015-11-01,Buldhana,120
15,sorgum(jawar),2015,December,190,1143,1300,1221,2015-12-01,Buldhana,157
16,sorgum(jawar),2016,January,36,1150,1300,1225,2016-01-01,Buldhana,150
17,sorgum(jawar),2016,February,66,1117,1233,1175,2016-02-01,Buldhana,116
18,sorgum(jawar),2016,March,41,1100,1225,1163,2016-03-01,Buldhana,125
19,sorgum(jawar),2016,April,6,1100,1200,1150,2016-04-01,Buldhana,100
20,sorgum(jawar),2016,May,44,1200,1350,1275,2016-05-01,Buldhana,150
24,sorgum(jawar),2016,October,692,1183,1300,1250,2016-10-01,Buldhana,117
25,sorgum(jawar),2016,November,359,1075,1300,1200,2016-11-01,Buldhana,225
