,Commodity,Year,Month,arrivals_in_qtl,min_price,max_price,modal_price,date,district_name,diff_price
0,melon,2014,October,18,500,850,650,2014-10-01,Jalgaon,350
1,melon,2015,January,37,750,900,800,2015-01-01,Jalgaon,150
2,melon,2015,February,165,780,1240,930,2015-02-01,Jalgaon,460
3,melon,2015,March,375,757,1271,950,2015-03-01,Jalgaon,514
4,melon,2015,April,1526,490,880,665,2015-04-01,Jalgaon,390
5,melon,2015,May,700,419,763,609,2015-05-01,Jalgaon,344
6,melon,2015,June,401,858,1325,1067,2015-06-01,Jalgaon,467
7,melon,2015,July,10,700,1000,800,2015-07-01,Jalgaon,300
8,melon,2016,March,160,933,1467,1167,2016-03-01,Jalgaon,534
9,melon,2016,April,472,738,1244,956,2016-04-01,Jalgaon,506
10,melon,2016,May,370,888,1388,1131,2016-05-01,Jalgaon,500
11,melon,2016,June,317,1186,1736,1450,2016-06-01,Jalgaon,550
12,melon,2016,July,45,1000,1567,1267,2016-07-01,Jalgaon,567
