,Commodity,Year,Month,arrivals_in_qtl,min_price,max_price,modal_price,date,district_name,diff_price
0,brinjal,2014,September,421,1663,2575,2069,2014-09-01,Jalgaon,912
1,brinjal,2014,October,594,1365,2488,1847,2014-10-01,Jalgaon,1123
2,brinjal,2014,November,943,1277,2168,1673,2014-11-01,Jalgaon,891
3,brinjal,2014,December,789,1514,2600,2032,2014-12-01,Jalgaon,1086
4,brinjal,2015,January,904,1026,1947,1474,2015-01-01,Jalgaon,921
5,brinjal,2015,February,808,711,1326,984,2015-02-01,Jalgaon,615
6,brinjal,2015,March,753,765,1355,1005,2015-03-01,Jalgaon,590
7,brinjal,2015,April,684,745,1337,989,2015-04-01,Jalgaon,592
8,brinjal,2015,May,847,761,1416,1020,2015-05-01,Jalgaon,655
9,brinjal,2015,June,864,716,1368,1034,2015-06-01,Jalgaon,652
10,brinjal,2015,July,957,454,883,658,2015-07-01,Jalgaon,429
11,brinjal,2015,August,639,920,1935,1395,2015-08-01,Jalgaon,1015
12,brinjal,2015,September,975,845,1915,1365,2015-09-01,Jalgaon,1070
13,brinjal,2015,October,755,872,1928,1356,2015-10-01,Jalgaon,1056
14,brinjal,2015,November,920,681,1500,1075,2015-11-01,Jalgaon,819
15,brinjal,2015,December,690,1200,2350,1733,2015-12-01,Jalgaon,1150
16,brinjal,2016,January,635,1405,2630,2045,2016-01-01,Jalgaon,1225
17,brinjal,2016,February,479,769,1556,1125,2016-02-01,Jalgaon,787
18,brinjal,2016,March,672,870,1678,1261,2016-03-01,Jalgaon,808
19,brinjal,2016,April,583,1016,1647,1295,2016-04-01,Jalgaon,631
20,brinjal,2016,May,902,593,1123,836,2016-05-01,Jalgaon,530
21,brinjal,2016,June,826,1096,1723,1381,2016-06-01,Jalgaon,627
22,brinjal,2016,July,778,1000,1817,1417,2016-07-01,Jalgaon,817
23,brinjal,2016,August,702,974,2209,1552,2016-08-01,Jalgaon,1235
24,brinjal,2016,September,740,818,2177,1464,2016-09-01,Jalgaon,1359
25,brinjal,2016,October,729,905,2973,1991,2016-10-01,Jalgaon,2068
26,brinjal,2016,November,768,490,1390,895,2016-11-01,Jalgaon,900
