,Commodity,Year,Month,arrivals_in_qtl,min_price,max_price,modal_price,date,district_name,diff_price
0,black gram,2014,September,1766,4812,5020,4945,2014-09-01,Jalgaon,208
1,black gram,2014,October,7096,4091,4727,4586,2014-10-01,Jalgaon,636
2,black gram,2014,November,5278,4611,5095,4987,2014-11-01,Jalgaon,484
3,black gram,2014,December,2537,5122,5495,5394,2014-12-01,Jalgaon,373
4,black gram,2015,January,738,5724,5918,5834,2015-01-01,Jalgaon,194
5,black gram,2015,February,256,5485,5568,5540,2015-02-01,Jalgaon,83
6,black gram,2015,March,1322,5503,5554,5526,2015-03-01,Jalgaon,51
7,black gram,2015,April,114,6567,6667,6656,2015-04-01,Jalgaon,100
8,black gram,2015,May,16,7200,7556,7456,2015-05-01,Jalgaon,356
9,black gram,2015,June,93,7476,7753,7665,2015-06-01,Jalgaon,277
10,black gram,2015,July,14,5200,5200,5200,2015-07-01,Jalgaon,0
11,black gram,2015,August,1,7605,7605,7605,2015-08-01,Jalgaon,0
12,black gram,2015,September,3018,8213,9130,8804,2015-09-01,Jalgaon,917
13,black gram,2015,October,2131,9816,11709,11274,2015-10-01,Jalgaon,1893
14,black gram,2015,November,530,10242,11036,10877,2015-11-01,Jalgaon,794
15,black gram,2015,December,313,10282,10906,10824,2015-12-01,Jalgaon,624
16,black gram,2016,January,386,9800,10497,10278,2016-01-01,Jalgaon,697
17,black gram,2016,February,206,9740,10100,10070,2016-02-01,Jalgaon,360
18,black gram,2016,March,303,9456,10189,10139,2016-03-01,Jalgaon,733
19,black gram,2016,April,106,10730,11110,11110,2016-04-01,Jalgaon,380
20,black gram,2016,May,61,11771,11871,11871,2016-05-01,Jalgaon,100
21,black gram,2016,June,143,12631,12792,12731,2016-06-01,Jalgaon,161
22,black gram,2016,July,17,11833,11833,11833,2016-07-01,Jalgaon,0
23,black gram,2016,August,10,7133,7167,7133,2016-08-01,Jalgaon,34
24,black gram,2016,September,10400,6529,7125,6907,2016-09-01,Jalgaon,596
25,black gram,2016,October,4767,4704,7111,6606,2016-10-01,Jalgaon,2407
26,black gram,2016,November,11124,4298,7558,7380,2016-11-01,Jalgaon,3260
