,Commodity,Year,Month,arrivals_in_qtl,min_price,max_price,modal_price,date,district_name,diff_price
0,ground nut pods (dry),2014,September,257,2910,3270,3090,2014-09-01,Buldhana,360
1,ground nut pods (dry),2014,October,35,2750,3017,2883,2014-10-01,Buldhana,267
2,ground nut pods (dry),2014,November,82,3163,3388,3275,2014-11-01,Buldhana,225
3,ground nut pods (dry),2014,December,32,3170,3710,3420,2014-12-01,Buldhana,540
4,ground nut pods (dry),2015,January,11,2900,3200,3050,2015-01-01,Buldhana,300
5,ground nut pods (dry),2015,March,1,3000,3000,3000,2015-03-01,Buldhana,0
6,ground nut pods (dry),2015,May,2912,3397,4922,4159,2015-05-01,Buldhana,1525
7,ground nut pods (dry),2015,June,842,3891,4928,4372,2015-06-01,Buldhana,1037
8,ground nut pods (dry),2015,July,65,4688,5413,5050,2015-07-01,Buldhana,725
9,ground nut pods (dry),2015,August,122,4775,5150,4963,2015-08-01,Buldhana,375
10,ground nut pods (dry),2015,September,94,4860,5220,5040,2015-09-01,Buldhana,360
11,ground nut pods (dry),2015,October,55,3600,4200,3900,2015-10-01,Buldhana,600
12,ground nut pods (dry),2015,November,48,3750,4150,3925,2015-11-01,Buldhana,400
13,ground nut pods (dry),2015,December,4,4400,4500,4450,2015-12-01,Buldhana,100
14,ground nut pods (dry),2016,January,4,4000,4000,4000,2016-01-01,Buldhana,0
15,ground nut pods (dry),2016,April,75,4400,5050,4900,2016-04-01,Buldhana,650
16,ground nut pods (dry),2016,May,617,4414,5329,5086,2016-05-01,Buldhana,915
17,ground nut pods (dry),2016,June,283,4929,5643,5450,2016-06-01,Buldhana,714
18,ground nut pods (dry),2016,July,114,5000,5750,5375,2016-07-01,Buldhana,750
