,Commodity,Year,Month,arrivals_in_qtl,min_price,max_price,modal_price,date,district_name,diff_price
0,banana,2014,September,341,225,376,295,2014-09-01,Jalgaon,151
1,banana,2014,October,249,232,429,336,2014-10-01,Jalgaon,197
2,banana,2014,November,288,287,494,402,2014-11-01,Jalgaon,207
3,banana,2014,December,293,326,465,395,2014-12-01,Jalgaon,139
4,banana,2015,January,366,276,428,339,2015-01-01,Jalgaon,152
5,banana,2015,February,290,314,461,365,2015-02-01,Jalgaon,147
6,banana,2015,March,405,299,435,351,2015-03-01,Jalgaon,136
7,banana,2015,April,351,218,344,278,2015-04-01,Jalgaon,126
8,banana,2015,May,401,177,274,214,2015-05-01,Jalgaon,97
9,banana,2015,June,275,227,336,275,2015-06-01,Jalgaon,109
10,banana,2015,July,613,260,435,347,2015-07-01,Jalgaon,175
11,banana,2015,August,937,163,320,241,2015-08-01,Jalgaon,157
12,banana,2015,September,1196,126,268,195,2015-09-01,Jalgaon,142
13,banana,2015,October,372,251,375,315,2015-10-01,Jalgaon,124
14,banana,2015,November,264,245,358,297,2015-11-01,Jalgaon,113
15,banana,2015,December,285,178,292,230,2015-12-01,Jalgaon,114
16,banana,2016,January,636,141,245,195,2016-01-01,Jalgaon,104
17,banana,2016,February,301,202,334,267,2016-02-01,Jalgaon,132
18,banana,2016,March,475,182,275,218,2016-03-01,Jalgaon,93
19,banana,2016,April,305,191,281,229,2016-04-01,Jalgaon,90
20,banana,2016,May,281,345,483,411,2016-05-01,Jalgaon,138
21,banana,2016,June,366,247,408,314,2016-06-01,Jalgaon,161
22,banana,2016,July,217,218,339,273,2016-07-01,Jalgaon,121
23,banana,2016,August,264,208,338,258,2016-08-01,Jalgaon,130
24,banana,2016,September,352,235,359,284,2016-09-01,Jalgaon,124
25,banana,2016,October,457,228,369,281,2016-10-01,Jalgaon,141
26,banana,2016,November,383,221,354,267,2016-11-01,Jalgaon,133
