,Commodity,Year,Month,arrivals_in_qtl,min_price,max_price,modal_price,date,district_name,diff_price
0,pigeon pea (tur),2014,September,1300,4267,4833,4550,2014-09-01,Buldhana,566
1,pigeon pea (tur),2014,October,228,4360,4840,4600,2014-10-01,Buldhana,480
2,pigeon pea (tur),2014,November,105,4333,4833,4583,2014-11-01,Buldhana,500
3,pigeon pea (tur),2014,December,152,3833,4300,4067,2014-12-01,Buldhana,467
4,pigeon pea (tur),2015,January,3328,3956,4689,4339,2015-01-01,Buldhana,733
5,pigeon pea (tur),2015,February,4765,4900,5460,5180,2015-02-01,Buldhana,560
6,pigeon pea (tur),2015,March,3609,4971,5686,5329,2015-03-01,Buldhana,715
7,pigeon pea (tur),2015,April,2287,5050,6275,5663,2015-04-01,Buldhana,1225
8,pigeon pea (tur),2015,May,2857,5188,6025,5594,2015-05-01,Buldhana,837
9,pigeon pea (tur),2015,June,2246,5200,6833,6317,2015-06-01,Buldhana,1633
10,pigeon pea (tur),2015,July,678,5757,7379,6568,2015-07-01,Buldhana,1622
11,pigeon pea (tur),2015,August,529,7714,9014,8364,2015-08-01,Buldhana,1300
12,pigeon pea (tur),2015,September,201,7067,8933,8000,2015-09-01,Buldhana,1866
13,pigeon pea (tur),2015,October,24,8400,9200,8800,2015-10-01,Buldhana,800
14,pigeon pea (tur),2015,November,4,6500,6500,6500,2015-11-01,Buldhana,0
15,pigeon pea (tur),2015,December,2766,6500,8271,7386,2015-12-01,Buldhana,1771
16,pigeon pea (tur),2016,January,7974,7729,8671,8171,2016-01-01,Buldhana,942
17,pigeon pea (tur),2016,February,3571,7214,7971,7700,2016-02-01,Buldhana,757
18,pigeon pea (tur),2016,March,2841,7100,8000,7700,2016-03-01,Buldhana,900
19,pigeon pea (tur),2016,April,1940,7960,8680,8530,2016-04-01,Buldhana,720
20,pigeon pea (tur),2016,May,3851,7944,8744,8467,2016-05-01,Buldhana,800
21,pigeon pea (tur),2016,June,2558,7957,8707,8493,2016-06-01,Buldhana,750
22,pigeon pea (tur),2016,July,2056,7822,8500,8306,2016-07-01,Buldhana,678
23,pigeon pea (tur),2016,August,1764,5500,6411,6156,2016-08-01,Buldhana,911
24,pigeon pea (tur),2016,September,953,5936,6821,6407,2016-09-01,Buldhana,885
25,pigeon pea (tur),2016,October,927,5200,6329,5943,2016-10-01,Buldhana,1129
26,pigeon pea (tur),2016,November,231,4825,5450,5188,2016-11-01,Buldhana,625
