,Commodity,Year,Month,arrivals_in_qtl,min_price,max_price,modal_price,date,district_name,diff_price
0,gram,2014,September,331,2728,2905,2813,2014-09-01,Jalgaon,177
1,gram,2014,October,3926,2723,3054,2947,2014-10-01,Jalgaon,331
2,gram,2014,November,3538,2986,3156,3096,2014-11-01,Jalgaon,170
3,gram,2014,December,856,2926,3074,2987,2014-12-01,Jalgaon,148
4,gram,2015,January,393,2795,3030,2845,2015-01-01,Jalgaon,235
5,gram,2015,February,862,3329,3488,3409,2015-02-01,Jalgaon,159
6,gram,2015,March,2599,3385,3580,3452,2015-03-01,Jalgaon,195
7,gram,2015,April,3579,3698,4074,3895,2015-04-01,Jalgaon,376
8,gram,2015,May,1569,3951,4445,4241,2015-05-01,Jalgaon,494
9,gram,2015,June,1099,3945,4175,4097,2015-06-01,Jalgaon,230
10,gram,2015,July,323,3890,4025,4005,2015-07-01,Jalgaon,135
11,gram,2015,August,117,3840,3850,3850,2015-08-01,Jalgaon,10
12,gram,2015,September,257,3917,4059,3966,2015-09-01,Jalgaon,142
13,gram,2015,October,2090,3353,4128,3658,2015-10-01,Jalgaon,775
14,gram,2015,November,3230,3526,3868,3581,2015-11-01,Jalgaon,342
15,gram,2015,December,1287,3624,3904,3787,2015-12-01,Jalgaon,280
16,gram,2016,January,1165,3716,4013,3925,2016-01-01,Jalgaon,297
17,gram,2016,February,2505,4734,4983,4910,2016-02-01,Jalgaon,249
18,gram,2016,March,4735,4995,5347,5217,2016-03-01,Jalgaon,352
19,gram,2016,April,2313,5490,6123,5877,2016-04-01,Jalgaon,633
20,gram,2016,May,862,5833,6088,5967,2016-05-01,Jalgaon,255
21,gram,2016,June,435,6149,6392,6292,2016-06-01,Jalgaon,243
22,gram,2016,July,10,7533,7533,7533,2016-07-01,Jalgaon,0
23,gram,2016,August,9,7200,7200,7200,2016-08-01,Jalgaon,0
24,gram,2016,September,48,6171,6386,6329,2016-09-01,Jalgaon,215
25,gram,2016,October,9,6800,6800,6800,2016-10-01,Jalgaon,0
26,gram,2016,November,37,8204,8388,8388,2016-11-01,Jalgaon,184
