,Commodity,Year,Month,arrivals_in_qtl,min_price,max_price,modal_price,date,district_name,diff_price
0,potato,2014,September,4200,1762,2382,2026,2014-09-01,Jalgaon,620
4,potato,2015,January,5550,850,1344,1103,2015-01-01,Jalgaon,494
5,potato,2015,February,6900,742,1276,1018,2015-02-01,Jalgaon,534
6,potato,2015,March,5960,601,1083,821,2015-03-01,Jalgaon,482
7,potato,2015,April,6010,436,739,572,2015-04-01,Jalgaon,303
8,potato,2015,May,7300,395,716,547,2015-05-01,Jalgaon,321
9,potato,2015,June,8770,458,758,605,2015-06-01,Jalgaon,300
10,potato,2015,July,7370,488,794,623,2015-07-01,Jalgaon,306
11,potato,2015,August,6150,518,740,623,2015-08-01,Jalgaon,222
12,potato,2015,September,5775,455,730,576,2015-09-01,Jalgaon,275
13,potato,2015,October,6700,610,906,731,2015-10-01,Jalgaon,296
14,potato,2015,November,5090,875,1188,1019,2015-11-01,Jalgaon,313
15,potato,2015,December,4200,750,1088,944,2015-12-01,Jalgaon,338
16,potato,2016,January,6325,741,1121,936,2016-01-01,Jalgaon,380
17,potato,2016,February,4600,760,1173,990,2016-02-01,Jalgaon,413
18,potato,2016,March,6260,757,1413,1050,2016-03-01,Jalgaon,656
19,potato,2016,April,4810,853,1458,1074,2016-04-01,Jalgaon,605
20,potato,2016,May,5150,1053,1531,1248,2016-05-01,Jalgaon,478
21,potato,2016,June,4275,1120,1668,1378,2016-06-01,Jalgaon,548
22,potato,2016,July,5225,1157,1771,1474,2016-07-01,Jalgaon,614
23,potato,2016,August,5785,1002,1665,1330,2016-08-01,Jalgaon,663
24,potato,2016,September,5550,918,1625,1239,2016-09-01,Jalgaon,707
25,potato,2016,October,5500,730,1664,1159,2016-10-01,Jalgaon,934
26,potato,2016,November,6250,626,1469,1033,2016-11-01,Jalgaon,843
