,Commodity,Year,Month,arrivals_in_qtl,min_price,max_price,modal_price,date,district_name,diff_price
0,maize,2014,October,47,950,1050,1000,2014-10-01,Buldhana,100
1,maize,2014,November,789,914,1086,1000,2014-11-01,Buldhana,172
2,maize,2014,December,1029,934,1046,990,2014-12-01,Buldhana,112
3,maize,2015,January,294,940,1090,1025,2015-01-01,Buldhana,150
4,maize,2015,February,265,950,1050,1000,2015-02-01,Buldhana,100
5,maize,2015,March,133,963,1038,1000,2015-03-01,Buldhana,75
6,maize,2015,April,1234,940,1060,1000,2015-04-01,Buldhana,120
7,maize,2015,May,6360,944,1067,1006,2015-05-01,Buldhana,123
8,maize,2015,June,1046,922,1078,1000,2015-06-01,Buldhana,156
9,maize,2015,July,477,930,1070,1000,2015-07-01,Buldhana,140
10,maize,2015,August,326,1000,1150,1075,2015-08-01,Buldhana,150
11,maize,2015,September,100,1025,1175,1100,2015-09-01,Buldhana,150
12,maize,2015,October,446,988,1138,1063,2015-10-01,Buldhana,150
13,maize,2015,November,656,1093,1279,1193,2015-11-01,Buldhana,186
14,maize,2015,December,968,1070,1260,1165,2015-12-01,Buldhana,190
15,maize,2016,January,298,1038,1213,1125,2016-01-01,Buldhana,175
16,maize,2016,February,400,1100,1300,1200,2016-02-01,Buldhana,200
17,maize,2016,March,415,1100,1300,1200,2016-03-01,Buldhana,200
18,maize,2016,April,670,1100,1300,1200,2016-04-01,Buldhana,200
19,maize,2016,May,2096,1100,1267,1200,2016-05-01,Buldhana,167
20,maize,2016,June,330,1150,1350,1250,2016-06-01,Buldhana,200
22,maize,2016,October,80,1000,1200,1100,2016-10-01,Buldhana,200
23,maize,2016,November,461,1050,1200,1133,2016-11-01,Buldhana,150
