,Commodity,Year,Month,arrivals_in_qtl,min_price,max_price,modal_price,date,district_name,diff_price
0,gram,2014,October,1,2000,2000,2000,2014-10-01,Buldhana,0
1,gram,2014,November,1,2100,2100,2100,2014-11-01,Buldhana,0
2,gram,2014,December,88,2050,2250,2150,2014-12-01,Buldhana,200
3,gram,2015,March,30,2817,3350,3067,2015-03-01,Buldhana,533
4,gram,2015,April,5,3050,3150,3100,2015-04-01,Buldhana,100
5,gram,2015,May,3,3750,3750,3750,2015-05-01,Buldhana,0
6,gram,2015,June,2,4000,4000,4000,2015-06-01,Buldhana,0
7,gram,2015,July,11,3475,3775,3625,2015-07-01,Buldhana,300
8,gram,2015,December,299,3267,3867,3500,2015-12-01,Buldhana,600
9,gram,2016,January,103,3400,3600,3500,2016-01-01,Buldhana,200
10,gram,2016,February,5,3750,3950,3850,2016-02-01,Buldhana,200
11,gram,2016,March,3,3800,4200,4000,2016-03-01,Buldhana,400
12,gram,2016,April,75,4500,5000,4800,2016-04-01,Buldhana,500
13,gram,2016,May,143,4657,5343,5114,2016-05-01,Buldhana,686
