,Commodity,Year,Month,arrivals_in_qtl,min_price,max_price,modal_price,date,district_name,diff_price
0,pigeon pea (tur),2014,September,49,4200,4600,4400,2014-09-01,Buldhana,400
1,pigeon pea (tur),2014,October,2,4400,4600,4500,2014-10-01,Buldhana,200
2,pigeon pea (tur),2014,December,11,3367,3433,3400,2014-12-01,Buldhana,66
3,pigeon pea (tur),2015,January,59,3933,4167,4050,2015-01-01,Buldhana,234
4,pigeon pea (tur),2015,February,6,4233,4567,4400,2015-02-01,Buldhana,334
5,pigeon pea (tur),2015,March,11,4067,4267,4167,2015-03-01,Buldhana,200
6,pigeon pea (tur),2015,April,6,3950,4550,4250,2015-04-01,Buldhana,600
7,pigeon pea (tur),2015,May,4,5167,5167,5167,2015-05-01,Buldhana,0
8,pigeon pea (tur),2015,June,1,5000,5000,5000,2015-06-01,Buldhana,0
9,pigeon pea (tur),2015,July,142,4800,6220,5510,2015-07-01,Buldhana,1420
10,pigeon pea (tur),2015,August,30,5800,6200,6000,2015-08-01,Buldhana,400
11,pigeon pea (tur),2015,December,229,6050,6850,6463,2015-12-01,Buldhana,800
12,pigeon pea (tur),2016,January,179,7583,8417,7967,2016-01-01,Buldhana,834
13,pigeon pea (tur),2016,February,94,7075,7975,7625,2016-02-01,Buldhana,900
14,pigeon pea (tur),2016,March,3,7500,7500,7500,2016-03-01,Buldhana,0
15,pigeon pea (tur),2016,May,104,7950,8925,8638,2016-05-01,Buldhana,975
16,pigeon pea (tur),2016,June,4,8000,9000,8600,2016-06-01,Buldhana,1000
17,pigeon pea (tur),2016,July,5,8000,8400,8200,2016-07-01,Buldhana,400
18,pigeon pea (tur),2016,September,20,5600,6500,6300,2016-09-01,Buldhana,900
