,Commodity,Year,Month,arrivals_in_qtl,min_price,max_price,modal_price,date,district_name,diff_price
0,soybean,2014,October,244,2992,3075,3042,2014-10-01,Jalgaon,83
1,soybean,2014,November,197,3288,3288,3288,2014-11-01,Jalgaon,0
2,soybean,2014,December,307,3250,3258,3258,2014-12-01,Jalgaon,8
3,soybean,2015,January,58,3180,3400,3375,2015-01-01,Jalgaon,220
4,soybean,2015,February,59,2788,2788,2788,2015-02-01,Jalgaon,0
5,soybean,2015,October,6,3200,3200,3200,2015-10-01,Jalgaon,0
6,soybean,2016,February,6,3600,3600,3600,2016-02-01,Jalgaon,0
7,soybean,2016,March,2,4000,4000,4000,2016-03-01,Jalgaon,0
8,soybean,2016,June,6,3700,3700,3700,2016-06-01,Jalgaon,0
9,soybean,2016,November,2843,2486,2693,2628,2016-11-01,Jalgaon,207
