,Commodity,Year,Month,arrivals_in_qtl,min_price,max_price,modal_price,date,district_name,diff_price
0,chikoo,2015,January,35,1300,1800,1600,2015-01-01,Jalgaon,500
1,chikoo,2015,February,15,1200,1800,1500,2015-02-01,Jalgaon,600
2,chikoo,2015,April,29,1500,2500,1800,2015-04-01,Jalgaon,1000
3,chikoo,2016,January,6,2500,2500,2500,2016-01-01,Jalgaon,0
4,chikoo,2016,February,9,1500,1500,1500,2016-02-01,Jalgaon,0
5,chikoo,2016,March,80,1633,3367,2333,2016-03-01,Jalgaon,1734
6,chikoo,2016,April,36,1133,1633,1333,2016-04-01,Jalgaon,500
