,Commodity,Year,Month,arrivals_in_qtl,min_price,max_price,modal_price,date,district_name,diff_price
0,green chilli,2014,September,612,1419,3144,2138,2014-09-01,Jalgaon,1725
1,green chilli,2014,October,569,1661,3228,2272,2014-10-01,Jalgaon,1567
2,green chilli,2014,November,758,1577,2805,2059,2014-11-01,Jalgaon,1228
3,green chilli,2014,December,1054,1550,2386,1941,2014-12-01,Jalgaon,836
4,green chilli,2015,January,938,1911,2974,2421,2015-01-01,Jalgaon,1063
5,green chilli,2015,February,922,1874,3584,2558,2015-02-01,Jalgaon,1710
6,green chilli,2015,March,683,1625,3255,2320,2015-03-01,Jalgaon,1630
7,green chilli,2015,April,678,1542,3021,2184,2015-04-01,Jalgaon,1479
8,green chilli,2015,May,885,1830,3334,2495,2015-05-01,Jalgaon,1504
9,green chilli,2015,June,815,1426,2695,2112,2015-06-01,Jalgaon,1269
10,green chilli,2015,July,843,1035,2443,1635,2015-07-01,Jalgaon,1408
11,green chilli,2015,August,578,1270,2610,1905,2015-08-01,Jalgaon,1340
12,green chilli,2015,September,578,1030,2440,1720,2015-09-01,Jalgaon,1410
13,green chilli,2015,October,849,1361,2706,2050,2015-10-01,Jalgaon,1345
14,green chilli,2015,November,2547,1200,2281,1725,2015-11-01,Jalgaon,1081
15,green chilli,2015,December,826,1183,2106,1628,2015-12-01,Jalgaon,923
16,green chilli,2016,January,809,1670,2715,2135,2016-01-01,Jalgaon,1045
17,green chilli,2016,February,551,2175,3463,2838,2016-02-01,Jalgaon,1288
21,green chilli,2016,June,790,2708,4392,3488,2016-06-01,Jalgaon,1684
23,green chilli,2016,August,558,1596,3126,2265,2016-08-01,Jalgaon,1530
