,Commodity,Year,Month,arrivals_in_qtl,min_price,max_price,modal_price,date,district_name,diff_price
0,black gram,2014,September,7,3800,4800,4300,2014-09-01,Buldhana,1000
1,black gram,2014,October,140,3967,4433,4200,2014-10-01,Buldhana,466
2,black gram,2014,November,48,4617,5183,4900,2014-11-01,Buldhana,566
3,black gram,2014,December,34,4520,5080,4800,2014-12-01,Buldhana,560
4,black gram,2015,January,15,4967,5867,5417,2015-01-01,Buldhana,900
5,black gram,2015,March,3,5200,5200,5200,2015-03-01,Buldhana,0
6,black gram,2015,June,3,6667,6667,6667,2015-06-01,Buldhana,0
7,black gram,2015,September,2,7000,8000,7500,2015-09-01,Buldhana,1000
9,black gram,2016,September,125,6140,6880,6520,2016-09-01,Buldhana,740
10,black gram,2016,October,699,4513,6625,5700,2016-10-01,Buldhana,2112
11,black gram,2016,November,97,4125,5900,5075,2016-11-01,Buldhana,1775
