,Commodity,Year,Month,arrivals_in_qtl,min_price,max_price,modal_price,date,district_name,diff_price
0,spinach,2014,September,34,1780,1780,1780,2014-09-01,Jalgaon,0
1,spinach,2014,October,40,1944,2038,2019,2014-10-01,Jalgaon,94
2,spinach,2014,November,55,1557,1557,1557,2014-11-01,Jalgaon,0
3,spinach,2014,December,82,1677,1677,1677,2014-12-01,Jalgaon,0
4,spinach,2015,January,81,1132,1211,1174,2015-01-01,Jalgaon,79
5,spinach,2015,February,54,1073,1140,1113,2015-02-01,Jalgaon,67
6,spinach,2015,March,53,1135,1150,1145,2015-03-01,Jalgaon,15
7,spinach,2015,April,94,1205,1220,1210,2015-04-01,Jalgaon,15
8,spinach,2015,May,54,1364,1364,1364,2015-05-01,Jalgaon,0
9,spinach,2015,June,71,1848,1909,1874,2015-06-01,Jalgaon,61
10,spinach,2015,July,61,1779,1779,1779,2015-07-01,Jalgaon,0
11,spinach,2015,August,50,1660,1660,1660,2015-08-01,Jalgaon,0
12,spinach,2015,September,53,1695,1730,1715,2015-09-01,Jalgaon,35
13,spinach,2015,October,63,2006,2006,2006,2015-10-01,Jalgaon,0
14,spinach,2015,November,52,1338,1338,1338,2015-11-01,Jalgaon,0
15,spinach,2015,December,60,1459,1459,1459,2015-12-01,Jalgaon,0
16,spinach,2016,January,67,1342,1342,1342,2016-01-01,Jalgaon,0
17,spinach,2016,February,51,1206,1206,1206,2016-02-01,Jalgaon,0
18,spinach,2016,March,53,1409,1409,1409,2016-03-01,Jalgaon,0
19,spinach,2016,April,49,1700,1700,1700,2016-04-01,Jalgaon,0
20,spinach,2016,May,74,1771,1900,1814,2016-05-01,Jalgaon,129
21,spinach,2016,June,65,1946,1946,1946,2016-06-01,Jalgaon,0
22,spinach,2016,July,55,1836,1868,1845,2016-07-01,Jalgaon,32
23,spinach,2016,August,42,1629,1629,1629,2016-08-01,Jalgaon,0
24,spinach,2016,September,44,1659,1659,1659,2016-09-01,Jalgaon,0
25,spinach,2016,October,44,1686,1686,1686,2016-10-01,Jalgaon,0
26,spinach,2016,November,47,1345,1375,1365,2016-11-01,Jalgaon,30
