,Commodity,Year,Month,arrivals_in_qtl,min_price,max_price,modal_price,date,district_name,diff_price
0,soybean,2014,September,19,3100,3200,3150,2014-09-01,Buldhana,100
1,soybean,2014,October,220,2900,3100,3000,2014-10-01,Buldhana,200
2,soybean,2014,November,284,3006,3181,3088,2014-11-01,Buldhana,175
3,soybean,2014,December,217,3067,3233,3150,2014-12-01,Buldhana,166
4,soybean,2015,January,33,3100,3300,3200,2015-01-01,Buldhana,200
5,soybean,2015,February,178,2950,3150,3050,2015-02-01,Buldhana,200
6,soybean,2015,March,16,3000,3200,3100,2015-03-01,Buldhana,200
7,soybean,2015,April,80,3100,3300,3200,2015-04-01,Buldhana,200
9,soybean,2015,June,7,3200,3300,3250,2015-06-01,Buldhana,100
10,soybean,2015,July,163,3288,3463,3375,2015-07-01,Buldhana,175
11,soybean,2015,August,85,3100,3300,3200,2015-08-01,Buldhana,200
12,soybean,2015,September,130,3050,3250,3150,2015-09-01,Buldhana,200
13,soybean,2015,October,307,3217,3483,3350,2015-10-01,Buldhana,266
14,soybean,2015,November,239,3100,3371,3236,2015-11-01,Buldhana,271
15,soybean,2015,December,214,3000,3267,3133,2015-12-01,Buldhana,267
16,soybean,2016,January,135,3133,3267,3200,2016-01-01,Buldhana,134
17,soybean,2016,February,50,3000,3400,3200,2016-02-01,Buldhana,400
18,soybean,2016,June,5,3300,3300,3300,2016-06-01,Buldhana,0
19,soybean,2016,July,8,3000,3300,3150,2016-07-01,Buldhana,300
