,Commodity,Year,Month,arrivals_in_qtl,min_price,max_price,modal_price,date,district_name,diff_price
0,wheat(husked),2014,September,332,1444,1484,1454,2014-09-01,Jalgaon,40
1,wheat(husked),2014,October,240,1405,1493,1447,2014-10-01,Jalgaon,88
2,wheat(husked),2014,November,228,1459,1494,1473,2014-11-01,Jalgaon,35
3,wheat(husked),2014,December,233,1454,1471,1466,2014-12-01,Jalgaon,17
4,wheat(husked),2015,January,93,1484,1497,1484,2015-01-01,Jalgaon,13
5,wheat(husked),2015,February,36,1528,1640,1615,2015-02-01,Jalgaon,112
6,wheat(husked),2015,March,1415,1334,1386,1359,2015-03-01,Jalgaon,52
7,wheat(husked),2015,April,2670,1271,1411,1334,2015-04-01,Jalgaon,140
8,wheat(husked),2015,May,2204,1317,1434,1368,2015-05-01,Jalgaon,117
9,wheat(husked),2015,June,1385,1352,1434,1390,2015-06-01,Jalgaon,82
10,wheat(husked),2015,July,757,1462,1506,1494,2015-07-01,Jalgaon,44
11,wheat(husked),2015,August,226,1446,1527,1524,2015-08-01,Jalgaon,81
12,wheat(husked),2015,September,373,1429,1515,1465,2015-09-01,Jalgaon,86
13,wheat(husked),2015,October,679,1543,1854,1755,2015-10-01,Jalgaon,311
14,wheat(husked),2015,November,279,1560,1650,1638,2015-11-01,Jalgaon,90
15,wheat(husked),2015,December,107,1498,1535,1498,2015-12-01,Jalgaon,37
16,wheat(husked),2016,January,30,1433,1483,1483,2016-01-01,Jalgaon,50
17,wheat(husked),2016,February,40,1470,1530,1530,2016-02-01,Jalgaon,60
18,wheat(husked),2016,March,1029,1576,1669,1631,2016-03-01,Jalgaon,93
19,wheat(husked),2016,April,1386,1514,1715,1651,2016-04-01,Jalgaon,201
20,wheat(husked),2016,May,579,1694,1780,1744,2016-05-01,Jalgaon,86
21,wheat(husked),2016,June,607,1784,1850,1820,2016-06-01,Jalgaon,66
22,wheat(husked),2016,July,109,1721,1753,1721,2016-07-01,Jalgaon,32
23,wheat(husked),2016,August,174,1821,1838,1838,2016-08-01,Jalgaon,17
24,wheat(husked),2016,September,180,1753,1775,1753,2016-09-01,Jalgaon,22
25,wheat(husked),2016,October,33,1671,1679,1671,2016-10-01,Jalgaon,8
26,wheat(husked),2016,November,67,1858,1900,1900,2016-11-01,Jalgaon,42
