,Commodity,Year,Month,arrivals_in_qtl,min_price,max_price,modal_price,date,district_name,diff_price
0,methi (bhaji),2014,September,92,2324,3453,2853,2014-09-01,Jalgaon,1129
1,methi (bhaji),2014,October,146,2406,3650,3011,2014-10-01,Jalgaon,1244
2,methi (bhaji),2014,November,319,1477,2482,1973,2014-11-01,Jalgaon,1005
3,methi (bhaji),2014,December,302,1282,1950,1614,2014-12-01,Jalgaon,668
4,methi (bhaji),2015,January,458,518,1179,842,2015-01-01,Jalgaon,661
5,methi (bhaji),2015,February,296,605,1205,853,2015-02-01,Jalgaon,600
6,methi (bhaji),2015,March,256,1148,2162,1538,2015-03-01,Jalgaon,1014
7,methi (bhaji),2015,April,263,1215,2055,1595,2015-04-01,Jalgaon,840
8,methi (bhaji),2015,May,165,2009,3423,2666,2015-05-01,Jalgaon,1414
9,methi (bhaji),2015,June,129,3786,5341,4523,2015-06-01,Jalgaon,1555
10,methi (bhaji),2015,July,191,2158,3279,2625,2015-07-01,Jalgaon,1121
11,methi (bhaji),2015,August,217,1695,2945,2290,2015-08-01,Jalgaon,1250
12,methi (bhaji),2015,September,140,1989,3511,2672,2015-09-01,Jalgaon,1522
13,methi (bhaji),2015,October,158,2574,3695,3063,2015-10-01,Jalgaon,1121
14,methi (bhaji),2015,November,328,794,1481,1163,2015-11-01,Jalgaon,687
15,methi (bhaji),2015,December,167,1544,2372,1900,2015-12-01,Jalgaon,828
16,methi (bhaji),2016,January,373,915,1690,1290,2016-01-01,Jalgaon,775
17,methi (bhaji),2016,February,301,456,1081,756,2016-02-01,Jalgaon,625
18,methi (bhaji),2016,March,176,2071,3233,2600,2016-03-01,Jalgaon,1162
19,methi (bhaji),2016,April,96,3239,4167,3706,2016-04-01,Jalgaon,928
20,methi (bhaji),2016,May,71,3907,4907,4343,2016-05-01,Jalgaon,1000
21,methi (bhaji),2016,June,86,4089,5537,4779,2016-06-01,Jalgaon,1448
22,methi (bhaji),2016,July,216,2223,3682,2923,2016-07-01,Jalgaon,1459
23,methi (bhaji),2016,August,172,1378,2457,1870,2016-08-01,Jalgaon,1079
24,methi (bhaji),2016,September,106,2011,3132,2526,2016-09-01,Jalgaon,1121
25,methi (bhaji),2016,October,116,3100,4750,3845,2016-10-01,Jalgaon,1650
26,methi (bhaji),2016,November,196,1029,1776,1333,2016-11-01,Jalgaon,747
