,Commodity,Year,Month,arrivals_in_qtl,min_price,max_price,modal_price,date,district_name,diff_price
0,wheat(husked),2014,September,920,1378,1567,1472,2014-09-01,Buldhana,189
1,wheat(husked),2014,October,335,1317,1517,1417,2014-10-01,Buldhana,200
2,wheat(husked),2014,November,303,1300,1500,1400,2014-11-01,Buldhana,200
3,wheat(husked),2014,December,305,1311,1489,1400,2014-12-01,Buldhana,178
4,wheat(husked),2015,January,160,1317,1533,1425,2015-01-01,Buldhana,216
5,wheat(husked),2015,February,131,1325,1525,1425,2015-02-01,Buldhana,200
6,wheat(husked),2015,March,1308,1300,1471,1386,2015-03-01,Buldhana,171
7,wheat(husked),2015,April,629,1175,1350,1263,2015-04-01,Buldhana,175
8,wheat(husked),2015,May,886,1231,1381,1306,2015-05-01,Buldhana,150
9,wheat(husked),2015,June,820,1213,1363,1281,2015-06-01,Buldhana,150
10,wheat(husked),2015,July,231,1243,1443,1343,2015-07-01,Buldhana,200
11,wheat(husked),2015,August,491,1300,1471,1386,2015-08-01,Buldhana,171
12,wheat(husked),2015,September,877,1307,1479,1393,2015-09-01,Buldhana,172
13,wheat(husked),2015,October,258,1325,1542,1433,2015-10-01,Buldhana,217
14,wheat(husked),2015,November,215,1314,1514,1414,2015-11-01,Buldhana,200
15,wheat(husked),2015,December,186,1313,1513,1413,2015-12-01,Buldhana,200
16,wheat(husked),2016,January,124,1350,1550,1450,2016-01-01,Buldhana,200
17,wheat(husked),2016,February,85,1357,1529,1443,2016-02-01,Buldhana,172
18,wheat(husked),2016,March,247,1417,1600,1508,2016-03-01,Buldhana,183
19,wheat(husked),2016,April,57,1350,1575,1488,2016-04-01,Buldhana,225
20,wheat(husked),2016,May,72,1400,1600,1513,2016-05-01,Buldhana,200
21,wheat(husked),2016,June,220,1400,1600,1500,2016-06-01,Buldhana,200
22,wheat(husked),2016,July,139,1400,1600,1506,2016-07-01,Buldhana,200
25,wheat(husked),2016,October,1267,1425,1800,1613,2016-10-01,Buldhana,375
