,Commodity,Year,Month,arrivals_in_qtl,min_price,max_price,modal_price,date,district_name,diff_price
0,onion,2014,September,3350,738,1450,1135,2014-09-01,Jalgaon,712
1,onion,2014,October,3570,750,1472,1081,2014-10-01,Jalgaon,722
2,onion,2014,November,13400,802,1595,1213,2014-11-01,Jalgaon,793
3,onion,2014,December,27050,593,1594,1240,2014-12-01,Jalgaon,1001
4,onion,2015,January,22250,428,1336,916,2015-01-01,Jalgaon,908
5,onion,2015,February,8850,656,1636,1136,2015-02-01,Jalgaon,980
6,onion,2015,March,8695,802,1645,1143,2015-03-01,Jalgaon,843
7,onion,2015,April,5200,512,1226,843,2015-04-01,Jalgaon,714
8,onion,2015,May,7200,511,1176,848,2015-05-01,Jalgaon,665
9,onion,2015,June,7808,870,1923,1526,2015-06-01,Jalgaon,1053
10,onion,2015,July,3870,1068,2132,1604,2015-07-01,Jalgaon,1064
13,onion,2015,October,8690,1222,2835,2184,2015-10-01,Jalgaon,1613
14,onion,2015,November,19975,532,1948,1462,2015-11-01,Jalgaon,1416
15,onion,2015,December,16585,540,1381,1060,2015-12-01,Jalgaon,841
16,onion,2016,January,14460,484,1281,1007,2016-01-01,Jalgaon,797
17,onion,2016,February,6675,337,912,668,2016-02-01,Jalgaon,575
18,onion,2016,March,6025,342,825,558,2016-03-01,Jalgaon,483
19,onion,2016,April,5105,338,775,580,2016-04-01,Jalgaon,437
20,onion,2016,May,6025,351,696,536,2016-05-01,Jalgaon,345
21,onion,2016,June,4550,340,798,548,2016-06-01,Jalgaon,458
22,onion,2016,July,4050,355,845,557,2016-07-01,Jalgaon,490
23,onion,2016,August,3145,278,700,459,2016-08-01,Jalgaon,422
24,onion,2016,September,4105,212,581,386,2016-09-01,Jalgaon,369
25,onion,2016,October,3340,305,693,495,2016-10-01,Jalgaon,388
26,onion,2016,November,12335,343,926,645,2016-11-01,Jalgaon,583
