,Commodity,Year,Month,arrivals_in_qtl,min_price,max_price,modal_price,date,district_name,diff_price
0,ginger (fresh),2014,September,463,3177,5715,4577,2014-09-01,Jalgaon,2538
1,ginger (fresh),2014,October,314,3160,4830,3980,2014-10-01,Jalgaon,1670
2,ginger (fresh),2014,November,650,2621,4464,3400,2014-11-01,Jalgaon,1843
3,ginger (fresh),2014,December,1194,2642,3642,3232,2014-12-01,Jalgaon,1000
4,ginger (fresh),2015,January,953,2550,3464,2986,2015-01-01,Jalgaon,914
5,ginger (fresh),2015,February,868,1947,3295,2505,2015-02-01,Jalgaon,1348
6,ginger (fresh),2015,March,651,1965,3420,2490,2015-03-01,Jalgaon,1455
7,ginger (fresh),2015,April,782,2100,3621,2789,2015-04-01,Jalgaon,1521
8,ginger (fresh),2015,May,1230,1852,3329,2443,2015-05-01,Jalgaon,1477
9,ginger (fresh),2015,June,862,2467,4252,3304,2015-06-01,Jalgaon,1785
10,ginger (fresh),2015,July,1174,2479,4188,3325,2015-07-01,Jalgaon,1709
11,ginger (fresh),2015,August,1235,2185,4210,3100,2015-08-01,Jalgaon,2025
12,ginger (fresh),2015,September,845,2216,4416,3300,2015-09-01,Jalgaon,2200
13,ginger (fresh),2015,October,1513,2425,3988,3325,2015-10-01,Jalgaon,1563
14,ginger (fresh),2015,November,1263,2519,3925,3269,2015-11-01,Jalgaon,1406
15,ginger (fresh),2015,December,518,2475,3788,3150,2015-12-01,Jalgaon,1313
16,ginger (fresh),2016,January,540,2329,3543,3007,2016-01-01,Jalgaon,1214
17,ginger (fresh),2016,February,581,2264,3329,2807,2016-02-01,Jalgaon,1065
18,ginger (fresh),2016,March,872,1952,3209,2496,2016-03-01,Jalgaon,1257
19,ginger (fresh),2016,April,839,1595,2568,2100,2016-04-01,Jalgaon,973
20,ginger (fresh),2016,May,1468,1535,2430,1980,2016-05-01,Jalgaon,895
21,ginger (fresh),2016,June,852,1754,2804,2225,2016-06-01,Jalgaon,1050
22,ginger (fresh),2016,July,895,2010,3086,2500,2016-07-01,Jalgaon,1076
23,ginger (fresh),2016,August,886,1643,2600,2157,2016-08-01,Jalgaon,957
24,ginger (fresh),2016,September,794,1055,1959,1500,2016-09-01,Jalgaon,904
25,ginger (fresh),2016,October,596,1005,2025,1545,2016-10-01,Jalgaon,1020
26,ginger (fresh),2016,November,975,905,1795,1333,2016-11-01,Jalgaon,890
