,Commodity,Year,Month,arrivals_in_qtl,min_price,max_price,modal_price,date,district_name,diff_price
0,cluster bean,2014,September,31,3892,4123,3969,2014-09-01,Jalgaon,231
1,cluster bean,2014,October,45,3588,3824,3706,2014-10-01,Jalgaon,236
2,cluster bean,2014,November,33,4367,4367,4367,2014-11-01,Jalgaon,0
3,cluster bean,2014,December,52,3821,3821,3821,2014-12-01,Jalgaon,0
4,cluster bean,2015,January,61,3747,3800,3767,2015-01-01,Jalgaon,53
5,cluster bean,2015,February,66,3386,3471,3421,2015-02-01,Jalgaon,85
6,cluster bean,2015,March,44,4306,4372,4333,2015-03-01,Jalgaon,66
7,cluster bean,2015,April,186,2215,2905,2520,2015-04-01,Jalgaon,690
9,cluster bean,2015,June,155,1927,3018,2530,2015-06-01,Jalgaon,1091
10,cluster bean,2015,July,106,2533,3192,2871,2015-07-01,Jalgaon,659
11,cluster bean,2015,August,131,1745,2860,2240,2015-08-01,Jalgaon,1115
12,cluster bean,2015,September,123,1770,2885,2360,2015-09-01,Jalgaon,1115
13,cluster bean,2015,October,52,2762,3131,2977,2015-10-01,Jalgaon,369
14,cluster bean,2015,November,30,3044,3211,3133,2015-11-01,Jalgaon,167
15,cluster bean,2015,December,46,3164,3345,3291,2015-12-01,Jalgaon,181
16,cluster bean,2016,January,21,3186,3329,3229,2016-01-01,Jalgaon,143
17,cluster bean,2016,February,2,4000,4000,4000,2016-02-01,Jalgaon,0
18,cluster bean,2016,March,2,4000,4000,4000,2016-03-01,Jalgaon,0
19,cluster bean,2016,April,41,3800,4200,4000,2016-04-01,Jalgaon,400
20,cluster bean,2016,May,132,3270,4065,3665,2016-05-01,Jalgaon,795
21,cluster bean,2016,June,73,5073,5286,5177,2016-06-01,Jalgaon,213
22,cluster bean,2016,July,62,5063,5500,5271,2016-07-01,Jalgaon,437
23,cluster bean,2016,August,46,4345,4573,4491,2016-08-01,Jalgaon,228
24,cluster bean,2016,September,55,2900,3424,3148,2016-09-01,Jalgaon,524
25,cluster bean,2016,October,38,4068,4258,4258,2016-10-01,Jalgaon,190
26,cluster bean,2016,November,44,2905,2905,2905,2016-11-01,Jalgaon,0
