,Commodity,Year,Month,arrivals_in_qtl,min_price,max_price,modal_price,date,district_name,diff_price
0,apple,2014,September,150,5667,7833,6833,2014-09-01,Jalgaon,2166
1,apple,2014,October,70,5500,7500,6500,2014-10-01,Jalgaon,2000
2,apple,2014,November,100,5500,7750,6750,2014-11-01,Jalgaon,2250
3,apple,2015,August,120,5000,7500,6250,2015-08-01,Jalgaon,2500
4,apple,2015,September,65,5000,7000,6500,2015-09-01,Jalgaon,2000
5,apple,2015,October,140,4750,7000,6000,2015-10-01,Jalgaon,2250
7,apple,2016,August,495,5286,9000,7000,2016-08-01,Jalgaon,3714
8,apple,2016,September,300,5000,8500,6900,2016-09-01,Jalgaon,3500
9,apple,2016,October,260,4300,8900,6500,2016-10-01,Jalgaon,4600
