,Commodity,Year,Month,arrivals_in_qtl,min_price,max_price,modal_price,date,district_name,diff_price
0,sorgum(jawar),2014,September,972,1504,1592,1548,2014-09-01,Jalgaon,88
1,sorgum(jawar),2014,October,1467,1281,1411,1345,2014-10-01,Jalgaon,130
2,sorgum(jawar),2014,November,5794,1368,1519,1446,2014-11-01,Jalgaon,151
3,sorgum(jawar),2014,December,1948,1312,1401,1387,2014-12-01,Jalgaon,89
4,sorgum(jawar),2015,January,1016,1416,1537,1483,2015-01-01,Jalgaon,121
5,sorgum(jawar),2015,February,696,1352,1382,1379,2015-02-01,Jalgaon,30
6,sorgum(jawar),2015,March,2801,1346,1461,1416,2015-03-01,Jalgaon,115
7,sorgum(jawar),2015,April,4609,1212,1263,1242,2015-04-01,Jalgaon,51
8,sorgum(jawar),2015,May,4591,1164,1211,1181,2015-05-01,Jalgaon,47
9,sorgum(jawar),2015,June,2728,1189,1313,1235,2015-06-01,Jalgaon,124
10,sorgum(jawar),2015,July,1678,1251,1316,1282,2015-07-01,Jalgaon,65
11,sorgum(jawar),2015,August,1185,1262,1307,1292,2015-08-01,Jalgaon,45
12,sorgum(jawar),2015,September,1550,1342,1421,1369,2015-09-01,Jalgaon,79
13,sorgum(jawar),2015,October,2377,1236,1311,1276,2015-10-01,Jalgaon,75
14,sorgum(jawar),2015,November,2287,1330,1429,1367,2015-11-01,Jalgaon,99
15,sorgum(jawar),2015,December,1254,1355,1407,1400,2015-12-01,Jalgaon,52
16,sorgum(jawar),2016,January,509,1350,1388,1354,2016-01-01,Jalgaon,38
17,sorgum(jawar),2016,February,6132,1564,2135,1677,2016-02-01,Jalgaon,571
18,sorgum(jawar),2016,March,7102,1641,1997,1812,2016-03-01,Jalgaon,356
19,sorgum(jawar),2016,April,3979,1720,1956,1821,2016-04-01,Jalgaon,236
20,sorgum(jawar),2016,May,3257,1758,1964,1841,2016-05-01,Jalgaon,206
21,sorgum(jawar),2016,June,878,1803,1882,1847,2016-06-01,Jalgaon,79
22,sorgum(jawar),2016,July,266,1821,1910,1896,2016-07-01,Jalgaon,89
23,sorgum(jawar),2016,August,455,1672,1730,1707,2016-08-01,Jalgaon,58
24,sorgum(jawar),2016,September,702,1662,1726,1701,2016-09-01,Jalgaon,64
25,sorgum(jawar),2016,October,1869,1572,1783,1658,2016-10-01,Jalgaon,211
26,sorgum(jawar),2016,November,5434,1692,2005,1879,2016-11-01,Jalgaon,313
