,Commodity,Year,Month,arrivals_in_qtl,min_price,max_price,modal_price,date,district_name,diff_price
0,cucumber,2014,September,177,693,1140,903,2014-09-01,Jalgaon,447
1,cucumber,2014,October,258,738,1229,935,2014-10-01,Jalgaon,491
2,cucumber,2014,November,277,755,1214,986,2014-11-01,Jalgaon,459
3,cucumber,2014,December,186,1015,1500,1230,2014-12-01,Jalgaon,485
4,cucumber,2015,January,74,1223,1546,1377,2015-01-01,Jalgaon,323
5,cucumber,2015,February,154,1107,1767,1400,2015-02-01,Jalgaon,660
6,cucumber,2015,March,517,763,1395,1016,2015-03-01,Jalgaon,632
7,cucumber,2015,April,594,461,858,632,2015-04-01,Jalgaon,397
8,cucumber,2015,May,317,550,927,727,2015-05-01,Jalgaon,377
9,cucumber,2015,June,296,967,1556,1257,2015-06-01,Jalgaon,589
10,cucumber,2015,July,379,708,1221,933,2015-07-01,Jalgaon,513
11,cucumber,2015,August,336,679,1142,889,2015-08-01,Jalgaon,463
12,cucumber,2015,September,338,689,1132,900,2015-09-01,Jalgaon,443
13,cucumber,2015,October,239,744,1233,950,2015-10-01,Jalgaon,489
14,cucumber,2015,November,211,784,1375,1075,2015-11-01,Jalgaon,591
15,cucumber,2015,December,211,867,1344,1083,2015-12-01,Jalgaon,477
16,cucumber,2016,January,127,1206,1575,1375,2016-01-01,Jalgaon,369
17,cucumber,2016,February,75,1500,1762,1638,2016-02-01,Jalgaon,262
18,cucumber,2016,March,154,1435,1839,1613,2016-03-01,Jalgaon,404
19,cucumber,2016,April,146,1224,1741,1465,2016-04-01,Jalgaon,517
20,cucumber,2016,May,127,1171,1594,1400,2016-05-01,Jalgaon,423
21,cucumber,2016,June,210,1208,1864,1544,2016-06-01,Jalgaon,656
22,cucumber,2016,July,421,700,1150,929,2016-07-01,Jalgaon,450
23,cucumber,2016,August,434,328,565,436,2016-08-01,Jalgaon,237
24,cucumber,2016,September,298,650,1218,927,2016-09-01,Jalgaon,568
25,cucumber,2016,October,331,559,1073,832,2016-10-01,Jalgaon,514
26,cucumber,2016,November,239,563,1053,821,2016-11-01,Jalgaon,490
