,Commodity,Year,Month,arrivals_in_qtl,min_price,max_price,modal_price,date,district_name,diff_price
0,bitter gourd,2014,September,106,2100,3394,2700,2014-09-01,Jalgaon,1294
1,bitter gourd,2014,October,89,2471,3559,3024,2014-10-01,Jalgaon,1088
2,bitter gourd,2014,November,77,2600,3788,3131,2014-11-01,Jalgaon,1188
3,bitter gourd,2014,December,62,2900,3036,2982,2014-12-01,Jalgaon,136
4,bitter gourd,2015,January,58,3131,3385,3269,2015-01-01,Jalgaon,254
5,bitter gourd,2015,February,30,3250,4000,3550,2015-02-01,Jalgaon,750
6,bitter gourd,2015,March,78,2982,4412,3618,2015-03-01,Jalgaon,1430
7,bitter gourd,2015,April,157,1874,2658,2237,2015-04-01,Jalgaon,784
8,bitter gourd,2015,May,161,1100,1976,1469,2015-05-01,Jalgaon,876
9,bitter gourd,2015,June,161,2150,3316,2768,2015-06-01,Jalgaon,1166
10,bitter gourd,2015,July,153,2104,3348,2678,2015-07-01,Jalgaon,1244
11,bitter gourd,2015,August,178,1847,2947,2347,2015-08-01,Jalgaon,1100
12,bitter gourd,2015,September,190,1661,2700,2172,2015-09-01,Jalgaon,1039
13,bitter gourd,2015,October,139,1836,2564,2214,2015-10-01,Jalgaon,728
14,bitter gourd,2015,November,101,2338,2763,2525,2015-11-01,Jalgaon,425
15,bitter gourd,2015,December,77,2350,2842,2583,2015-12-01,Jalgaon,492
16,bitter gourd,2016,January,47,2791,3191,3000,2016-01-01,Jalgaon,400
17,bitter gourd,2016,February,22,2983,3483,3217,2016-02-01,Jalgaon,500
18,bitter gourd,2016,March,47,3133,4611,3811,2016-03-01,Jalgaon,1478
19,bitter gourd,2016,April,52,3564,3909,3700,2016-04-01,Jalgaon,345
20,bitter gourd,2016,May,83,3225,3750,3469,2016-05-01,Jalgaon,525
21,bitter gourd,2016,June,122,3083,4300,3657,2016-06-01,Jalgaon,1217
22,bitter gourd,2016,July,144,3587,4939,4183,2016-07-01,Jalgaon,1352
23,bitter gourd,2016,August,172,1578,2396,1939,2016-08-01,Jalgaon,818
24,bitter gourd,2016,September,158,1171,2186,1695,2016-09-01,Jalgaon,1015
25,bitter gourd,2016,October,167,1714,3236,2345,2016-10-01,Jalgaon,1522
26,bitter gourd,2016,November,131,1605,2860,2160,2016-11-01,Jalgaon,1255
