,Commodity,Year,Month,arrivals_in_qtl,min_price,max_price,modal_price,date,district_name,diff_price
0,tomato,2014,September,301,1694,2531,2031,2014-09-01,Jalgaon,837
1,tomato,2014,October,379,861,1394,1083,2014-10-01,Jalgaon,533
2,tomato,2014,November,439,680,1113,865,2014-11-01,Jalgaon,433
3,tomato,2014,December,475,900,1298,1073,2014-12-01,Jalgaon,398
4,tomato,2015,January,371,1089,1583,1300,2015-01-01,Jalgaon,494
5,tomato,2015,February,367,1044,1717,1378,2015-02-01,Jalgaon,673
6,tomato,2015,March,1601,824,1400,1052,2015-03-01,Jalgaon,576
7,tomato,2015,April,418,667,1089,853,2015-04-01,Jalgaon,422
8,tomato,2015,May,366,764,1327,995,2015-05-01,Jalgaon,563
9,tomato,2015,June,486,936,1514,1230,2015-06-01,Jalgaon,578
10,tomato,2015,July,454,943,1687,1257,2015-07-01,Jalgaon,744
11,tomato,2015,August,512,755,1390,1015,2015-08-01,Jalgaon,635
12,tomato,2015,September,507,725,1380,985,2015-09-01,Jalgaon,655
13,tomato,2015,October,428,1026,1626,1279,2015-10-01,Jalgaon,600
15,tomato,2015,December,384,1300,1889,1556,2015-12-01,Jalgaon,589
16,tomato,2016,January,426,998,1480,1233,2016-01-01,Jalgaon,482
17,tomato,2016,February,339,538,894,691,2016-02-01,Jalgaon,356
18,tomato,2016,March,550,578,883,735,2016-03-01,Jalgaon,305
19,tomato,2016,April,401,589,982,779,2016-04-01,Jalgaon,393
20,tomato,2016,May,376,1127,1673,1350,2016-05-01,Jalgaon,546
23,tomato,2016,August,599,1113,1848,1474,2016-08-01,Jalgaon,735
24,tomato,2016,September,591,420,834,620,2016-09-01,Jalgaon,414
25,tomato,2016,October,531,543,920,695,2016-10-01,Jalgaon,377
26,tomato,2016,November,542,467,871,664,2016-11-01,Jalgaon,404
