,Commodity,Year,Month,arrivals_in_qtl,min_price,max_price,modal_price,date,district_name,diff_price
0,sorgum(jawar),2014,September,4,1125,1175,1150,2014-09-01,Buldhana,50
1,sorgum(jawar),2014,October,4,1000,1100,1050,2014-10-01,Buldhana,100
2,sorgum(jawar),2014,November,6,1175,1175,1175,2014-11-01,Buldhana,0
4,sorgum(jawar),2015,January,3,1300,1500,1400,2015-01-01,Buldhana,200
5,sorgum(jawar),2015,March,2,1200,1400,1300,2015-03-01,Buldhana,200
6,sorgum(jawar),2015,April,5,1150,1250,1200,2015-04-01,Buldhana,100
7,sorgum(jawar),2015,June,1,1200,1200,1200,2015-06-01,Buldhana,0
8,sorgum(jawar),2015,July,11,1100,1200,1150,2015-07-01,Buldhana,100
9,sorgum(jawar),2015,September,2,1200,1200,1200,2015-09-01,Buldhana,0
10,sorgum(jawar),2015,October,58,1150,1283,1217,2015-10-01,Buldhana,133
11,sorgum(jawar),2015,November,44,1075,1225,1150,2015-11-01,Buldhana,150
12,sorgum(jawar),2015,December,10,1250,1300,1275,2015-12-01,Buldhana,50
13,sorgum(jawar),2016,January,14,1167,1233,1200,2016-01-01,Buldhana,66
14,sorgum(jawar),2016,March,4,1200,1400,1300,2016-03-01,Buldhana,200
16,sorgum(jawar),2016,October,3,1250,1250,1250,2016-10-01,Buldhana,0
