,Commodity,Year,Month,arrivals_in_qtl,min_price,max_price,modal_price,date,district_name,diff_price
0,pigeon pea (tur),2014,October,5,3800,4000,4000,2014-10-01,Jalgaon,200
1,pigeon pea (tur),2014,November,2,4000,4000,4000,2014-11-01,Jalgaon,0
2,pigeon pea (tur),2014,December,10,3300,3300,3300,2014-12-01,Jalgaon,0
3,pigeon pea (tur),2015,February,10,4688,4993,4938,2015-02-01,Jalgaon,305
4,pigeon pea (tur),2015,March,9,5120,5120,5120,2015-03-01,Jalgaon,0
5,pigeon pea (tur),2015,April,7,4750,5100,5100,2015-04-01,Jalgaon,350
6,pigeon pea (tur),2015,May,15,5267,5267,5267,2015-05-01,Jalgaon,0
7,pigeon pea (tur),2015,June,3,6000,6000,6000,2015-06-01,Jalgaon,0
8,pigeon pea (tur),2015,July,11,5467,5467,5467,2015-07-01,Jalgaon,0
9,pigeon pea (tur),2015,October,7,9900,9900,9900,2015-10-01,Jalgaon,0
10,pigeon pea (tur),2015,December,23,6500,6750,6750,2015-12-01,Jalgaon,250
11,pigeon pea (tur),2016,January,37,7357,7714,7650,2016-01-01,Jalgaon,357
12,pigeon pea (tur),2016,February,10,7600,7900,7800,2016-02-01,Jalgaon,300
13,pigeon pea (tur),2016,March,11,6300,7100,6300,2016-03-01,Jalgaon,800
14,pigeon pea (tur),2016,April,10,7150,7400,7400,2016-04-01,Jalgaon,250
