,Commodity,Year,Month,arrivals_in_qtl,min_price,max_price,modal_price,date,district_name,diff_price
0,grapes,2015,January,43,2660,3740,3260,2015-01-01,Jalgaon,1080
1,grapes,2015,February,157,2377,4008,3131,2015-02-01,Jalgaon,1631
2,grapes,2015,March,210,2095,4037,2984,2015-03-01,Jalgaon,1942
3,grapes,2015,April,34,2840,4200,3440,2015-04-01,Jalgaon,1360
4,grapes,2016,January,10,2500,3500,2800,2016-01-01,Jalgaon,1000
5,grapes,2016,February,150,2492,4438,3246,2016-02-01,Jalgaon,1946
6,grapes,2016,March,153,3007,5200,3960,2016-03-01,Jalgaon,2193
7,grapes,2016,April,20,3400,5333,4167,2016-04-01,Jalgaon,1933
