,Commodity,Year,Month,arrivals_in_qtl,min_price,max_price,modal_price,date,district_name,diff_price
0,lemon,2014,September,97,2150,3144,2561,2014-09-01,Jalgaon,994
1,lemon,2014,October,105,2383,3589,2994,2014-10-01,Jalgaon,1206
2,lemon,2014,November,190,1577,2400,1950,2014-11-01,Jalgaon,823
3,lemon,2014,December,203,1248,1835,1522,2014-12-01,Jalgaon,587
4,lemon,2015,January,223,1311,1867,1556,2015-01-01,Jalgaon,556
5,lemon,2015,February,115,2168,3879,2974,2015-02-01,Jalgaon,1711
6,lemon,2015,March,105,2728,4722,3589,2015-03-01,Jalgaon,1994
7,lemon,2015,April,138,2126,3763,2900,2015-04-01,Jalgaon,1637
8,lemon,2015,May,163,1930,3525,2683,2015-05-01,Jalgaon,1595
9,lemon,2015,June,212,1327,2215,1758,2015-06-01,Jalgaon,888
10,lemon,2015,July,220,908,1483,1125,2015-07-01,Jalgaon,575
11,lemon,2015,August,188,920,1530,1170,2015-08-01,Jalgaon,610
12,lemon,2015,September,168,1650,3060,2350,2015-09-01,Jalgaon,1410
13,lemon,2015,October,165,2115,3300,2700,2015-10-01,Jalgaon,1185
14,lemon,2015,November,160,2300,3231,2750,2015-11-01,Jalgaon,931
15,lemon,2015,December,210,1472,2283,1811,2015-12-01,Jalgaon,811
16,lemon,2016,January,197,1879,2732,2321,2016-01-01,Jalgaon,853
17,lemon,2016,February,158,2435,3612,3018,2016-02-01,Jalgaon,1177
18,lemon,2016,March,230,2974,5009,3909,2016-03-01,Jalgaon,2035
19,lemon,2016,April,176,3172,5372,4333,2016-04-01,Jalgaon,2200
20,lemon,2016,May,223,2662,4114,3281,2016-05-01,Jalgaon,1452
21,lemon,2016,June,231,2088,3615,2815,2016-06-01,Jalgaon,1527
22,lemon,2016,July,167,2090,3562,2819,2016-07-01,Jalgaon,1472
23,lemon,2016,August,184,1832,3005,2336,2016-08-01,Jalgaon,1173
24,lemon,2016,September,181,2086,4243,3219,2016-09-01,Jalgaon,2157
25,lemon,2016,October,203,1468,3332,2223,2016-10-01,Jalgaon,1864
26,lemon,2016,November,193,1010,1857,1386,2016-11-01,Jalgaon,847
