,Commodity,Year,Month,arrivals_in_qtl,min_price,max_price,modal_price,date,district_name,diff_price
2,sorgum(jawar),2015,November,1124,1384,1445,1423,2015-11-01,Latur,61
3,sorgum(jawar),2015,December,1442,1440,1526,1494,2015-12-01,Latur,86
4,sorgum(jawar),2016,January,755,1506,1506,1506,2016-01-01,Latur,0
5,sorgum(jawar),2016,February,398,1519,1519,1519,2016-02-01,Latur,0
6,sorgum(jawar),2016,March,105,1500,1500,1500,2016-03-01,Latur,0
7,sorgum(jawar),2016,April,85,1500,1500,1500,2016-04-01,Latur,0
8,sorgum(jawar),2016,May,299,1500,1500,1500,2016-05-01,Latur,0
9,sorgum(jawar),2016,June,660,1498,1502,1500,2016-06-01,Latur,4
10,sorgum(jawar),2016,July,234,1471,1500,1493,2016-07-01,Latur,29
13,sorgum(jawar),2016,October,454,1356,1513,1444,2016-10-01,Latur,157
