,Commodity,Year,Month,arrivals_in_qtl,min_price,max_price,modal_price,date,district_name,diff_price
0,soybean,2014,October,3320,3076,3251,3176,2014-10-01,Latur,175
1,soybean,2014,November,579,3200,3438,3341,2014-11-01,Latur,238
2,soybean,2015,August,12,2800,3400,3300,2015-08-01,Latur,600
3,soybean,2015,September,140,3272,3286,3279,2015-09-01,Latur,14
4,soybean,2015,October,16703,3408,3730,3580,2015-10-01,Latur,322
5,soybean,2015,November,17431,3503,3787,3672,2015-11-01,Latur,284
6,soybean,2015,December,1630,3442,3666,3582,2015-12-01,Latur,224
7,soybean,2016,January,1684,3592,3715,3669,2016-01-01,Latur,123
8,soybean,2016,February,469,3738,3738,3738,2016-02-01,Latur,0
9,soybean,2016,March,128,3700,3700,3700,2016-03-01,Latur,0
10,soybean,2016,April,337,3838,3919,3881,2016-04-01,Latur,81
11,soybean,2016,May,524,3750,3900,3840,2016-05-01,Latur,150
12,soybean,2016,June,549,3648,3825,3741,2016-06-01,Latur,177
13,soybean,2016,July,237,3621,3793,3718,2016-07-01,Latur,172
14,soybean,2016,August,70,3500,3600,3550,2016-08-01,Latur,100
15,soybean,2016,September,101,3506,3506,3506,2016-09-01,Latur,0
