,Commodity,Year,Month,arrivals_in_qtl,min_price,max_price,modal_price,date,district_name,diff_price
0,black gram,2014,September,10,3300,3400,3300,2014-09-01,Latur,100
1,black gram,2014,October,42,4175,4813,4595,2014-10-01,Latur,638
2,black gram,2015,September,251,7776,8390,8085,2015-09-01,Latur,614
3,black gram,2015,October,144,8542,9700,9121,2015-10-01,Latur,1158
4,black gram,2016,September,253,5992,6447,6248,2016-09-01,Latur,455
5,black gram,2016,October,259,6609,7364,7055,2016-10-01,Latur,755
6,black gram,2016,November,100,5957,6700,6329,2016-11-01,Latur,743
