,Commodity,Year,Month,arrivals_in_qtl,min_price,max_price,modal_price,date,district_name,diff_price
1,pigeon pea (tur),2015,August,6,9000,9500,9250,2015-08-01,Latur,500
2,pigeon pea (tur),2015,December,617,7740,9254,8543,2015-12-01,Latur,1514
3,pigeon pea (tur),2016,January,1331,8422,9357,8897,2016-01-01,Latur,935
4,pigeon pea (tur),2016,February,159,8236,8614,8393,2016-02-01,Latur,378
6,pigeon pea (tur),2016,April,39,9013,9013,9013,2016-04-01,Latur,0
7,pigeon pea (tur),2016,May,92,8163,9044,8694,2016-05-01,Latur,881
8,pigeon pea (tur),2016,June,7,9000,9000,9000,2016-06-01,Latur,0
9,pigeon pea (tur),2016,July,10,8500,8500,8500,2016-07-01,Latur,0
