,Commodity,Year,Month,arrivals_in_qtl,min_price,max_price,modal_price,date,district_name,diff_price
0,green gram,2014,September,366,5341,5927,5638,2014-09-01,Latur,586
1,green gram,2014,October,201,5988,6638,6319,2014-10-01,Latur,650
2,green gram,2015,August,72,6330,6790,6580,2015-08-01,Latur,460
3,green gram,2015,September,794,7161,7794,7514,2015-09-01,Latur,633
4,green gram,2015,October,279,7575,8213,7925,2015-10-01,Latur,638
5,green gram,2015,November,12,7500,8200,7800,2015-11-01,Latur,700
6,green gram,2015,December,27,6617,7201,7034,2015-12-01,Latur,584
7,green gram,2016,August,80,4875,4875,4875,2016-08-01,Latur,0
8,green gram,2016,September,1051,4929,5046,4994,2016-09-01,Latur,117
9,green gram,2016,October,397,4700,4969,4861,2016-10-01,Latur,269
10,green gram,2016,November,192,4472,4695,4589,2016-11-01,Latur,223
