,Commodity,Year,Month,arrivals_in_qtl,min_price,max_price,modal_price,date,district_name,diff_price
0,mosambi,2014,September,9517,840,1659,1384,2014-09-01,Jalna,819
1,mosambi,2014,October,11574,857,1696,1357,2014-10-01,Jalna,839
2,mosambi,2014,November,8143,750,1548,1278,2014-11-01,Jalna,798
3,mosambi,2014,December,7556,741,1458,1235,2014-12-01,Jalna,717
4,mosambi,2015,January,6689,721,1434,1032,2015-01-01,Jalna,713
5,mosambi,2015,February,15184,647,1465,883,2015-02-01,Jalna,818
6,mosambi,2015,March,17964,829,1682,1121,2015-03-01,Jalna,853
7,mosambi,2015,April,8634,1078,1977,1356,2015-04-01,Jalna,899
8,mosambi,2015,May,140,1700,2550,1975,2015-05-01,Jalna,850
9,mosambi,2015,July,223,1320,1733,1500,2015-07-01,Jalna,413
10,mosambi,2015,August,3914,853,1500,1183,2015-08-01,Jalna,647
11,mosambi,2015,September,25700,930,1630,1300,2015-09-01,Jalna,700
12,mosambi,2015,October,19183,1029,1718,1382,2015-10-01,Jalna,689
13,mosambi,2015,November,3208,1337,2263,1637,2015-11-01,Jalna,926
14,mosambi,2015,December,2741,1138,1948,1467,2015-12-01,Jalna,810
15,mosambi,2016,January,7894,911,1710,1294,2016-01-01,Jalna,799
16,mosambi,2016,February,7807,1274,1983,1554,2016-02-01,Jalna,709
17,mosambi,2016,March,3481,1677,2457,1983,2016-03-01,Jalna,780
18,mosambi,2016,April,1889,1857,2811,2296,2016-04-01,Jalna,954
19,mosambi,2016,August,5955,1455,2127,1745,2016-08-01,Jalna,672
20,mosambi,2016,September,19017,2040,3080,2540,2016-09-01,Jalna,1040
21,mosambi,2016,October,11103,2011,3201,2633,2016-10-01,Jalna,1190
