,Commodity,Year,Month,arrivals_in_qtl,min_price,max_price,modal_price,date,district_name,diff_price
0,banana,2014,September,384,389,942,597,2014-09-01,Jalna,553
2,banana,2014,November,105,410,850,650,2014-11-01,Jalna,440
3,banana,2014,December,245,303,722,473,2014-12-01,Jalna,419
4,banana,2015,January,90,280,650,445,2015-01-01,Jalna,370
5,banana,2015,July,20,500,1000,700,2015-07-01,Jalna,500
6,banana,2015,August,240,411,767,580,2015-08-01,Jalna,356
7,banana,2015,September,290,336,670,461,2015-09-01,Jalna,334
8,banana,2015,October,230,293,757,458,2015-10-01,Jalna,464
9,banana,2015,November,110,207,650,400,2015-11-01,Jalna,443
10,banana,2015,December,125,277,517,383,2015-12-01,Jalna,240
11,banana,2016,February,25,175,400,300,2016-02-01,Jalna,225
