,Commodity,Year,Month,arrivals_in_qtl,min_price,max_price,modal_price,date,district_name,diff_price
0,cotton,2014,November,318,4050,4050,4050,2014-11-01,Jalna,0
1,cotton,2014,December,46861,4034,4046,4038,2014-12-01,Jalna,12
2,cotton,2015,January,48843,3948,3950,3950,2015-01-01,Jalna,2
3,cotton,2015,February,54953,3914,3925,3925,2015-02-01,Jalna,11
4,cotton,2015,October,554,4316,4355,4342,2015-10-01,Jalna,39
5,cotton,2015,November,4622,4016,4153,4070,2015-11-01,Jalna,137
6,cotton,2015,December,6069,4038,4242,4131,2015-12-01,Jalna,204
7,cotton,2016,January,2165,4227,4341,4294,2016-01-01,Jalna,114
8,cotton,2016,February,338,4211,4325,4300,2016-02-01,Jalna,114
