,Commodity,Year,Month,arrivals_in_qtl,min_price,max_price,modal_price,date,district_name,diff_price
0,soybean,2014,September,644,3041,3199,3153,2014-09-01,Jalna,158
1,soybean,2014,October,69756,2634,3113,2963,2014-10-01,Jalna,479
2,soybean,2014,November,77190,2942,3300,3235,2014-11-01,Jalna,358
3,soybean,2014,December,25957,2999,3266,3237,2014-12-01,Jalna,267
4,soybean,2015,January,13225,3123,4538,3309,2015-01-01,Jalna,1415
5,soybean,2015,February,8658,3051,3306,3277,2015-02-01,Jalna,255
6,soybean,2015,March,5245,3035,3266,3243,2015-03-01,Jalna,231
7,soybean,2015,April,3800,3321,3593,3549,2015-04-01,Jalna,272
8,soybean,2015,May,3092,3517,3851,3788,2015-05-01,Jalna,334
9,soybean,2015,June,6037,3268,3608,3536,2015-06-01,Jalna,340
10,soybean,2015,July,1744,3179,3384,3359,2015-07-01,Jalna,205
11,soybean,2015,August,1326,3042,3217,3186,2015-08-01,Jalna,175
12,soybean,2015,September,3226,3038,3324,3257,2015-09-01,Jalna,286
13,soybean,2015,October,141068,2910,3716,3441,2015-10-01,Jalna,806
14,soybean,2015,November,44458,3100,3713,3569,2015-11-01,Jalna,613
15,soybean,2015,December,14549,3147,3632,3536,2015-12-01,Jalna,485
16,soybean,2016,January,6024,3286,3649,3558,2016-01-01,Jalna,363
17,soybean,2016,February,4254,3143,3656,3589,2016-02-01,Jalna,513
18,soybean,2016,March,6953,3197,3679,3617,2016-03-01,Jalna,482
19,soybean,2016,April,1604,3549,3929,3856,2016-04-01,Jalna,380
20,soybean,2016,May,1721,3578,3816,3777,2016-05-01,Jalna,238
21,soybean,2016,June,2625,3396,3786,3700,2016-06-01,Jalna,390
22,soybean,2016,July,834,3282,3543,3510,2016-07-01,Jalna,261
23,soybean,2016,August,732,3224,3420,3378,2016-08-01,Jalna,196
24,soybean,2016,September,468,3020,3148,3118,2016-09-01,Jalna,128
