,Commodity,Year,Month,arrivals_in_qtl,min_price,max_price,modal_price,date,district_name,diff_price
0,rajgira,2014,September,4,6233,6233,6233,2014-09-01,Jalna,0
1,rajgira,2014,December,1,4700,4700,4700,2014-12-01,Jalna,0
2,rajgira,2015,April,1,5750,5750,5750,2015-04-01,Jalna,0
3,rajgira,2015,May,5,5000,5000,5000,2015-05-01,Jalna,0
4,rajgira,2015,June,16,4750,5000,4750,2015-06-01,Jalna,250
5,rajgira,2016,May,4,4100,4100,4100,2016-05-01,Jalna,0
6,rajgira,2016,September,5,5302,5302,5302,2016-09-01,Jalna,0
