,Commodity,Year,Month,arrivals_in_qtl,min_price,max_price,modal_price,date,district_name,diff_price
0,wheat(husked),2014,September,12833,1564,1699,1641,2014-09-01,Jalna,135
1,wheat(husked),2014,October,7143,1408,1575,1517,2014-10-01,Jalna,167
2,wheat(husked),2014,November,6617,1489,1694,1600,2014-11-01,Jalna,205
3,wheat(husked),2014,December,4871,1467,1651,1563,2014-12-01,Jalna,184
4,wheat(husked),2015,January,6788,1563,1762,1672,2015-01-01,Jalna,199
5,wheat(husked),2015,February,8238,1455,1650,1571,2015-02-01,Jalna,195
6,wheat(husked),2015,March,13092,1522,1827,1659,2015-03-01,Jalna,305
7,wheat(husked),2015,April,10483,1806,2179,1976,2015-04-01,Jalna,373
8,wheat(husked),2015,May,7594,1574,1788,1678,2015-05-01,Jalna,214
9,wheat(husked),2015,June,4748,1572,1747,1668,2015-06-01,Jalna,175
10,wheat(husked),2015,July,2684,1592,1721,1662,2015-07-01,Jalna,129
11,wheat(husked),2015,August,2634,1561,1711,1643,2015-08-01,Jalna,150
12,wheat(husked),2015,September,3993,1520,1693,1617,2015-09-01,Jalna,173
13,wheat(husked),2015,October,3515,1648,1760,1713,2015-10-01,Jalna,112
14,wheat(husked),2015,November,2023,1678,1791,1724,2015-11-01,Jalna,113
15,wheat(husked),2015,December,1378,1687,1776,1743,2015-12-01,Jalna,89
16,wheat(husked),2016,January,1266,1745,1839,1784,2016-01-01,Jalna,94
17,wheat(husked),2016,February,2669,1878,2036,1942,2016-02-01,Jalna,158
18,wheat(husked),2016,March,4154,1887,2098,1986,2016-03-01,Jalna,211
19,wheat(husked),2016,April,2383,2071,2235,2149,2016-04-01,Jalna,164
20,wheat(husked),2016,May,1856,2003,2152,2079,2016-05-01,Jalna,149
21,wheat(husked),2016,June,1713,1922,2066,1981,2016-06-01,Jalna,144
22,wheat(husked),2016,July,815,1874,2024,1942,2016-07-01,Jalna,150
23,wheat(husked),2016,August,2155,1860,1977,1925,2016-08-01,Jalna,117
24,wheat(husked),2016,September,1616,1846,1932,1894,2016-09-01,Jalna,86
25,wheat(husked),2016,October,1816,1843,1922,1888,2016-10-01,Jalna,79
26,wheat(husked),2016,November,2021,2013,2174,2098,2016-11-01,Jalna,161
