,Commodity,Year,Month,arrivals_in_qtl,min_price,max_price,modal_price,date,district_name,diff_price
0,jaggery,2014,October,421,2578,2707,2621,2014-10-01,Jalna,129
1,jaggery,2014,November,2841,2312,2551,2435,2014-11-01,Jalna,239
2,jaggery,2014,December,10459,2122,2412,2269,2014-12-01,Jalna,290
3,jaggery,2015,January,13411,2195,2434,2334,2015-01-01,Jalna,239
4,jaggery,2015,February,13320,2107,2302,2226,2015-02-01,Jalna,195
5,jaggery,2015,March,7062,2075,2210,2148,2015-03-01,Jalna,135
6,jaggery,2015,April,6798,2177,2338,2259,2015-04-01,Jalna,161
7,jaggery,2015,May,1402,2433,2556,2486,2015-05-01,Jalna,123
8,jaggery,2015,June,3053,2406,2499,2481,2015-06-01,Jalna,93
9,jaggery,2015,July,1686,2286,2388,2327,2015-07-01,Jalna,102
10,jaggery,2015,August,994,2273,2344,2318,2015-08-01,Jalna,71
11,jaggery,2015,September,837,2262,2342,2307,2015-09-01,Jalna,80
12,jaggery,2015,October,572,2390,2483,2469,2015-10-01,Jalna,93
13,jaggery,2015,November,1468,2350,2457,2395,2015-11-01,Jalna,107
14,jaggery,2015,December,5379,2190,2428,2334,2015-12-01,Jalna,238
15,jaggery,2016,January,2867,2427,2565,2485,2016-01-01,Jalna,138
16,jaggery,2016,February,2465,2476,2626,2565,2016-02-01,Jalna,150
17,jaggery,2016,March,1118,2681,2855,2747,2016-03-01,Jalna,174
18,jaggery,2016,April,575,3032,3150,3081,2016-04-01,Jalna,118
19,jaggery,2016,May,710,3036,3269,3187,2016-05-01,Jalna,233
20,jaggery,2016,June,228,3371,3504,3436,2016-06-01,Jalna,133
21,jaggery,2016,August,81,3483,3543,3531,2016-08-01,Jalna,60
22,jaggery,2016,September,103,3294,3416,3353,2016-09-01,Jalna,122
23,jaggery,2016,October,80,3600,4650,3630,2016-10-01,Jalna,1050
24,jaggery,2016,November,248,2814,2975,2874,2016-11-01,Jalna,161
