,Commodity,Year,Month,arrivals_in_qtl,min_price,max_price,modal_price,date,district_name,diff_price
0,sorgum(jawar),2014,November,370,1250,3051,2100,2014-11-01,Jalna,1801
1,sorgum(jawar),2015,June,30,1154,1254,1209,2015-06-01,Jalna,100
2,sorgum(jawar),2015,September,5,1400,1500,1400,2015-09-01,Jalna,100
3,sorgum(jawar),2015,October,11,1194,1272,1272,2015-10-01,Jalna,78
4,sorgum(jawar),2015,December,2,1050,1300,1300,2015-12-01,Jalna,250
5,sorgum(jawar),2016,February,15,1488,1523,1523,2016-02-01,Jalna,35
6,sorgum(jawar),2016,March,74,1548,1653,1581,2016-03-01,Jalna,105
7,sorgum(jawar),2016,April,40,1636,1747,1654,2016-04-01,Jalna,111
8,sorgum(jawar),2016,May,15,1625,1725,1715,2016-05-01,Jalna,100
9,sorgum(jawar),2016,June,43,1701,1784,1742,2016-06-01,Jalna,83
10,sorgum(jawar),2016,August,31,1604,1708,1683,2016-08-01,Jalna,104
11,sorgum(jawar),2016,September,42,1675,1688,1688,2016-09-01,Jalna,13
12,sorgum(jawar),2016,October,838,1563,1900,1692,2016-10-01,Jalna,337
13,sorgum(jawar),2016,November,43,1850,1917,1892,2016-11-01,Jalna,67
