,Commodity,Year,Month,arrivals_in_qtl,min_price,max_price,modal_price,date,district_name,diff_price
0,sorgum(jawar),2014,September,26471,1147,2610,1827,2014-09-01,Jalna,1463
1,sorgum(jawar),2014,October,9740,1145,2675,1860,2014-10-01,Jalna,1530
3,sorgum(jawar),2014,December,6769,1121,2705,1900,2014-12-01,Jalna,1584
4,sorgum(jawar),2015,January,9703,1171,2788,1981,2015-01-01,Jalna,1617
5,sorgum(jawar),2015,February,11559,1163,2287,1724,2015-02-01,Jalna,1124
6,sorgum(jawar),2015,March,24552,1147,2478,1793,2015-03-01,Jalna,1331
7,sorgum(jawar),2015,April,27738,1127,2529,1778,2015-04-01,Jalna,1402
8,sorgum(jawar),2015,May,23576,1140,2256,1772,2015-05-01,Jalna,1116
9,sorgum(jawar),2015,June,21272,1122,2191,1697,2015-06-01,Jalna,1069
10,sorgum(jawar),2015,July,7252,1179,2062,1655,2015-07-01,Jalna,883
11,sorgum(jawar),2015,August,10662,1234,2210,1707,2015-08-01,Jalna,976
12,sorgum(jawar),2015,September,15229,1325,2123,1659,2015-09-01,Jalna,798
14,sorgum(jawar),2015,November,5511,1305,2362,1766,2015-11-01,Jalna,1057
15,sorgum(jawar),2015,December,6829,1308,2368,1733,2015-12-01,Jalna,1060
16,sorgum(jawar),2016,January,7154,1312,2206,1669,2016-01-01,Jalna,894
17,sorgum(jawar),2016,February,43270,1314,2619,1764,2016-02-01,Jalna,1305
18,sorgum(jawar),2016,March,54424,1305,2592,1733,2016-03-01,Jalna,1287
19,sorgum(jawar),2016,April,28135,1292,2535,1763,2016-04-01,Jalna,1243
20,sorgum(jawar),2016,May,26002,1338,2422,1796,2016-05-01,Jalna,1084
21,sorgum(jawar),2016,June,16500,1404,2576,1830,2016-06-01,Jalna,1172
22,sorgum(jawar),2016,July,6652,1513,2580,1951,2016-07-01,Jalna,1067
23,sorgum(jawar),2016,August,16539,1512,2324,1803,2016-08-01,Jalna,812
24,sorgum(jawar),2016,September,14536,1552,2498,1833,2016-09-01,Jalna,946
25,sorgum(jawar),2016,October,12535,1551,2770,1878,2016-10-01,Jalna,1219
