,Commodity,Year,Month,arrivals_in_qtl,min_price,max_price,modal_price,date,district_name,diff_price
0,maize,2014,November,1714,850,1175,1000,2014-11-01,Jalna,325
1,maize,2015,October,203,1103,1275,1195,2015-10-01,Jalna,172
2,maize,2015,November,141,1228,1330,1309,2015-11-01,Jalna,102
3,maize,2015,December,4,1350,1350,1350,2015-12-01,Jalna,0
4,maize,2016,March,10,1150,1325,1300,2016-03-01,Jalna,175
5,maize,2016,May,2,1211,1211,1211,2016-05-01,Jalna,0
6,maize,2016,October,2318,933,1060,979,2016-10-01,Jalna,127
7,maize,2016,November,631,993,1038,1026,2016-11-01,Jalna,45
