,Commodity,Year,Month,arrivals_in_qtl,min_price,max_price,modal_price,date,district_name,diff_price
0,sesamum,2014,October,1,10001,10001,10001,2014-10-01,Jalna,0
1,sesamum,2014,November,2,11384,11384,11384,2014-11-01,Jalna,0
2,sesamum,2014,December,1,11000,11000,11000,2014-12-01,Jalna,0
3,sesamum,2015,June,2,8000,8000,8000,2015-06-01,Jalna,0
4,sesamum,2015,October,2,6700,7400,7400,2015-10-01,Jalna,700
5,sesamum,2015,November,3,7500,7500,7500,2015-11-01,Jalna,0
6,sesamum,2016,June,10,5875,5875,5875,2016-06-01,Jalna,0
