,Commodity,Year,Month,arrivals_in_qtl,min_price,max_price,modal_price,date,district_name,diff_price
1,pigeon pea (tur),2015,December,136,8771,9188,8990,2015-12-01,Jalna,417
2,pigeon pea (tur),2016,January,72,8247,8834,8621,2016-01-01,Jalna,587
3,pigeon pea (tur),2016,February,14,7800,8100,7800,2016-02-01,Jalna,300
4,pigeon pea (tur),2016,March,24,7100,7500,7300,2016-03-01,Jalna,400
5,pigeon pea (tur),2016,April,7,8150,8400,8400,2016-04-01,Jalna,250
6,pigeon pea (tur),2016,May,8,8500,8500,8500,2016-05-01,Jalna,0
7,pigeon pea (tur),2016,June,4,7700,8000,7700,2016-06-01,Jalna,300
8,pigeon pea (tur),2016,October,132,5290,6120,6040,2016-10-01,Jalna,830
