,Commodity,Year,Month,arrivals_in_qtl,min_price,max_price,modal_price,date,district_name,diff_price
0,pigeon pea (tur),2014,September,441,3967,4719,4388,2014-09-01,Jalna,752
1,pigeon pea (tur),2014,October,274,4216,4878,4585,2014-10-01,Jalna,662
2,pigeon pea (tur),2014,November,442,4626,4978,4679,2014-11-01,Jalna,352
3,pigeon pea (tur),2014,December,1067,4452,5206,4973,2014-12-01,Jalna,754
4,pigeon pea (tur),2015,January,11779,4623,5516,5262,2015-01-01,Jalna,893
5,pigeon pea (tur),2015,February,22617,4672,5717,5330,2015-02-01,Jalna,1045
6,pigeon pea (tur),2015,March,10750,4369,5647,5219,2015-03-01,Jalna,1278
7,pigeon pea (tur),2015,April,7277,4779,5981,5551,2015-04-01,Jalna,1202
8,pigeon pea (tur),2015,May,2708,5052,6636,6027,2015-05-01,Jalna,1584
9,pigeon pea (tur),2015,June,1193,5119,6494,5981,2015-06-01,Jalna,1375
10,pigeon pea (tur),2015,July,586,5040,6516,6026,2015-07-01,Jalna,1476
11,pigeon pea (tur),2015,August,418,6529,8501,7826,2015-08-01,Jalna,1972
12,pigeon pea (tur),2015,September,197,7780,8577,8373,2015-09-01,Jalna,797
13,pigeon pea (tur),2015,October,111,8587,10432,9707,2015-10-01,Jalna,1845
14,pigeon pea (tur),2015,November,120,9675,10827,10143,2015-11-01,Jalna,1152
15,pigeon pea (tur),2015,December,51698,8039,9344,8829,2015-12-01,Jalna,1305
16,pigeon pea (tur),2016,January,62059,7758,8901,8378,2016-01-01,Jalna,1143
17,pigeon pea (tur),2016,February,17310,7029,8139,7677,2016-02-01,Jalna,1110
18,pigeon pea (tur),2016,March,11604,6848,8222,7745,2016-03-01,Jalna,1374
19,pigeon pea (tur),2016,April,9459,7832,9005,8501,2016-04-01,Jalna,1173
20,pigeon pea (tur),2016,May,4279,7593,8927,8448,2016-05-01,Jalna,1334
21,pigeon pea (tur),2016,June,3779,7832,8915,8547,2016-06-01,Jalna,1083
22,pigeon pea (tur),2016,July,795,7750,8660,8324,2016-07-01,Jalna,910
23,pigeon pea (tur),2016,August,1291,5407,6442,6043,2016-08-01,Jalna,1035
24,pigeon pea (tur),2016,September,1567,5694,6740,6267,2016-09-01,Jalna,1046
25,pigeon pea (tur),2016,October,1111,6012,6554,6401,2016-10-01,Jalna,542
26,pigeon pea (tur),2016,November,233,4878,5397,5278,2016-11-01,Jalna,519
