,Commodity,Year,Month,arrivals_in_qtl,min_price,max_price,modal_price,date,district_name,diff_price
0,mustard,2014,September,2,2800,2800,2800,2014-09-01,Jalna,0
1,mustard,2014,December,9,4450,4450,4450,2014-12-01,Jalna,0
2,mustard,2015,February,10,3367,3367,3367,2015-02-01,Jalna,0
3,mustard,2015,March,94,3276,3302,3296,2015-03-01,Jalna,26
4,mustard,2015,April,25,3321,3386,3364,2015-04-01,Jalna,65
5,mustard,2015,May,30,3538,3700,3700,2015-05-01,Jalna,162
6,mustard,2015,June,9,3405,3505,3465,2015-06-01,Jalna,100
7,mustard,2015,July,7,3450,3511,3511,2015-07-01,Jalna,61
8,mustard,2015,October,3,3800,3800,3800,2015-10-01,Jalna,0
9,mustard,2015,December,2,3600,3600,3600,2015-12-01,Jalna,0
10,mustard,2016,January,1,3650,3650,3650,2016-01-01,Jalna,0
11,mustard,2016,March,1,3500,3500,3500,2016-03-01,Jalna,0
12,mustard,2016,April,6,4500,4500,4500,2016-04-01,Jalna,0
13,mustard,2016,May,6,4225,4225,4225,2016-05-01,Jalna,0
14,mustard,2016,June,4,4200,4200,4200,2016-06-01,Jalna,0
15,mustard,2016,October,6,4100,4100,4100,2016-10-01,Jalna,0
16,mustard,2016,November,2,3600,3600,3600,2016-11-01,Jalna,0
