,Commodity,Year,Month,arrivals_in_qtl,min_price,max_price,modal_price,date,district_name,diff_price
0,green gram,2014,September,10661,4879,7134,6222,2014-09-01,Jalna,2255
1,green gram,2014,October,7418,6190,7614,7099,2014-10-01,Jalna,1424
2,green gram,2014,November,2852,6864,8071,7628,2014-11-01,Jalna,1207
3,green gram,2014,December,682,6743,7848,7407,2014-12-01,Jalna,1105
4,green gram,2015,January,578,7352,7701,7524,2015-01-01,Jalna,349
5,green gram,2015,February,43,6550,6824,6630,2015-02-01,Jalna,274
6,green gram,2015,March,24,6600,6800,6780,2015-03-01,Jalna,200
7,green gram,2015,April,13,6654,6854,6754,2015-04-01,Jalna,200
8,green gram,2015,May,34,5650,6331,6259,2015-05-01,Jalna,681
9,green gram,2015,June,35,6263,6584,6270,2015-06-01,Jalna,321
10,green gram,2015,July,7,6450,6500,6450,2015-07-01,Jalna,50
11,green gram,2015,August,4284,6194,7573,7022,2015-08-01,Jalna,1379
12,green gram,2015,September,9451,6964,8360,7691,2015-09-01,Jalna,1396
13,green gram,2015,October,2826,7764,9016,8576,2015-10-01,Jalna,1252
14,green gram,2015,November,450,7005,7976,7514,2015-11-01,Jalna,971
15,green gram,2015,December,232,6750,7648,7196,2015-12-01,Jalna,898
16,green gram,2016,January,29,6543,6750,6750,2016-01-01,Jalna,207
17,green gram,2016,February,6,6150,6150,6150,2016-02-01,Jalna,0
18,green gram,2016,March,12,5829,5829,5829,2016-03-01,Jalna,0
19,green gram,2016,April,29,6137,6470,6271,2016-04-01,Jalna,333
20,green gram,2016,May,98,5849,6105,6024,2016-05-01,Jalna,256
21,green gram,2016,June,88,5410,5530,5510,2016-06-01,Jalna,120
22,green gram,2016,July,17,4663,4738,4738,2016-07-01,Jalna,75
23,green gram,2016,August,8019,4013,4586,4319,2016-08-01,Jalna,573
24,green gram,2016,September,38385,4354,5368,4841,2016-09-01,Jalna,1014
25,green gram,2016,October,10189,4412,6678,4891,2016-10-01,Jalna,2266
26,green gram,2016,November,3781,4232,5230,4870,2016-11-01,Jalna,998
