,Commodity,Year,Month,arrivals_in_qtl,min_price,max_price,modal_price,date,district_name,diff_price
0,bajri,2014,October,14,1050,1350,1300,2014-10-01,Jalna,300
1,bajri,2014,December,1,1450,1450,1450,2014-12-01,Jalna,0
2,bajri,2015,January,3,1375,1375,1375,2015-01-01,Jalna,0
3,bajri,2015,June,20,1253,1261,1261,2015-06-01,Jalna,8
4,bajri,2015,July,6,1250,1250,1250,2015-07-01,Jalna,0
5,bajri,2015,August,17,1150,1300,1250,2015-08-01,Jalna,150
6,bajri,2015,September,26,1241,1302,1282,2015-09-01,Jalna,61
7,bajri,2015,October,157,1229,1317,1275,2015-10-01,Jalna,88
8,bajri,2015,November,29,1258,1381,1329,2015-11-01,Jalna,123
9,bajri,2015,December,42,1342,1392,1373,2015-12-01,Jalna,50
10,bajri,2016,January,2,1411,1411,1411,2016-01-01,Jalna,0
11,bajri,2016,February,3,1325,1400,1325,2016-02-01,Jalna,75
12,bajri,2016,March,34,1479,1507,1482,2016-03-01,Jalna,28
13,bajri,2016,April,11,1590,1620,1590,2016-04-01,Jalna,30
14,bajri,2016,May,12,1675,1725,1688,2016-05-01,Jalna,50
15,bajri,2016,June,20,1597,1619,1604,2016-06-01,Jalna,22
16,bajri,2016,August,34,1584,1601,1601,2016-08-01,Jalna,17
17,bajri,2016,September,28,1500,1500,1500,2016-09-01,Jalna,0
18,bajri,2016,October,976,1224,1387,1315,2016-10-01,Jalna,163
19,bajri,2016,November,32,1250,1250,1250,2016-11-01,Jalna,0
