,Commodity,Year,Month,arrivals_in_qtl,min_price,max_price,modal_price,date,district_name,diff_price
0,safflower,2014,October,11,2200,2200,2200,2014-10-01,Jalna,0
1,safflower,2014,December,5,2275,2275,2275,2014-12-01,Jalna,0
2,safflower,2015,January,2,2400,2400,2400,2015-01-01,Jalna,0
3,safflower,2015,February,1,2300,2300,2300,2015-02-01,Jalna,0
4,safflower,2015,March,5,2475,2475,2475,2015-03-01,Jalna,0
5,safflower,2015,April,42,2375,2405,2405,2015-04-01,Jalna,30
6,safflower,2015,May,118,2368,2393,2368,2015-05-01,Jalna,25
7,safflower,2015,June,16,2363,2363,2363,2015-06-01,Jalna,0
8,safflower,2015,August,25,2250,2250,2250,2015-08-01,Jalna,0
9,safflower,2015,September,14,2192,2192,2192,2015-09-01,Jalna,0
10,safflower,2015,October,28,2100,2100,2100,2015-10-01,Jalna,0
11,safflower,2015,November,15,2270,2270,2270,2015-11-01,Jalna,0
13,safflower,2016,January,4,2475,2475,2475,2016-01-01,Jalna,0
14,safflower,2016,February,9,2350,2350,2350,2016-02-01,Jalna,0
15,safflower,2016,March,81,2449,2449,2449,2016-03-01,Jalna,0
16,safflower,2016,April,12,2525,2600,2600,2016-04-01,Jalna,75
17,safflower,2016,May,18,2565,2565,2565,2016-05-01,Jalna,0
18,safflower,2016,June,25,2506,2531,2506,2016-06-01,Jalna,25
19,safflower,2016,July,4,2500,2500,2500,2016-07-01,Jalna,0
20,safflower,2016,August,10,2513,2513,2513,2016-08-01,Jalna,0
21,safflower,2016,September,5,2650,2650,2650,2016-09-01,Jalna,0
22,safflower,2016,October,1,2600,2600,2600,2016-10-01,Jalna,0
