,Commodity,Year,Month,arrivals_in_qtl,min_price,max_price,modal_price,date,district_name,diff_price
0,black gram,2014,September,331,3887,4519,4274,2014-09-01,Jalna,632
1,black gram,2014,October,1217,4116,4786,4540,2014-10-01,Jalna,670
2,black gram,2014,November,2068,4973,5321,5205,2014-11-01,Jalna,348
3,black gram,2014,December,128,5013,5210,5099,2014-12-01,Jalna,197
4,black gram,2015,January,47,5294,5449,5352,2015-01-01,Jalna,155
5,black gram,2015,February,14,5120,5178,5137,2015-02-01,Jalna,58
6,black gram,2015,March,2,5000,5000,5000,2015-03-01,Jalna,0
7,black gram,2015,April,2,6100,6100,6100,2015-04-01,Jalna,0
8,black gram,2015,May,25,7127,7127,7127,2015-05-01,Jalna,0
9,black gram,2015,June,24,6713,6956,6811,2015-06-01,Jalna,243
10,black gram,2015,August,16,7765,7822,7780,2015-08-01,Jalna,57
11,black gram,2015,September,883,7644,8825,8346,2015-09-01,Jalna,1181
12,black gram,2015,October,474,9300,11314,10321,2015-10-01,Jalna,2014
13,black gram,2015,November,65,8675,9453,9269,2015-11-01,Jalna,778
14,black gram,2015,December,22,8243,9332,9186,2015-12-01,Jalna,1089
15,black gram,2016,January,5,6833,7567,7567,2016-01-01,Jalna,734
16,black gram,2016,February,1,5500,5500,5500,2016-02-01,Jalna,0
17,black gram,2016,April,2,11111,11111,11111,2016-04-01,Jalna,0
18,black gram,2016,May,12,8800,11000,8800,2016-05-01,Jalna,2200
19,black gram,2016,June,5,11802,11802,11802,2016-06-01,Jalna,0
20,black gram,2016,August,102,4985,4985,4985,2016-08-01,Jalna,0
21,black gram,2016,September,8141,5591,7159,6623,2016-09-01,Jalna,1568
22,black gram,2016,October,5144,3879,7511,6592,2016-10-01,Jalna,3632
23,black gram,2016,November,1038,5120,6945,6356,2016-11-01,Jalna,1825
