,Commodity,Year,Month,arrivals_in_qtl,min_price,max_price,modal_price,date,district_name,diff_price
0,green gram,2014,September,1083,5680,6445,6063,2014-09-01,Ahmadnagar,765
1,green gram,2014,October,395,5544,6494,6019,2014-10-01,Ahmadnagar,950
2,green gram,2014,November,26,6500,7167,6833,2014-11-01,Ahmadnagar,667
3,green gram,2015,May,22,5375,6250,5813,2015-05-01,Ahmadnagar,875
4,green gram,2015,July,5,5750,6250,6000,2015-07-01,Ahmadnagar,500
5,green gram,2015,August,73,6000,7500,6750,2015-08-01,Ahmadnagar,1500
6,green gram,2015,September,67,6233,7500,6867,2015-09-01,Ahmadnagar,1267
7,green gram,2015,October,29,6790,7330,7060,2015-10-01,Ahmadnagar,540
8,green gram,2015,November,10,6500,7500,7000,2015-11-01,Ahmadnagar,1000
9,green gram,2016,June,2,6000,6000,6000,2016-06-01,Ahmadnagar,0
10,green gram,2016,August,3,4900,5400,5150,2016-08-01,Ahmadnagar,500
