,Commodity,Year,Month,arrivals_in_qtl,min_price,max_price,modal_price,date,district_name,diff_price
0,bajri,2014,September,410,1302,1498,1400,2014-09-01,Ahmadnagar,196
1,bajri,2014,October,2554,1329,1503,1416,2014-10-01,Ahmadnagar,174
2,bajri,2014,November,1877,1318,1503,1411,2014-11-01,Ahmadnagar,185
3,bajri,2014,December,846,1300,1488,1394,2014-12-01,Ahmadnagar,188
4,bajri,2015,January,730,1300,1488,1394,2015-01-01,Ahmadnagar,188
5,bajri,2015,February,263,1300,1453,1376,2015-02-01,Ahmadnagar,153
6,bajri,2015,March,197,1300,1450,1375,2015-03-01,Ahmadnagar,150
7,bajri,2015,April,164,1304,1446,1375,2015-04-01,Ahmadnagar,142
8,bajri,2015,May,174,1300,1450,1375,2015-05-01,Ahmadnagar,150
9,bajri,2015,June,268,1300,1445,1372,2015-06-01,Ahmadnagar,145
10,bajri,2015,July,98,1359,1503,1431,2015-07-01,Ahmadnagar,144
11,bajri,2015,August,63,1413,1557,1485,2015-08-01,Ahmadnagar,144
12,bajri,2015,September,188,1457,1617,1537,2015-09-01,Ahmadnagar,160
13,bajri,2015,October,258,1438,1602,1520,2015-10-01,Ahmadnagar,164
14,bajri,2015,November,171,1486,1633,1560,2015-11-01,Ahmadnagar,147
15,bajri,2015,December,370,1600,1833,1716,2015-12-01,Ahmadnagar,233
16,bajri,2016,January,160,1428,1645,1536,2016-01-01,Ahmadnagar,217
17,bajri,2016,February,76,1425,1578,1502,2016-02-01,Ahmadnagar,153
18,bajri,2016,March,43,1408,1558,1483,2016-03-01,Ahmadnagar,150
19,bajri,2016,April,45,1513,1742,1627,2016-04-01,Ahmadnagar,229
20,bajri,2016,May,68,1486,1814,1650,2016-05-01,Ahmadnagar,328
21,bajri,2016,June,82,1532,1807,1670,2016-06-01,Ahmadnagar,275
22,bajri,2016,July,25,1620,1920,1770,2016-07-01,Ahmadnagar,300
23,bajri,2016,August,136,1508,1817,1663,2016-08-01,Ahmadnagar,309
24,bajri,2016,September,213,1493,1697,1595,2016-09-01,Ahmadnagar,204
