,Commodity,Year,Month,arrivals_in_qtl,min_price,max_price,modal_price,date,district_name,diff_price
0,onion,2014,September,616,217,1756,986,2014-09-01,Ahmadnagar,1539
1,onion,2014,October,650,189,1800,994,2014-10-01,Ahmadnagar,1611
2,onion,2014,November,5202,111,1894,1003,2014-11-01,Ahmadnagar,1783
3,onion,2014,December,13454,133,2133,1133,2014-12-01,Ahmadnagar,2000
4,onion,2015,January,9825,117,1867,992,2015-01-01,Ahmadnagar,1750
5,onion,2015,February,4394,163,1919,1041,2015-02-01,Ahmadnagar,1756
6,onion,2015,March,5093,156,1556,856,2015-03-01,Ahmadnagar,1400
7,onion,2015,April,5232,106,1469,788,2015-04-01,Ahmadnagar,1363
8,onion,2015,May,6286,139,1728,933,2015-05-01,Ahmadnagar,1589
9,onion,2015,June,1271,228,2267,1247,2015-06-01,Ahmadnagar,2039
10,onion,2015,July,476,350,2394,1372,2015-07-01,Ahmadnagar,2044
14,onion,2015,November,6996,367,3239,1803,2015-11-01,Ahmadnagar,2872
15,onion,2015,December,11121,206,2172,1189,2015-12-01,Ahmadnagar,1966
16,onion,2016,January,9433,244,1883,1064,2016-01-01,Ahmadnagar,1639
17,onion,2016,February,4962,106,1300,703,2016-02-01,Ahmadnagar,1194
18,onion,2016,March,5436,100,961,531,2016-03-01,Ahmadnagar,861
19,onion,2016,April,7587,100,939,519,2016-04-01,Ahmadnagar,839
20,onion,2016,May,9098,100,936,518,2016-05-01,Ahmadnagar,836
21,onion,2016,June,5558,100,1225,663,2016-06-01,Ahmadnagar,1125
22,onion,2016,July,2382,142,1067,604,2016-07-01,Ahmadnagar,925
23,onion,2016,August,4791,100,957,471,2016-08-01,Ahmadnagar,857
24,onion,2016,November,2208,100,1167,633,2016-11-01,Ahmadnagar,1067
