,Commodity,Year,Month,arrivals_in_qtl,min_price,max_price,modal_price,date,district_name,diff_price
0,soybean,2014,September,155,2880,3280,3080,2014-09-01,Ahmadnagar,400
1,soybean,2014,October,4321,2847,3035,2941,2014-10-01,Ahmadnagar,188
2,soybean,2014,November,2525,2995,3275,3135,2014-11-01,Ahmadnagar,280
3,soybean,2014,December,651,3000,3217,3108,2014-12-01,Ahmadnagar,217
4,soybean,2015,January,525,3000,3242,3121,2015-01-01,Ahmadnagar,242
5,soybean,2015,February,147,3000,3229,3115,2015-02-01,Ahmadnagar,229
6,soybean,2015,March,68,3000,3250,3125,2015-03-01,Ahmadnagar,250
7,soybean,2015,May,27,3000,3250,3125,2015-05-01,Ahmadnagar,250
8,soybean,2015,June,37,3000,3345,3173,2015-06-01,Ahmadnagar,345
9,soybean,2015,July,42,3014,3336,3175,2015-07-01,Ahmadnagar,322
10,soybean,2015,August,30,3200,3463,3331,2015-08-01,Ahmadnagar,263
11,soybean,2015,September,135,3231,3512,3371,2015-09-01,Ahmadnagar,281
12,soybean,2015,October,3121,3302,3674,3488,2015-10-01,Ahmadnagar,372
13,soybean,2015,November,892,3364,3742,3553,2015-11-01,Ahmadnagar,378
14,soybean,2015,December,547,3213,3635,3424,2015-12-01,Ahmadnagar,422
15,soybean,2016,January,321,3195,3511,3353,2016-01-01,Ahmadnagar,316
16,soybean,2016,February,103,3196,3389,3291,2016-02-01,Ahmadnagar,193
17,soybean,2016,March,116,3155,3380,3268,2016-03-01,Ahmadnagar,225
18,soybean,2016,April,99,3084,3466,3275,2016-04-01,Ahmadnagar,382
19,soybean,2016,May,40,3050,3561,3306,2016-05-01,Ahmadnagar,511
20,soybean,2016,June,212,3002,3557,3280,2016-06-01,Ahmadnagar,555
21,soybean,2016,July,33,3000,3443,3221,2016-07-01,Ahmadnagar,443
22,soybean,2016,August,31,3000,3267,3133,2016-08-01,Ahmadnagar,267
23,soybean,2016,September,77,2822,3044,2933,2016-09-01,Ahmadnagar,222
