,Commodity,Year,Month,arrivals_in_qtl,min_price,max_price,modal_price,date,district_name,diff_price
0,wheat(husked),2014,September,280,1936,2400,2168,2014-09-01,Ahmadnagar,464
1,wheat(husked),2014,October,136,1907,2364,2136,2014-10-01,Ahmadnagar,457
2,wheat(husked),2014,November,188,1918,2292,2105,2014-11-01,Ahmadnagar,374
3,wheat(husked),2014,December,155,1879,2231,2055,2014-12-01,Ahmadnagar,352
4,wheat(husked),2015,January,178,1872,2203,2038,2015-01-01,Ahmadnagar,331
5,wheat(husked),2015,February,169,1841,2248,2045,2015-02-01,Ahmadnagar,407
6,wheat(husked),2015,March,560,1850,2224,2037,2015-03-01,Ahmadnagar,374
7,wheat(husked),2015,April,735,1856,2256,2056,2015-04-01,Ahmadnagar,400
8,wheat(husked),2015,May,571,1828,2294,2061,2015-05-01,Ahmadnagar,466
9,wheat(husked),2015,June,407,1874,2368,2121,2015-06-01,Ahmadnagar,494
10,wheat(husked),2015,July,112,1840,2292,2066,2015-07-01,Ahmadnagar,452
11,wheat(husked),2015,August,118,1915,2275,2086,2015-08-01,Ahmadnagar,360
12,wheat(husked),2015,September,179,1946,2271,2109,2015-09-01,Ahmadnagar,325
13,wheat(husked),2015,October,238,1899,2253,2076,2015-10-01,Ahmadnagar,354
14,wheat(husked),2015,November,86,1895,2239,2067,2015-11-01,Ahmadnagar,344
15,wheat(husked),2015,December,119,1872,2272,2073,2015-12-01,Ahmadnagar,400
19,wheat(husked),2016,April,46,2132,2268,2200,2016-04-01,Ahmadnagar,136
25,wheat(husked),2016,October,17,1750,2150,1950,2016-10-01,Ahmadnagar,400
26,wheat(husked),2016,November,11,1867,2400,2133,2016-11-01,Ahmadnagar,533
