,Commodity,Year,Month,arrivals_in_qtl,min_price,max_price,modal_price,date,district_name,diff_price
0,pigeon pea (tur),2014,December,534,4808,5050,4929,2014-12-01,Ahmadnagar,242
1,pigeon pea (tur),2015,January,1600,5001,5293,5147,2015-01-01,Ahmadnagar,292
2,pigeon pea (tur),2015,February,476,4810,5099,4954,2015-02-01,Ahmadnagar,289
3,pigeon pea (tur),2015,March,22,4950,5208,5079,2015-03-01,Ahmadnagar,258
4,pigeon pea (tur),2015,December,1664,7985,8824,8404,2015-12-01,Ahmadnagar,839
5,pigeon pea (tur),2016,January,1293,7674,8192,7933,2016-01-01,Ahmadnagar,518
6,pigeon pea (tur),2016,February,530,7544,7925,7734,2016-02-01,Ahmadnagar,381
7,pigeon pea (tur),2016,March,268,6587,6972,6779,2016-03-01,Ahmadnagar,385
8,pigeon pea (tur),2016,April,191,6825,7452,7143,2016-04-01,Ahmadnagar,627
9,pigeon pea (tur),2016,May,38,6530,7470,7000,2016-05-01,Ahmadnagar,940
10,pigeon pea (tur),2016,June,82,6206,7353,6765,2016-06-01,Ahmadnagar,1147
11,pigeon pea (tur),2016,July,5,6000,7000,6500,2016-07-01,Ahmadnagar,1000
12,pigeon pea (tur),2016,August,2,5225,5225,5225,2016-08-01,Ahmadnagar,0
