,Commodity,Year,Month,arrivals_in_qtl,min_price,max_price,modal_price,date,district_name,diff_price
0,black gram,2014,September,4645,5371,6119,5745,2014-09-01,Ahmadnagar,748
1,black gram,2014,October,8214,4806,5100,4953,2014-10-01,Ahmadnagar,294
2,black gram,2014,November,665,5005,5416,5211,2014-11-01,Ahmadnagar,411
3,black gram,2014,December,151,4889,5331,5110,2014-12-01,Ahmadnagar,442
4,black gram,2015,January,62,4990,5365,5178,2015-01-01,Ahmadnagar,375
5,black gram,2015,February,6,5000,5400,5200,2015-02-01,Ahmadnagar,400
6,black gram,2015,August,3053,8393,8900,8646,2015-08-01,Ahmadnagar,507
7,black gram,2015,September,1339,8988,9379,9184,2015-09-01,Ahmadnagar,391
8,black gram,2015,October,51,9390,9683,9537,2015-10-01,Ahmadnagar,293
9,black gram,2015,November,13,8833,9300,9067,2015-11-01,Ahmadnagar,467
10,black gram,2015,December,3,9150,9700,9425,2015-12-01,Ahmadnagar,550
11,black gram,2016,August,4484,6286,6829,6557,2016-08-01,Ahmadnagar,543
12,black gram,2016,September,27910,6326,6961,6643,2016-09-01,Ahmadnagar,635
13,black gram,2016,October,4470,6579,7300,6939,2016-10-01,Ahmadnagar,721
14,black gram,2016,November,504,6314,6800,6557,2016-11-01,Ahmadnagar,486
