,Commodity,Year,Month,arrivals_in_qtl,min_price,max_price,modal_price,date,district_name,diff_price
0,gram,2015,February,1127,3181,3422,3301,2015-02-01,Ahmadnagar,241
1,gram,2015,March,1947,3175,3400,3288,2015-03-01,Ahmadnagar,225
2,gram,2015,April,931,3175,3397,3286,2015-04-01,Ahmadnagar,222
3,gram,2015,May,418,3213,3451,3332,2015-05-01,Ahmadnagar,238
4,gram,2015,June,240,3396,3830,3613,2015-06-01,Ahmadnagar,434
5,gram,2015,July,78,3419,3863,3641,2015-07-01,Ahmadnagar,444
6,gram,2015,August,75,3647,3881,3764,2015-08-01,Ahmadnagar,234
7,gram,2015,September,69,3690,3890,3790,2015-09-01,Ahmadnagar,200
8,gram,2015,October,96,3688,3886,3787,2015-10-01,Ahmadnagar,198
9,gram,2015,November,47,3615,3810,3713,2015-11-01,Ahmadnagar,195
10,gram,2015,December,131,3530,3755,3642,2015-12-01,Ahmadnagar,225
11,gram,2016,January,927,3810,4133,3971,2016-01-01,Ahmadnagar,323
12,gram,2016,February,1177,3978,4275,4126,2016-02-01,Ahmadnagar,297
13,gram,2016,March,831,3979,4234,4107,2016-03-01,Ahmadnagar,255
14,gram,2016,April,521,4088,4833,4460,2016-04-01,Ahmadnagar,745
15,gram,2016,May,149,4000,5161,4580,2016-05-01,Ahmadnagar,1161
16,gram,2016,June,139,4090,5700,4895,2016-06-01,Ahmadnagar,1610
17,gram,2016,July,52,4667,6433,5550,2016-07-01,Ahmadnagar,1766
18,gram,2016,August,60,4027,5227,4627,2016-08-01,Ahmadnagar,1200
19,gram,2016,September,13,3725,4300,4013,2016-09-01,Ahmadnagar,575
