,Commodity,Year,Month,arrivals_in_qtl,min_price,max_price,modal_price,date,district_name,diff_price
0,sorgum(jawar),2014,September,12288,1867,3062,2464,2014-09-01,Ahmadnagar,1195
1,sorgum(jawar),2014,October,5593,1741,2956,2349,2014-10-01,Ahmadnagar,1215
2,sorgum(jawar),2014,November,7678,1821,3239,2514,2014-11-01,Ahmadnagar,1418
3,sorgum(jawar),2014,December,5095,1800,3136,2468,2014-12-01,Ahmadnagar,1336
4,sorgum(jawar),2015,January,6645,1769,3102,2436,2015-01-01,Ahmadnagar,1333
5,sorgum(jawar),2015,February,35320,1622,2536,2079,2015-02-01,Ahmadnagar,914
6,sorgum(jawar),2015,March,39619,1806,2797,2301,2015-03-01,Ahmadnagar,991
7,sorgum(jawar),2015,April,20890,1800,2800,2300,2015-04-01,Ahmadnagar,1000
8,sorgum(jawar),2015,May,17512,1650,2688,2169,2015-05-01,Ahmadnagar,1038
9,sorgum(jawar),2015,June,17735,1605,2848,2226,2015-06-01,Ahmadnagar,1243
10,sorgum(jawar),2015,July,12536,1626,2950,2288,2015-07-01,Ahmadnagar,1324
11,sorgum(jawar),2015,August,9211,1606,2929,2268,2015-08-01,Ahmadnagar,1323
12,sorgum(jawar),2015,September,11116,1603,2924,2263,2015-09-01,Ahmadnagar,1321
13,sorgum(jawar),2015,October,11342,1626,2745,2186,2015-10-01,Ahmadnagar,1119
14,sorgum(jawar),2015,November,8634,1664,3211,2436,2015-11-01,Ahmadnagar,1547
15,sorgum(jawar),2015,December,12999,1603,2598,2100,2015-12-01,Ahmadnagar,995
16,sorgum(jawar),2016,January,12881,1612,2277,1945,2016-01-01,Ahmadnagar,665
17,sorgum(jawar),2016,February,37749,1613,2282,1948,2016-02-01,Ahmadnagar,669
18,sorgum(jawar),2016,March,20730,1612,2348,1980,2016-03-01,Ahmadnagar,736
19,sorgum(jawar),2016,April,24391,1861,2933,2397,2016-04-01,Ahmadnagar,1072
20,sorgum(jawar),2016,May,12634,1777,2940,2358,2016-05-01,Ahmadnagar,1163
21,sorgum(jawar),2016,June,12513,1786,2948,2367,2016-06-01,Ahmadnagar,1162
22,sorgum(jawar),2016,July,4917,1771,2871,2321,2016-07-01,Ahmadnagar,1100
23,sorgum(jawar),2016,August,11056,1786,2493,2139,2016-08-01,Ahmadnagar,707
24,sorgum(jawar),2016,September,3649,1795,2268,2032,2016-09-01,Ahmadnagar,473
25,sorgum(jawar),2016,October,5931,1771,2542,2157,2016-10-01,Ahmadnagar,771
26,sorgum(jawar),2016,November,7539,2025,2800,2413,2016-11-01,Ahmadnagar,775
