,Commodity,Year,Month,arrivals_in_qtl,min_price,max_price,modal_price,date,district_name,diff_price
0,cotton,2014,November,1981,3776,4050,3876,2014-11-01,Jalgaon,274
1,cotton,2014,December,9499,3750,4050,3900,2014-12-01,Jalgaon,300
2,cotton,2015,January,14798,3750,3994,3872,2015-01-01,Jalgaon,244
3,cotton,2015,February,12934,3750,3950,3850,2015-02-01,Jalgaon,200
4,cotton,2015,March,13263,3750,3858,3805,2015-03-01,Jalgaon,108
5,cotton,2015,April,113,3750,3850,3800,2015-04-01,Jalgaon,100
6,cotton,2015,November,198,4032,4100,4059,2015-11-01,Jalgaon,68
7,cotton,2015,December,935,4195,4316,4254,2015-12-01,Jalgaon,121
8,cotton,2016,January,331,4576,4700,4640,2016-01-01,Jalgaon,124
9,cotton,2016,February,488,4378,4489,4437,2016-02-01,Jalgaon,111
10,cotton,2016,March,558,4248,4476,4393,2016-03-01,Jalgaon,228
11,cotton,2016,April,466,4502,4796,4712,2016-04-01,Jalgaon,294
12,cotton,2016,May,155,4186,4817,4730,2016-05-01,Jalgaon,631
13,cotton,2016,October,958,3860,4163,3993,2016-10-01,Jalgaon,303
14,cotton,2016,November,2777,4461,4789,4638,2016-11-01,Jalgaon,328
