,Commodity,Year,Month,arrivals_in_qtl,min_price,max_price,modal_price,date,district_name,diff_price
1,maize,2015,December,290,1325,1393,1367,2015-12-01,Jalgaon,68
2,maize,2016,January,184,1325,1399,1348,2016-01-01,Jalgaon,74
3,maize,2016,February,245,1325,1367,1343,2016-02-01,Jalgaon,42
4,maize,2016,March,380,1325,1357,1335,2016-03-01,Jalgaon,32
5,maize,2016,April,441,1325,1353,1336,2016-04-01,Jalgaon,28
6,maize,2016,May,557,1325,1372,1341,2016-05-01,Jalgaon,47
7,maize,2016,June,406,1343,1462,1412,2016-06-01,Jalgaon,119
9,maize,2016,October,450,1365,1370,1367,2016-10-01,Jalgaon,5
10,maize,2016,November,1651,1365,1365,1365,2016-11-01,Jalgaon,0
