,Commodity,Year,Month,arrivals_in_qtl,min_price,max_price,modal_price,date,district_name,diff_price
0,cotton,2014,November,3425,3783,4044,3881,2014-11-01,Jalgaon,261
1,cotton,2014,December,19745,3750,4050,3900,2014-12-01,Jalgaon,300
2,cotton,2015,January,24714,3750,4000,3875,2015-01-01,Jalgaon,250
3,cotton,2015,February,25878,3750,3960,3855,2015-02-01,Jalgaon,210
4,cotton,2015,March,16452,3750,3854,3809,2015-03-01,Jalgaon,104
5,cotton,2015,April,233,3750,3850,3800,2015-04-01,Jalgaon,100
6,cotton,2015,November,363,4038,4100,4067,2015-11-01,Jalgaon,62
7,cotton,2015,December,1857,4203,4324,4262,2015-12-01,Jalgaon,121
8,cotton,2016,January,729,4583,4708,4651,2016-01-01,Jalgaon,125
9,cotton,2016,February,956,4382,4498,4441,2016-02-01,Jalgaon,116
10,cotton,2016,March,1039,4248,4489,4403,2016-03-01,Jalgaon,241
11,cotton,2016,April,823,4526,4805,4725,2016-04-01,Jalgaon,279
12,cotton,2016,May,384,4174,4829,4741,2016-05-01,Jalgaon,655
13,cotton,2016,October,1718,3860,4223,4017,2016-10-01,Jalgaon,363
14,cotton,2016,November,6251,4481,4807,4660,2016-11-01,Jalgaon,326
