,Commodity,Year,Month,arrivals_in_qtl,min_price,max_price,modal_price,date,district_name,diff_price
0,maize,2015,November,339,1325,1381,1350,2015-11-01,Jalgaon,56
1,maize,2015,December,611,1325,1402,1375,2015-12-01,Jalgaon,77
2,maize,2016,January,394,1325,1410,1356,2016-01-01,Jalgaon,85
3,maize,2016,February,486,1325,1377,1350,2016-02-01,Jalgaon,52
4,maize,2016,March,663,1325,1365,1338,2016-03-01,Jalgaon,40
5,maize,2016,April,689,1325,1361,1342,2016-04-01,Jalgaon,36
6,maize,2016,May,1013,1325,1384,1348,2016-05-01,Jalgaon,59
7,maize,2016,June,829,1350,1478,1421,2016-06-01,Jalgaon,128
10,maize,2016,October,926,1365,1626,1368,2016-10-01,Jalgaon,261
11,maize,2016,November,3296,1365,1365,1365,2016-11-01,Jalgaon,0
