,Commodity,Year,Month,arrivals_in_qtl,min_price,max_price,modal_price,date,district_name,diff_price
0,wheat(husked),2014,December,181,1600,1900,1700,2014-12-01,Hingoli,300
1,wheat(husked),2015,January,184,1559,1663,1606,2015-01-01,Hingoli,104
2,wheat(husked),2015,March,596,1475,1593,1520,2015-03-01,Hingoli,118
3,wheat(husked),2015,June,581,1514,1682,1616,2015-06-01,Hingoli,168
4,wheat(husked),2015,July,700,1519,1743,1672,2015-07-01,Hingoli,224
5,wheat(husked),2015,August,206,1520,1666,1641,2015-08-01,Hingoli,146
6,wheat(husked),2015,October,160,1658,1767,1748,2015-10-01,Hingoli,109
7,wheat(husked),2015,November,377,1620,1790,1758,2015-11-01,Hingoli,170
8,wheat(husked),2015,December,317,1613,1725,1703,2015-12-01,Hingoli,112
9,wheat(husked),2016,January,445,1660,1788,1770,2016-01-01,Hingoli,128
10,wheat(husked),2016,February,141,1700,1750,1730,2016-02-01,Hingoli,50
11,wheat(husked),2016,March,310,1700,1813,1800,2016-03-01,Hingoli,113
