,Commodity,Year,Month,arrivals_in_qtl,min_price,max_price,modal_price,date,district_name,diff_price
0,turmeric,2015,June,218,6900,8033,7733,2015-06-01,Hingoli,1133
1,turmeric,2015,July,38,7000,7700,7600,2015-07-01,Hingoli,700
2,turmeric,2016,April,252,8400,8633,8613,2016-04-01,Hingoli,233
3,turmeric,2016,May,832,8095,8440,8423,2016-05-01,Hingoli,345
4,turmeric,2016,June,633,7938,8258,8234,2016-06-01,Hingoli,320
5,turmeric,2016,September,345,7580,8040,7810,2016-09-01,Hingoli,460
6,turmeric,2016,October,492,7363,7744,7579,2016-10-01,Hingoli,381
