,Commodity,Year,Month,arrivals_in_qtl,min_price,max_price,modal_price,date,district_name,diff_price
0,pigeon pea (tur),2014,December,6,4350,4350,4350,2014-12-01,Hingoli,0
1,pigeon pea (tur),2015,January,17,4350,4400,4375,2015-01-01,Hingoli,50
2,pigeon pea (tur),2015,March,474,5127,5545,5364,2015-03-01,Hingoli,418
3,pigeon pea (tur),2015,June,133,5975,6525,6375,2015-06-01,Hingoli,550
4,pigeon pea (tur),2015,July,52,6900,7450,7380,2015-07-01,Hingoli,550
5,pigeon pea (tur),2015,August,113,7219,7913,7848,2015-08-01,Hingoli,694
6,pigeon pea (tur),2015,December,722,8367,8733,8671,2015-12-01,Hingoli,366
7,pigeon pea (tur),2016,January,1820,8470,8780,8740,2016-01-01,Hingoli,310
8,pigeon pea (tur),2016,February,1683,7936,8140,8119,2016-02-01,Hingoli,204
9,pigeon pea (tur),2016,March,1427,7492,7623,7610,2016-03-01,Hingoli,131
10,pigeon pea (tur),2016,April,887,8165,8337,8325,2016-04-01,Hingoli,172
11,pigeon pea (tur),2016,May,1602,8312,8500,8489,2016-05-01,Hingoli,188
12,pigeon pea (tur),2016,June,1098,8179,8357,8342,2016-06-01,Hingoli,178
13,pigeon pea (tur),2016,July,116,8117,8353,8333,2016-07-01,Hingoli,236
14,pigeon pea (tur),2016,October,225,5525,5875,5738,2016-10-01,Hingoli,350
