,Commodity,Year,Month,arrivals_in_qtl,min_price,max_price,modal_price,date,district_name,diff_price
0,soybean,2014,December,860,3174,3240,3215,2014-12-01,Hingoli,66
1,soybean,2015,January,348,3201,3263,3234,2015-01-01,Hingoli,62
2,soybean,2015,March,87,3200,3250,3225,2015-03-01,Hingoli,50
3,soybean,2015,June,231,3350,3660,3580,2015-06-01,Hingoli,310
4,soybean,2015,July,760,3327,3469,3433,2015-07-01,Hingoli,142
5,soybean,2015,August,204,3151,3245,3232,2015-08-01,Hingoli,94
6,soybean,2015,October,2234,3537,3634,3609,2015-10-01,Hingoli,97
7,soybean,2015,November,5104,3627,3730,3707,2015-11-01,Hingoli,103
8,soybean,2015,December,2855,3590,3679,3664,2015-12-01,Hingoli,89
9,soybean,2016,January,1729,3544,3638,3624,2016-01-01,Hingoli,94
10,soybean,2016,February,493,3600,3669,3654,2016-02-01,Hingoli,69
11,soybean,2016,March,550,3681,3749,3734,2016-03-01,Hingoli,68
12,soybean,2016,April,755,3896,3973,3961,2016-04-01,Hingoli,77
13,soybean,2016,May,1233,3697,3805,3795,2016-05-01,Hingoli,108
14,soybean,2016,June,1333,3655,3743,3730,2016-06-01,Hingoli,88
15,soybean,2016,July,148,3650,3727,3703,2016-07-01,Hingoli,77
16,soybean,2016,October,25480,2768,2994,2901,2016-10-01,Hingoli,226
17,soybean,2016,November,14825,2677,2839,2757,2016-11-01,Hingoli,162
