,Commodity,Year,Month,arrivals_in_qtl,min_price,max_price,modal_price,date,district_name,diff_price
0,gram,2015,March,77,3250,3383,3333,2015-03-01,Hingoli,133
1,gram,2016,January,191,4250,4350,4340,2016-01-01,Hingoli,100
2,gram,2016,February,1764,4130,4221,4200,2016-02-01,Hingoli,91
3,gram,2016,March,1828,4148,4244,4230,2016-03-01,Hingoli,96
4,gram,2016,April,845,4668,4864,4852,2016-04-01,Hingoli,196
5,gram,2016,May,57,5300,5400,5395,2016-05-01,Hingoli,100
6,gram,2016,October,40,3300,3450,3400,2016-10-01,Hingoli,150
