,Commodity,Year,Month,arrivals_in_qtl,min_price,max_price,modal_price,date,district_name,diff_price
0,sorgum(jawar),2015,July,90,1550,1800,1700,2015-07-01,Hingoli,250
1,sorgum(jawar),2015,August,50,1550,1750,1700,2015-08-01,Hingoli,200
2,sorgum(jawar),2015,October,20,1700,1800,1790,2015-10-01,Hingoli,100
3,sorgum(jawar),2015,November,69,1600,1800,1790,2015-11-01,Hingoli,200
4,sorgum(jawar),2016,February,166,1585,1650,1635,2016-02-01,Hingoli,65
5,sorgum(jawar),2016,October,85,1400,1600,1525,2016-10-01,Hingoli,200
