,Commodity,Year,Month,arrivals_in_qtl,min_price,max_price,modal_price,date,district_name,diff_price
0,wheat(husked),2014,September,498,1298,1618,1419,2014-09-01,Parbhani,320
1,wheat(husked),2014,October,232,1387,1632,1504,2014-10-01,Parbhani,245
2,wheat(husked),2014,November,179,1525,1729,1586,2014-11-01,Parbhani,204
3,wheat(husked),2014,December,162,1550,1672,1567,2014-12-01,Parbhani,122
4,wheat(husked),2015,January,205,1579,1666,1606,2015-01-01,Parbhani,87
5,wheat(husked),2015,February,351,1465,1638,1515,2015-02-01,Parbhani,173
6,wheat(husked),2015,March,1118,1371,1741,1500,2015-03-01,Parbhani,370
7,wheat(husked),2015,April,1316,1441,2001,1641,2015-04-01,Parbhani,560
8,wheat(husked),2015,May,656,1448,1861,1594,2015-05-01,Parbhani,413
9,wheat(husked),2015,June,348,1423,1657,1502,2015-06-01,Parbhani,234
10,wheat(husked),2015,July,163,1444,1747,1566,2015-07-01,Parbhani,303
11,wheat(husked),2015,August,137,1540,1765,1662,2015-08-01,Parbhani,225
12,wheat(husked),2015,September,145,1531,1645,1576,2015-09-01,Parbhani,114
13,wheat(husked),2015,October,77,1562,1827,1687,2015-10-01,Parbhani,265
14,wheat(husked),2015,November,3,1751,1751,1751,2015-11-01,Parbhani,0
15,wheat(husked),2015,December,61,1693,1774,1706,2015-12-01,Parbhani,81
16,wheat(husked),2016,January,122,1719,1968,1792,2016-01-01,Parbhani,249
17,wheat(husked),2016,February,155,1685,1917,1747,2016-02-01,Parbhani,232
18,wheat(husked),2016,March,168,1625,1800,1698,2016-03-01,Parbhani,175
19,wheat(husked),2016,April,156,1618,1873,1738,2016-04-01,Parbhani,255
20,wheat(husked),2016,May,78,1866,1965,1892,2016-05-01,Parbhani,99
21,wheat(husked),2016,June,47,1683,1738,1683,2016-06-01,Parbhani,55
22,wheat(husked),2016,July,15,1879,1952,1896,2016-07-01,Parbhani,73
23,wheat(husked),2016,August,12,1827,1827,1827,2016-08-01,Parbhani,0
24,wheat(husked),2016,September,26,1730,1792,1734,2016-09-01,Parbhani,62
25,wheat(husked),2016,October,31,1881,2041,1984,2016-10-01,Parbhani,160
