,Commodity,Year,Month,arrivals_in_qtl,min_price,max_price,modal_price,date,district_name,diff_price
0,wheat(husked),2014,September,2,1400,1599,1450,2014-09-01,Parbhani,199
1,wheat(husked),2014,October,23,1419,1451,1451,2014-10-01,Parbhani,32
2,wheat(husked),2014,November,13,1450,1450,1450,2014-11-01,Parbhani,0
3,wheat(husked),2014,December,14,1475,1500,1475,2014-12-01,Parbhani,25
4,wheat(husked),2015,January,14,1559,1563,1563,2015-01-01,Parbhani,4
5,wheat(husked),2015,February,48,1520,1545,1534,2015-02-01,Parbhani,25
6,wheat(husked),2015,March,56,1398,1499,1441,2015-03-01,Parbhani,101
8,wheat(husked),2015,May,13,1538,1723,1538,2015-05-01,Parbhani,185
9,wheat(husked),2015,June,3,1538,1588,1588,2015-06-01,Parbhani,50
10,wheat(husked),2015,October,44,1500,1500,1500,2015-10-01,Parbhani,0
11,wheat(husked),2016,January,1,1501,1501,1501,2016-01-01,Parbhani,0
13,wheat(husked),2016,May,2,1550,1550,1550,2016-05-01,Parbhani,0
