,Commodity,Year,Month,arrivals_in_qtl,min_price,max_price,modal_price,date,district_name,diff_price
0,pigeon pea (tur),2014,September,78,3929,4347,4172,2014-09-01,Parbhani,418
1,pigeon pea (tur),2014,October,49,3571,4074,3767,2014-10-01,Parbhani,503
2,pigeon pea (tur),2014,November,4,3825,3825,3825,2014-11-01,Parbhani,0
3,pigeon pea (tur),2014,December,16,3841,4001,3841,2014-12-01,Parbhani,160
4,pigeon pea (tur),2015,January,1079,4701,5210,5006,2015-01-01,Parbhani,509
5,pigeon pea (tur),2015,February,1822,5076,5621,5448,2015-02-01,Parbhani,545
6,pigeon pea (tur),2015,March,1256,5127,5662,5438,2015-03-01,Parbhani,535
7,pigeon pea (tur),2015,April,1098,4987,5990,5590,2015-04-01,Parbhani,1003
8,pigeon pea (tur),2015,May,266,5373,6521,6057,2015-05-01,Parbhani,1148
9,pigeon pea (tur),2015,June,120,5743,6607,6252,2015-06-01,Parbhani,864
10,pigeon pea (tur),2015,July,60,5952,6595,6386,2015-07-01,Parbhani,643
11,pigeon pea (tur),2015,August,58,6521,8423,7780,2015-08-01,Parbhani,1902
12,pigeon pea (tur),2015,September,23,7852,8086,7943,2015-09-01,Parbhani,234
13,pigeon pea (tur),2015,December,3426,7767,8833,8440,2015-12-01,Parbhani,1066
14,pigeon pea (tur),2016,January,7396,7933,8882,8578,2016-01-01,Parbhani,949
15,pigeon pea (tur),2016,February,564,7500,8065,7830,2016-02-01,Parbhani,565
16,pigeon pea (tur),2016,March,620,7158,7755,7460,2016-03-01,Parbhani,597
17,pigeon pea (tur),2016,April,1647,8304,8950,8671,2016-04-01,Parbhani,646
18,pigeon pea (tur),2016,May,328,8083,8419,8282,2016-05-01,Parbhani,336
19,pigeon pea (tur),2016,June,274,8176,8447,8323,2016-06-01,Parbhani,271
20,pigeon pea (tur),2016,July,53,7966,8414,8333,2016-07-01,Parbhani,448
21,pigeon pea (tur),2016,August,56,6100,6205,6119,2016-08-01,Parbhani,105
22,pigeon pea (tur),2016,September,100,6006,6330,6211,2016-09-01,Parbhani,324
23,pigeon pea (tur),2016,October,27,5700,6175,5975,2016-10-01,Parbhani,475
