,Commodity,Year,Month,arrivals_in_qtl,min_price,max_price,modal_price,date,district_name,diff_price
0,gram,2014,September,32,2317,2487,2423,2014-09-01,Parbhani,170
1,gram,2014,October,36,1993,2351,2188,2014-10-01,Parbhani,358
2,gram,2014,November,58,2134,2436,2339,2014-11-01,Parbhani,302
3,gram,2014,December,33,2028,2325,2256,2014-12-01,Parbhani,297
4,gram,2015,January,10,2478,2578,2578,2015-01-01,Parbhani,100
5,gram,2015,February,24,2501,2981,2932,2015-02-01,Parbhani,480
6,gram,2015,March,100,2964,3226,3188,2015-03-01,Parbhani,262
7,gram,2015,April,51,2902,3478,3401,2015-04-01,Parbhani,576
8,gram,2015,May,63,3695,4058,4032,2015-05-01,Parbhani,363
9,gram,2015,June,8,4200,4225,4225,2015-06-01,Parbhani,25
10,gram,2015,August,34,3941,3986,3971,2015-08-01,Parbhani,45
11,gram,2015,October,2,4001,4001,4001,2015-10-01,Parbhani,0
12,gram,2015,November,4,3800,4050,3800,2015-11-01,Parbhani,250
13,gram,2015,December,1,4500,4500,4500,2015-12-01,Parbhani,0
14,gram,2016,January,37,4190,4214,4205,2016-01-01,Parbhani,24
15,gram,2016,February,40,4080,4118,4093,2016-02-01,Parbhani,38
16,gram,2016,March,11,3955,4227,4218,2016-03-01,Parbhani,272
17,gram,2016,April,16,4884,4934,4934,2016-04-01,Parbhani,50
18,gram,2016,May,22,5025,5035,5025,2016-05-01,Parbhani,10
19,gram,2016,June,6,5983,5983,5983,2016-06-01,Parbhani,0
