,Commodity,Year,Month,arrivals_in_qtl,min_price,max_price,modal_price,date,district_name,diff_price
0,cotton,2014,November,11434,3920,4050,4000,2014-11-01,Parbhani,130
1,cotton,2014,December,58122,3939,4038,3984,2014-12-01,Parbhani,99
2,cotton,2015,January,58419,3787,3929,3836,2015-01-01,Parbhani,142
3,cotton,2015,February,59817,3756,3900,3804,2015-02-01,Parbhani,144
4,cotton,2015,March,27167,3799,3930,3856,2015-03-01,Parbhani,131
5,cotton,2015,April,11988,3864,4193,3937,2015-04-01,Parbhani,329
6,cotton,2015,May,3171,3827,4207,3933,2015-05-01,Parbhani,380
7,cotton,2015,October,21560,4178,4306,4262,2015-10-01,Parbhani,128
8,cotton,2015,November,66039,4015,4153,4078,2015-11-01,Parbhani,138
9,cotton,2015,December,79662,4160,4372,4275,2015-12-01,Parbhani,212
10,cotton,2016,January,67629,4298,4659,4566,2016-01-01,Parbhani,361
11,cotton,2016,February,56153,4177,4538,4407,2016-02-01,Parbhani,361
12,cotton,2016,March,34192,4217,4492,4398,2016-03-01,Parbhani,275
13,cotton,2016,April,29221,4570,4805,4703,2016-04-01,Parbhani,235
14,cotton,2016,May,6064,4761,4872,4802,2016-05-01,Parbhani,111
