,Commodity,Year,Month,arrivals_in_qtl,min_price,max_price,modal_price,date,district_name,diff_price
0,soybean,2014,September,13,2987,3217,3158,2014-09-01,Parbhani,230
1,soybean,2014,October,1024,2861,3160,3019,2014-10-01,Parbhani,299
2,soybean,2014,November,2452,3002,3323,3204,2014-11-01,Parbhani,321
3,soybean,2014,December,658,2967,3223,3132,2014-12-01,Parbhani,256
4,soybean,2015,January,422,3079,3239,3200,2015-01-01,Parbhani,160
5,soybean,2015,February,219,3090,3234,3195,2015-02-01,Parbhani,144
6,soybean,2015,March,216,3012,3129,3097,2015-03-01,Parbhani,117
7,soybean,2015,April,73,3122,3342,3250,2015-04-01,Parbhani,220
8,soybean,2015,May,59,3521,3763,3699,2015-05-01,Parbhani,242
9,soybean,2015,June,100,3194,3395,3339,2015-06-01,Parbhani,201
10,soybean,2015,October,728,3334,3702,3537,2015-10-01,Parbhani,368
11,soybean,2015,November,491,3098,3652,3460,2015-11-01,Parbhani,554
12,soybean,2015,December,223,3264,3591,3465,2015-12-01,Parbhani,327
13,soybean,2016,January,98,3344,3555,3479,2016-01-01,Parbhani,211
14,soybean,2016,February,42,3049,3151,3118,2016-02-01,Parbhani,102
15,soybean,2016,March,29,3483,3633,3540,2016-03-01,Parbhani,150
16,soybean,2016,April,15,3699,3763,3741,2016-04-01,Parbhani,64
17,soybean,2016,May,45,3490,3550,3502,2016-05-01,Parbhani,60
18,soybean,2016,June,57,3313,3650,3608,2016-06-01,Parbhani,337
