,Commodity,Year,Month,arrivals_in_qtl,min_price,max_price,modal_price,date,district_name,diff_price
0,sorgum(jawar),2014,September,36,1187,1234,1205,2014-09-01,Parbhani,47
1,sorgum(jawar),2014,October,55,1100,1325,1155,2014-10-01,Parbhani,225
2,sorgum(jawar),2014,November,10,1350,1362,1362,2014-11-01,Parbhani,12
3,sorgum(jawar),2014,December,20,1190,1227,1212,2014-12-01,Parbhani,37
4,sorgum(jawar),2015,January,32,1184,1333,1227,2015-01-01,Parbhani,149
5,sorgum(jawar),2015,February,83,1132,1236,1212,2015-02-01,Parbhani,104
6,sorgum(jawar),2015,March,122,1352,1578,1509,2015-03-01,Parbhani,226
7,sorgum(jawar),2015,April,118,1211,1332,1261,2015-04-01,Parbhani,121
8,sorgum(jawar),2015,May,85,1178,1364,1229,2015-05-01,Parbhani,186
9,sorgum(jawar),2015,June,42,1126,1239,1183,2015-06-01,Parbhani,113
10,sorgum(jawar),2015,October,17,1123,1267,1157,2015-10-01,Parbhani,144
11,sorgum(jawar),2015,November,5,1296,1296,1296,2015-11-01,Parbhani,0
12,sorgum(jawar),2015,December,3,1300,1300,1300,2015-12-01,Parbhani,0
13,sorgum(jawar),2016,January,18,1279,1363,1288,2016-01-01,Parbhani,84
14,sorgum(jawar),2016,February,25,1347,1366,1366,2016-02-01,Parbhani,19
15,sorgum(jawar),2016,March,57,1454,1624,1563,2016-03-01,Parbhani,170
16,sorgum(jawar),2016,April,72,1513,1705,1682,2016-04-01,Parbhani,192
17,sorgum(jawar),2016,May,38,1574,1724,1633,2016-05-01,Parbhani,150
18,sorgum(jawar),2016,June,77,1589,1783,1752,2016-06-01,Parbhani,194
