,Commodity,Year,Month,arrivals_in_qtl,min_price,max_price,modal_price,date,district_name,diff_price
0,ground nut pods (dry),2014,October,115,3568,3685,3597,2014-10-01,Parbhani,117
1,ground nut pods (dry),2015,April,11,3842,3900,3842,2015-04-01,Parbhani,58
2,ground nut pods (dry),2015,May,1799,4544,5088,4875,2015-05-01,Parbhani,544
3,ground nut pods (dry),2015,June,1458,5156,5562,5401,2015-06-01,Parbhani,406
4,ground nut pods (dry),2015,July,125,5197,5539,5245,2015-07-01,Parbhani,342
5,ground nut pods (dry),2015,August,19,5692,5692,5692,2015-08-01,Parbhani,0
6,ground nut pods (dry),2016,May,99,4617,4845,4701,2016-05-01,Parbhani,228
