,Commodity,Year,Month,arrivals_in_qtl,min_price,max_price,modal_price,date,district_name,diff_price
0,soybean,2014,September,126,3104,3189,3159,2014-09-01,Parbhani,85
1,soybean,2014,October,5011,2820,3189,3072,2014-10-01,Parbhani,369
2,soybean,2014,November,10241,2928,3309,3169,2014-11-01,Parbhani,381
3,soybean,2014,December,7775,2834,3241,3176,2014-12-01,Parbhani,407
4,soybean,2015,January,3244,3054,3298,3255,2015-01-01,Parbhani,244
5,soybean,2015,February,2318,3107,3281,3246,2015-02-01,Parbhani,174
6,soybean,2015,March,1409,3125,3228,3197,2015-03-01,Parbhani,103
7,soybean,2015,April,2419,3343,3629,3556,2015-04-01,Parbhani,286
8,soybean,2015,May,1364,3593,3876,3817,2015-05-01,Parbhani,283
9,soybean,2015,June,1446,3433,3605,3544,2015-06-01,Parbhani,172
10,soybean,2015,July,618,3241,3446,3418,2015-07-01,Parbhani,205
11,soybean,2015,August,428,3024,3254,3222,2015-08-01,Parbhani,230
12,soybean,2015,September,883,3226,3316,3276,2015-09-01,Parbhani,90
13,soybean,2015,October,10130,3200,3705,3606,2015-10-01,Parbhani,505
14,soybean,2015,November,6068,3295,3701,3639,2015-11-01,Parbhani,406
15,soybean,2015,December,1581,3370,3639,3574,2015-12-01,Parbhani,269
16,soybean,2016,January,3027,3398,3665,3567,2016-01-01,Parbhani,267
17,soybean,2016,February,2365,3355,3658,3555,2016-02-01,Parbhani,303
18,soybean,2016,March,1654,3437,3668,3614,2016-03-01,Parbhani,231
19,soybean,2016,April,3002,3697,3925,3846,2016-04-01,Parbhani,228
20,soybean,2016,May,790,3545,3804,3666,2016-05-01,Parbhani,259
21,soybean,2016,June,985,3410,3742,3649,2016-06-01,Parbhani,332
22,soybean,2016,July,178,3378,3592,3522,2016-07-01,Parbhani,214
23,soybean,2016,August,257,3180,3392,3336,2016-08-01,Parbhani,212
24,soybean,2016,September,279,3146,3224,3177,2016-09-01,Parbhani,78
25,soybean,2016,October,8594,2430,2856,2652,2016-10-01,Parbhani,426
26,soybean,2016,November,10884,2545,2797,2710,2016-11-01,Parbhani,252
