,Commodity,Year,Month,arrivals_in_qtl,min_price,max_price,modal_price,date,district_name,diff_price
1,green gram,2014,October,168,6486,6869,6752,2014-10-01,Parbhani,383
2,green gram,2014,November,36,7201,7528,7392,2014-11-01,Parbhani,327
3,green gram,2014,December,9,6862,6962,6962,2014-12-01,Parbhani,100
4,green gram,2015,January,5,7143,7143,7143,2015-01-01,Parbhani,0
5,green gram,2015,March,2,6801,6801,6801,2015-03-01,Parbhani,0
6,green gram,2015,October,6,7675,7813,7813,2015-10-01,Parbhani,138
7,green gram,2015,November,7,7267,7370,7267,2015-11-01,Parbhani,103
