,Commodity,Year,Month,arrivals_in_qtl,min_price,max_price,modal_price,date,district_name,diff_price
0,black gram,2014,October,94,4252,4479,4400,2014-10-01,Parbhani,227
1,black gram,2014,November,24,4852,5033,4987,2014-11-01,Parbhani,181
2,black gram,2014,December,15,4848,5362,4848,2014-12-01,Parbhani,514
3,black gram,2015,January,5,5516,5528,5516,2015-01-01,Parbhani,12
4,black gram,2015,February,9,5185,5325,5213,2015-02-01,Parbhani,140
5,black gram,2015,April,1,5900,5900,5900,2015-04-01,Parbhani,0
6,black gram,2015,September,39,7698,8341,7824,2015-09-01,Parbhani,643
7,black gram,2015,October,61,8784,10594,10045,2015-10-01,Parbhani,1810
8,black gram,2015,November,8,7844,8163,7944,2015-11-01,Parbhani,319
9,black gram,2015,December,2,8900,8900,8900,2015-12-01,Parbhani,0
10,black gram,2016,September,187,6149,6949,6715,2016-09-01,Parbhani,800
11,black gram,2016,October,231,3956,6072,5467,2016-10-01,Parbhani,2116
12,black gram,2016,November,19,4725,5859,5059,2016-11-01,Parbhani,1134
