,Commodity,Year,Month,arrivals_in_qtl,min_price,max_price,modal_price,date,district_name,diff_price
0,pigeon pea (tur),2014,September,13,3946,4355,4342,2014-09-01,Parbhani,409
1,pigeon pea (tur),2014,October,10,4145,4145,4145,2014-10-01,Parbhani,0
2,pigeon pea (tur),2014,November,4,4401,4576,4576,2014-11-01,Parbhani,175
3,pigeon pea (tur),2014,December,2,4301,4301,4301,2014-12-01,Parbhani,0
4,pigeon pea (tur),2015,January,88,4906,5041,4999,2015-01-01,Parbhani,135
5,pigeon pea (tur),2015,February,440,5176,5588,5433,2015-02-01,Parbhani,412
6,pigeon pea (tur),2015,March,535,4746,5475,5179,2015-03-01,Parbhani,729
7,pigeon pea (tur),2015,April,262,4796,5733,5287,2015-04-01,Parbhani,937
8,pigeon pea (tur),2015,May,122,5610,6448,6135,2015-05-01,Parbhani,838
9,pigeon pea (tur),2015,June,73,5927,6574,6254,2015-06-01,Parbhani,647
10,pigeon pea (tur),2015,August,53,7111,7188,7161,2015-08-01,Parbhani,77
11,pigeon pea (tur),2015,October,5,8567,8567,8567,2015-10-01,Parbhani,0
12,pigeon pea (tur),2015,November,1,6100,6100,6100,2015-11-01,Parbhani,0
13,pigeon pea (tur),2015,December,53,7676,8163,7996,2015-12-01,Parbhani,487
14,pigeon pea (tur),2016,January,278,7890,8515,8300,2016-01-01,Parbhani,625
15,pigeon pea (tur),2016,February,121,6848,7692,7475,2016-02-01,Parbhani,844
16,pigeon pea (tur),2016,March,74,7010,7550,7409,2016-03-01,Parbhani,540
17,pigeon pea (tur),2016,April,135,7978,8613,8491,2016-04-01,Parbhani,635
18,pigeon pea (tur),2016,May,97,7741,8257,8115,2016-05-01,Parbhani,516
19,pigeon pea (tur),2016,June,36,7577,8123,7879,2016-06-01,Parbhani,546
20,pigeon pea (tur),2016,July,1,8547,8547,8547,2016-07-01,Parbhani,0
