,Commodity,Year,Month,arrivals_in_qtl,min_price,max_price,modal_price,date,district_name,diff_price
0,safflower,2014,September,23,2101,2101,2101,2014-09-01,Parbhani,0
1,safflower,2014,October,7,2451,2451,2451,2014-10-01,Parbhani,0
2,safflower,2014,November,18,2381,2381,2381,2014-11-01,Parbhani,0
3,safflower,2014,December,9,2463,2463,2463,2014-12-01,Parbhani,0
4,safflower,2015,January,1,2560,2560,2560,2015-01-01,Parbhani,0
5,safflower,2015,March,13,2521,2551,2551,2015-03-01,Parbhani,30
6,safflower,2015,April,20,2688,2688,2688,2015-04-01,Parbhani,0
7,safflower,2015,May,5,2596,2596,2596,2015-05-01,Parbhani,0
8,safflower,2015,June,2,2525,2525,2525,2015-06-01,Parbhani,0
9,safflower,2016,February,3,2050,2050,2050,2016-02-01,Parbhani,0
10,safflower,2016,March,9,2150,2150,2150,2016-03-01,Parbhani,0
11,safflower,2016,May,2,2400,2400,2400,2016-05-01,Parbhani,0
