,Commodity,Year,Month,arrivals_in_qtl,min_price,max_price,modal_price,date,district_name,diff_price
0,gram,2014,September,299,2263,2619,2499,2014-09-01,Parbhani,356
1,gram,2014,October,270,2083,2473,2277,2014-10-01,Parbhani,390
2,gram,2014,November,2697,2256,2955,2545,2014-11-01,Parbhani,699
3,gram,2014,December,159,2231,2537,2357,2014-12-01,Parbhani,306
4,gram,2015,January,65,2626,2819,2676,2015-01-01,Parbhani,193
5,gram,2015,February,405,2968,3096,2998,2015-02-01,Parbhani,128
6,gram,2015,March,1690,3122,3388,3334,2015-03-01,Parbhani,266
7,gram,2015,April,1292,3299,3800,3698,2015-04-01,Parbhani,501
8,gram,2015,May,211,4111,4377,4263,2015-05-01,Parbhani,266
9,gram,2015,June,364,3743,4102,4010,2015-06-01,Parbhani,359
10,gram,2015,July,159,3641,4062,3787,2015-07-01,Parbhani,421
11,gram,2015,August,64,3966,4069,4036,2015-08-01,Parbhani,103
12,gram,2015,September,3,4200,4400,4200,2015-09-01,Parbhani,200
13,gram,2015,October,6,4371,4371,4371,2015-10-01,Parbhani,0
14,gram,2015,December,1,3501,3501,3501,2015-12-01,Parbhani,0
15,gram,2016,January,481,4061,4255,4177,2016-01-01,Parbhani,194
16,gram,2016,February,2044,3959,4202,4126,2016-02-01,Parbhani,243
17,gram,2016,March,1238,4038,4256,4172,2016-03-01,Parbhani,218
18,gram,2016,April,739,4894,5174,5087,2016-04-01,Parbhani,280
19,gram,2016,May,197,5280,5468,5376,2016-05-01,Parbhani,188
20,gram,2016,June,63,6045,6138,6053,2016-06-01,Parbhani,93
22,gram,2016,August,4,5950,5950,5950,2016-08-01,Parbhani,0
