,Commodity,Year,Month,arrivals_in_qtl,min_price,max_price,modal_price,date,district_name,diff_price
0,turmeric,2014,September,81,3607,5239,4720,2014-09-01,Parbhani,1632
1,turmeric,2014,October,58,4293,5632,4897,2014-10-01,Parbhani,1339
4,turmeric,2015,April,30,7065,8270,7635,2015-04-01,Parbhani,1205
5,turmeric,2015,May,1482,6161,8220,7530,2015-05-01,Parbhani,2059
6,turmeric,2015,June,862,6115,7582,6985,2015-06-01,Parbhani,1467
7,turmeric,2015,July,249,5661,7400,7015,2015-07-01,Parbhani,1739
8,turmeric,2015,August,78,6213,7109,6704,2015-08-01,Parbhani,896
9,turmeric,2015,September,80,7297,7662,7315,2015-09-01,Parbhani,365
10,turmeric,2015,October,53,6678,7309,7206,2015-10-01,Parbhani,631
11,turmeric,2015,November,2,9000,9000,9000,2015-11-01,Parbhani,0
12,turmeric,2015,December,6,8851,9301,8851,2015-12-01,Parbhani,450
13,turmeric,2016,March,30,8102,8147,8102,2016-03-01,Parbhani,45
14,turmeric,2016,April,1272,7941,8572,8282,2016-04-01,Parbhani,631
15,turmeric,2016,May,1794,6583,8265,7789,2016-05-01,Parbhani,1682
16,turmeric,2016,June,870,6617,8301,7900,2016-06-01,Parbhani,1684
17,turmeric,2016,July,89,8098,8366,8222,2016-07-01,Parbhani,268
18,turmeric,2016,August,151,7758,8096,7854,2016-08-01,Parbhani,338
19,turmeric,2016,September,66,6116,6429,6228,2016-09-01,Parbhani,313
