,Commodity,Year,Month,arrivals_in_qtl,min_price,max_price,modal_price,date,district_name,diff_price
0,sorgum(jawar),2014,September,691,1153,1644,1338,2014-09-01,Parbhani,491
1,sorgum(jawar),2014,October,428,1159,1867,1327,2014-10-01,Parbhani,708
2,sorgum(jawar),2014,November,111,1343,1736,1443,2014-11-01,Parbhani,393
3,sorgum(jawar),2014,December,121,1339,1729,1395,2014-12-01,Parbhani,390
4,sorgum(jawar),2015,January,277,1410,1853,1490,2015-01-01,Parbhani,443
5,sorgum(jawar),2015,February,471,1115,1393,1162,2015-02-01,Parbhani,278
6,sorgum(jawar),2015,March,748,1110,1703,1309,2015-03-01,Parbhani,593
7,sorgum(jawar),2015,April,2402,1110,1757,1473,2015-04-01,Parbhani,647
8,sorgum(jawar),2015,May,1465,1138,1470,1286,2015-05-01,Parbhani,332
9,sorgum(jawar),2015,June,760,1109,1463,1287,2015-06-01,Parbhani,354
10,sorgum(jawar),2015,July,264,1105,1311,1198,2015-07-01,Parbhani,206
11,sorgum(jawar),2015,August,404,1197,1513,1397,2015-08-01,Parbhani,316
12,sorgum(jawar),2015,September,423,1308,1480,1370,2015-09-01,Parbhani,172
13,sorgum(jawar),2015,October,151,1222,1355,1279,2015-10-01,Parbhani,133
14,sorgum(jawar),2015,November,49,1534,1721,1613,2015-11-01,Parbhani,187
15,sorgum(jawar),2015,December,141,1430,1717,1541,2015-12-01,Parbhani,287
16,sorgum(jawar),2016,January,318,1245,1545,1364,2016-01-01,Parbhani,300
17,sorgum(jawar),2016,February,675,1374,1737,1517,2016-02-01,Parbhani,363
18,sorgum(jawar),2016,March,1878,1289,1860,1676,2016-03-01,Parbhani,571
19,sorgum(jawar),2016,April,2001,1477,1919,1774,2016-04-01,Parbhani,442
20,sorgum(jawar),2016,May,996,1493,1916,1737,2016-05-01,Parbhani,423
21,sorgum(jawar),2016,June,424,1458,1890,1697,2016-06-01,Parbhani,432
22,sorgum(jawar),2016,July,76,1556,1893,1801,2016-07-01,Parbhani,337
23,sorgum(jawar),2016,August,85,1527,1741,1647,2016-08-01,Parbhani,214
24,sorgum(jawar),2016,September,192,1519,1717,1626,2016-09-01,Parbhani,198
25,sorgum(jawar),2016,October,156,1621,1819,1707,2016-10-01,Parbhani,198
26,sorgum(jawar),2016,November,7,1985,1985,1985,2016-11-01,Parbhani,0
