,Commodity,Year,Month,arrivals_in_qtl,min_price,max_price,modal_price,date,district_name,diff_price
0,green gram,2014,September,96,5351,6060,5770,2014-09-01,Parbhani,709
1,green gram,2014,October,482,6391,7156,6972,2014-10-01,Parbhani,765
2,green gram,2014,November,87,7237,7748,7513,2014-11-01,Parbhani,511
3,green gram,2014,December,35,6877,7150,7020,2014-12-01,Parbhani,273
4,green gram,2015,January,13,7355,7383,7369,2015-01-01,Parbhani,28
5,green gram,2015,February,6,6425,6942,6609,2015-02-01,Parbhani,517
6,green gram,2015,March,6,6676,7006,6676,2015-03-01,Parbhani,330
7,green gram,2015,April,1,6200,6200,6200,2015-04-01,Parbhani,0
8,green gram,2015,July,2,6300,6300,6300,2015-07-01,Parbhani,0
9,green gram,2015,August,24,6357,6913,6704,2015-08-01,Parbhani,556
10,green gram,2015,September,592,6880,7966,7612,2015-09-01,Parbhani,1086
11,green gram,2015,October,273,7621,8499,8250,2015-10-01,Parbhani,878
12,green gram,2015,November,38,7025,7400,7194,2015-11-01,Parbhani,375
13,green gram,2015,December,29,7008,7165,6996,2015-12-01,Parbhani,157
14,green gram,2016,January,11,6088,6282,6094,2016-01-01,Parbhani,194
15,green gram,2016,February,2,5600,5600,5600,2016-02-01,Parbhani,0
16,green gram,2016,April,3,4601,6300,5825,2016-04-01,Parbhani,1699
17,green gram,2016,August,8,4141,4313,4268,2016-08-01,Parbhani,172
18,green gram,2016,September,730,4558,4910,4771,2016-09-01,Parbhani,352
19,green gram,2016,October,645,4353,4647,4511,2016-10-01,Parbhani,294
20,green gram,2016,November,4,4301,4301,4301,2016-11-01,Parbhani,0
