,Commodity,Year,Month,arrivals_in_qtl,min_price,max_price,modal_price,date,district_name,diff_price
0,chavli (shenga ),2015,July,138,500,1500,1000,2015-07-01,Pune,1000
1,chavli (shenga ),2016,May,313,533,1375,1298,2016-05-01,Pune,842
2,chavli (shenga ),2016,June,1930,1828,4328,4083,2016-06-01,Pune,2500
3,chavli (shenga ),2016,July,968,1625,3825,3619,2016-07-01,Pune,2200
4,chavli (shenga ),2016,August,1524,1000,2394,2221,2016-08-01,Pune,1394
5,chavli (shenga ),2016,September,54,1000,2800,2500,2016-09-01,Pune,1800
6,chavli (shenga ),2016,October,144,1500,3200,2833,2016-10-01,Pune,1700
7,chavli (shenga ),2016,November,61,967,1933,1733,2016-11-01,Pune,966
