,Commodity,Year,Month,arrivals_in_qtl,min_price,max_price,modal_price,date,district_name,diff_price
0,walvad,2015,July,77,500,2200,1800,2015-07-01,Pune,1700
1,walvad,2016,March,67,280,482,400,2016-03-01,Pune,202
2,walvad,2016,May,15,1333,2838,2575,2016-05-01,Pune,1505
5,walvad,2016,August,10948,1654,3470,3077,2016-08-01,Pune,1816
6,walvad,2016,September,154,1483,2758,2417,2016-09-01,Pune,1275
7,walvad,2016,October,820,1450,3331,2875,2016-10-01,Pune,1881
8,walvad,2016,November,1949,769,1658,1373,2016-11-01,Pune,889
