,Commodity,Year,Month,arrivals_in_qtl,min_price,max_price,modal_price,date,district_name,diff_price
0,onion,2014,December,16010,1663,2644,2063,2014-12-01,Pune,981
1,onion,2015,January,39040,1317,1756,1550,2015-01-01,Pune,439
2,onion,2015,February,42679,1338,1850,1600,2015-02-01,Pune,512
3,onion,2015,March,65922,1044,1488,1275,2015-03-01,Pune,444
4,onion,2015,April,57501,892,1308,1092,2015-04-01,Pune,416
6,onion,2016,February,15877,740,1105,1025,2016-02-01,Pune,365
7,onion,2016,March,20280,583,1050,875,2016-03-01,Pune,467
8,onion,2016,April,9695,533,1010,983,2016-04-01,Pune,477
9,onion,2016,May,73313,473,1025,938,2016-05-01,Pune,552
10,onion,2016,June,71724,552,1000,922,2016-06-01,Pune,448
11,onion,2016,July,58646,564,1014,936,2016-07-01,Pune,450
12,onion,2016,August,77716,529,943,857,2016-08-01,Pune,414
13,onion,2016,October,77246,560,984,890,2016-10-01,Pune,424
14,onion,2016,November,62305,629,1130,1014,2016-11-01,Pune,501
