,Commodity,Year,Month,arrivals_in_qtl,min_price,max_price,modal_price,date,district_name,diff_price
0,farshi,2015,July,107,1500,2000,1800,2015-07-01,Pune,500
1,farshi,2016,March,93,300,532,464,2016-03-01,Pune,232
2,farshi,2016,April,8,400,500,450,2016-04-01,Pune,100
3,farshi,2016,May,62,1156,2796,2582,2016-05-01,Pune,1640
5,farshi,2016,July,395,1730,4280,4130,2016-07-01,Pune,2550
6,farshi,2016,August,1934,1375,3410,3056,2016-08-01,Pune,2035
7,farshi,2016,September,865,1425,3225,2867,2016-09-01,Pune,1800
8,farshi,2016,October,1723,1500,3275,2933,2016-10-01,Pune,1775
9,farshi,2016,November,2107,918,1908,1700,2016-11-01,Pune,990
