,Commodity,Year,Month,arrivals_in_qtl,min_price,max_price,modal_price,date,district_name,diff_price
0,bottle gourd,2015,July,34,1000,4000,2500,2015-07-01,Pune,3000
1,bottle gourd,2016,May,88,168,352,313,2016-05-01,Pune,184
2,bottle gourd,2016,June,777,523,1475,1353,2016-06-01,Pune,952
3,bottle gourd,2016,July,477,975,1813,1688,2016-07-01,Pune,838
4,bottle gourd,2016,August,603,333,783,650,2016-08-01,Pune,450
5,bottle gourd,2016,September,430,700,1200,1000,2016-09-01,Pune,500
6,bottle gourd,2016,October,11,600,1200,1000,2016-10-01,Pune,600
7,bottle gourd,2016,November,80,270,560,470,2016-11-01,Pune,290
