,Commodity,Year,Month,arrivals_in_qtl,min_price,max_price,modal_price,date,district_name,diff_price
0,ladies finger,2015,July,22,100,500,350,2015-07-01,Pune,400
1,ladies finger,2016,March,38,400,1033,927,2016-03-01,Pune,633
2,ladies finger,2016,May,26,388,793,748,2016-05-01,Pune,405
3,ladies finger,2016,June,135,1619,3658,3497,2016-06-01,Pune,2039
4,ladies finger,2016,July,40,1875,3706,3475,2016-07-01,Pune,1831
5,ladies finger,2016,August,68,1157,2307,1993,2016-08-01,Pune,1150
6,ladies finger,2016,September,6,600,1000,950,2016-09-01,Pune,400
7,ladies finger,2016,November,56,1333,2900,2567,2016-11-01,Pune,1567
