,Commodity,Year,Month,arrivals_in_qtl,min_price,max_price,modal_price,date,district_name,diff_price
1,cluster bean,2016,June,1599,2083,5279,5028,2016-06-01,Pune,3196
2,cluster bean,2016,July,760,1900,4426,4130,2016-07-01,Pune,2526
3,cluster bean,2016,August,603,1433,3700,3342,2016-08-01,Pune,2267
4,cluster bean,2016,September,262,2125,3743,3250,2016-09-01,Pune,1618
5,cluster bean,2016,October,113,1667,3950,3683,2016-10-01,Pune,2283
6,cluster bean,2016,November,46,2000,3533,3000,2016-11-01,Pune,1533
