,Commodity,Year,Month,arrivals_in_qtl,min_price,max_price,modal_price,date,district_name,diff_price
0,ghevda,2015,July,57,500,3000,2000,2015-07-01,Pune,2500
1,ghevda,2016,March,23,1433,3040,2633,2016-03-01,Pune,1607
2,ghevda,2016,May,9,2300,4513,4185,2016-05-01,Pune,2213
5,ghevda,2016,August,251,2131,4535,4169,2016-08-01,Pune,2404
6,ghevda,2016,September,130,1433,3000,2667,2016-09-01,Pune,1567
7,ghevda,2016,October,552,1678,3339,3017,2016-10-01,Pune,1661
8,ghevda,2016,November,1496,590,1236,1090,2016-11-01,Pune,646
