,Commodity,Year,Month,arrivals_in_qtl,min_price,max_price,modal_price,date,district_name,diff_price
0,pomegranate,2016,June,5273,3190,9669,9200,2016-06-01,Pune,6479
1,pomegranate,2016,July,11757,3000,11696,9000,2016-07-01,Pune,8696
2,pomegranate,2016,August,35232,2606,13656,10533,2016-08-01,Pune,11050
3,pomegranate,2016,September,12587,2750,17800,11607,2016-09-01,Pune,15050
4,pomegranate,2016,October,4494,2500,14427,9833,2016-10-01,Pune,11927
5,pomegranate,2016,November,7711,3300,10270,7870,2016-11-01,Pune,6970
