,Commodity,Year,Month,arrivals_in_qtl,min_price,max_price,modal_price,date,district_name,diff_price
0,cucumber,2015,July,62,500,1200,900,2015-07-01,Pune,700
1,cucumber,2016,March,5,1500,2400,2200,2016-03-01,Pune,900
2,cucumber,2016,April,65,500,1900,1775,2016-04-01,Pune,1400
3,cucumber,2016,May,3925,155,593,539,2016-05-01,Pune,438
4,cucumber,2016,June,17092,423,1420,1332,2016-06-01,Pune,997
5,cucumber,2016,July,2880,430,925,854,2016-07-01,Pune,495
6,cucumber,2016,August,500,413,1240,1017,2016-08-01,Pune,827
7,cucumber,2016,September,389,300,1963,1600,2016-09-01,Pune,1663
8,cucumber,2016,October,2876,423,1015,796,2016-10-01,Pune,592
9,cucumber,2016,November,898,879,1789,1596,2016-11-01,Pune,910
