,Commodity,Year,Month,arrivals_in_qtl,min_price,max_price,modal_price,date,district_name,diff_price
0,small gourd,2015,July,28,1000,3000,2000,2015-07-01,Pune,2000
1,small gourd,2016,March,123,950,1550,1440,2016-03-01,Pune,600
2,small gourd,2016,April,40,2000,3650,3450,2016-04-01,Pune,1650
3,small gourd,2016,May,512,351,804,737,2016-05-01,Pune,453
4,small gourd,2016,June,1046,1945,4705,4524,2016-06-01,Pune,2760
5,small gourd,2016,July,239,1563,4231,4006,2016-07-01,Pune,2668
6,small gourd,2016,August,62,1088,2500,2113,2016-08-01,Pune,1412
7,small gourd,2016,September,10,200,3650,3500,2016-09-01,Pune,3450
8,small gourd,2016,November,41,900,1650,1350,2016-11-01,Pune,750
