,Commodity,Year,Month,arrivals_in_qtl,min_price,max_price,modal_price,date,district_name,diff_price
0,flower,2015,July,692,300,1000,800,2015-07-01,Pune,700
1,flower,2016,March,3215,194,668,616,2016-03-01,Pune,474
2,flower,2016,April,140,800,2100,1950,2016-04-01,Pune,1300
3,flower,2016,May,7585,123,449,403,2016-05-01,Pune,326
4,flower,2016,June,32952,784,2289,2159,2016-06-01,Pune,1505
5,flower,2016,July,10343,788,1770,1675,2016-07-01,Pune,982
6,flower,2016,August,8382,707,1522,1303,2016-08-01,Pune,815
7,flower,2016,September,3240,589,1389,1150,2016-09-01,Pune,800
8,flower,2016,October,7171,686,1619,1441,2016-10-01,Pune,933
9,flower,2016,November,9505,297,693,616,2016-11-01,Pune,396
