,Commodity,Year,Month,arrivals_in_qtl,min_price,max_price,modal_price,date,district_name,diff_price
0,carrot,2016,March,8,50,80,70,2016-03-01,Pune,30
1,carrot,2016,April,8,800,1400,1300,2016-04-01,Pune,600
2,carrot,2016,May,99,337,774,717,2016-05-01,Pune,437
3,carrot,2016,June,62,760,2455,2355,2016-06-01,Pune,1695
4,carrot,2016,July,8,1000,3000,2850,2016-07-01,Pune,2000
5,carrot,2016,August,39,1038,2075,1806,2016-08-01,Pune,1037
6,carrot,2016,September,149,1100,2530,2283,2016-09-01,Pune,1430
7,carrot,2016,October,324,700,1800,1488,2016-10-01,Pune,1100
8,carrot,2016,November,80,300,730,590,2016-11-01,Pune,430
