,Commodity,Year,Month,arrivals_in_qtl,min_price,max_price,modal_price,date,district_name,diff_price
0,tomato,2014,November,21010,1375,2000,1650,2014-11-01,Pune,625
1,tomato,2014,December,23490,1627,2293,1950,2014-12-01,Pune,666
2,tomato,2015,January,18645,2306,3516,2942,2015-01-01,Pune,1210
3,tomato,2015,February,25456,2125,3104,2614,2015-02-01,Pune,979
4,tomato,2015,March,48526,1677,2661,2168,2015-03-01,Pune,984
5,tomato,2015,April,19786,1450,2050,1710,2015-04-01,Pune,600
6,tomato,2015,July,70000,200,350,300,2015-07-01,Pune,150
7,tomato,2016,February,92745,138,200,178,2016-02-01,Pune,62
8,tomato,2016,March,292261,96,193,175,2016-03-01,Pune,97
9,tomato,2016,April,62578,84,442,419,2016-04-01,Pune,358
10,tomato,2016,May,100529,280,420,397,2016-05-01,Pune,140
11,tomato,2016,June,295154,3260,4735,4515,2016-06-01,Pune,1475
12,tomato,2016,July,99377,1783,3064,2823,2016-07-01,Pune,1281
13,tomato,2016,August,127470,314,863,621,2016-08-01,Pune,549
14,tomato,2016,September,273726,316,928,795,2016-09-01,Pune,612
15,tomato,2016,October,121672,393,1140,945,2016-10-01,Pune,747
16,tomato,2016,November,20612,205,659,558,2016-11-01,Pune,454
