,Commodity,Year,Month,arrivals_in_qtl,min_price,max_price,modal_price,date,district_name,diff_price
0,green chilli,2015,July,373,500,4000,3000,2015-07-01,Pune,3500
1,green chilli,2016,March,66,300,638,600,2016-03-01,Pune,338
2,green chilli,2016,April,19,2000,6700,6600,2016-04-01,Pune,4700
3,green chilli,2016,May,1214,669,1808,1634,2016-05-01,Pune,1139
4,green chilli,2016,June,1914,2326,7177,6883,2016-06-01,Pune,4851
5,green chilli,2016,July,2328,3300,9207,8930,2016-07-01,Pune,5907
6,green chilli,2016,August,2681,2147,5453,4917,2016-08-01,Pune,3306
7,green chilli,2016,September,270,525,1375,1100,2016-09-01,Pune,850
8,green chilli,2016,October,871,608,1531,1319,2016-10-01,Pune,923
9,green chilli,2016,November,809,867,1613,1371,2016-11-01,Pune,746
