,Commodity,Year,Month,arrivals_in_qtl,min_price,max_price,modal_price,date,district_name,diff_price
0,cabbage,2015,July,257,100,700,500,2015-07-01,Pune,600
1,cabbage,2016,March,647,134,274,234,2016-03-01,Pune,140
2,cabbage,2016,April,259,300,613,558,2016-04-01,Pune,313
3,cabbage,2016,May,717,145,440,406,2016-05-01,Pune,295
6,cabbage,2016,August,16507,519,1094,960,2016-08-01,Pune,575
7,cabbage,2016,September,840,208,462,367,2016-09-01,Pune,254
8,cabbage,2016,October,1870,188,439,375,2016-10-01,Pune,251
9,cabbage,2016,November,1904,197,469,405,2016-11-01,Pune,272
