,Commodity,Year,Month,arrivals_in_qtl,min_price,max_price,modal_price,date,district_name,diff_price
0,potato,2014,December,727,1320,1720,1560,2014-12-01,Pune,400
1,potato,2015,January,1586,975,1425,1225,2015-01-01,Pune,450
2,potato,2015,February,3028,888,1313,1100,2015-02-01,Pune,425
3,potato,2015,March,3348,557,957,771,2015-03-01,Pune,400
4,potato,2015,April,1309,767,1167,967,2015-04-01,Pune,400
5,potato,2016,February,281,583,1183,1050,2016-02-01,Pune,600
6,potato,2016,March,1717,825,1475,1150,2016-03-01,Pune,650
7,potato,2016,April,39,1200,1650,1500,2016-04-01,Pune,450
9,potato,2016,October,1842,625,1443,1250,2016-10-01,Pune,818
