,Commodity,Year,Month,arrivals_in_qtl,min_price,max_price,modal_price,date,district_name,diff_price
0,math (bhaji),2014,December,822950,2351,6137,3937,2014-12-01,Pune,3786
2,math (bhaji),2016,February,359500,168,551,530,2016-02-01,Pune,383
3,math (bhaji),2016,March,387600,890,2623,2600,2016-03-01,Pune,1733
4,math (bhaji),2016,April,206000,961,2401,2400,2016-04-01,Pune,1440
5,math (bhaji),2016,May,286800,568,2234,2217,2016-05-01,Pune,1666
6,math (bhaji),2016,June,148100,651,2301,2100,2016-06-01,Pune,1650
7,math (bhaji),2016,August,46700,501,2001,1500,2016-08-01,Pune,1500
8,math (bhaji),2016,October,15100,1001,4001,4000,2016-10-01,Pune,3000
9,math (bhaji),2016,November,223200,101,501,450,2016-11-01,Pune,400
