,Commodity,Year,Month,arrivals_in_qtl,min_price,max_price,modal_price,date,district_name,diff_price
0,potato,2014,December,1044,900,1650,1333,2014-12-01,Pune,750
1,potato,2015,January,1101,840,1430,1130,2015-01-01,Pune,590
2,potato,2015,February,1356,614,1286,964,2015-02-01,Pune,672
3,potato,2015,March,1515,483,992,767,2015-03-01,Pune,509
4,potato,2015,April,660,500,900,700,2015-04-01,Pune,400
5,potato,2015,October,3539,750,1100,950,2015-10-01,Pune,350
6,potato,2015,November,2905,800,1200,980,2015-11-01,Pune,400
7,potato,2015,December,3444,522,994,800,2015-12-01,Pune,472
8,potato,2016,January,2615,486,971,771,2016-01-01,Pune,485
9,potato,2016,February,2148,500,1060,957,2016-02-01,Pune,560
10,potato,2016,March,1381,688,1269,1188,2016-03-01,Pune,581
11,potato,2016,April,221,1033,1583,1513,2016-04-01,Pune,550
12,potato,2016,May,25,1500,2000,1800,2016-05-01,Pune,500
14,potato,2016,October,702,1100,1400,1300,2016-10-01,Pune,300
15,potato,2016,November,986,600,1537,1300,2016-11-01,Pune,937
