,Commodity,Year,Month,arrivals_in_qtl,min_price,max_price,modal_price,date,district_name,diff_price
0,coriander  ,2014,December,541850,1337,5502,3002,2014-12-01,Pune,4165
1,coriander  ,2016,February,208760,101,551,525,2016-02-01,Pune,450
2,coriander  ,2016,March,908997,767,2701,2656,2016-03-01,Pune,1934
3,coriander  ,2016,April,793600,884,3101,3100,2016-04-01,Pune,2217
4,coriander  ,2016,May,1056500,620,2360,2300,2016-05-01,Pune,1740
5,coriander  ,2016,June,218300,1501,4751,4750,2016-06-01,Pune,3250
6,coriander  ,2016,July,9460,301,2001,1800,2016-07-01,Pune,1700
7,coriander  ,2016,August,193900,151,851,725,2016-08-01,Pune,700
8,coriander  ,2016,September,5404,350,850,800,2016-09-01,Pune,500
9,coriander  ,2016,October,750700,251,1951,1808,2016-10-01,Pune,1700
