,Commodity,Year,Month,arrivals_in_qtl,min_price,max_price,modal_price,date,district_name,diff_price
0,capsicum,2015,July,11,500,2000,1500,2015-07-01,Pune,1500
1,capsicum,2016,March,12,1000,2600,2450,2016-03-01,Pune,1600
2,capsicum,2016,May,143,778,1334,1253,2016-05-01,Pune,556
3,capsicum,2016,June,179,2229,5205,4957,2016-06-01,Pune,2976
4,capsicum,2016,July,82,2750,5739,5500,2016-07-01,Pune,2989
5,capsicum,2016,August,149,1714,3457,3086,2016-08-01,Pune,1743
6,capsicum,2016,October,128,250,500,400,2016-10-01,Pune,250
7,capsicum,2016,November,108,900,1775,1625,2016-11-01,Pune,875
