,Commodity,Year,Month,arrivals_in_qtl,min_price,max_price,modal_price,date,district_name,diff_price
0,beet root,2015,July,8,100,1500,1000,2015-07-01,Pune,1400
1,beet root,2016,March,53,845,2359,2205,2016-03-01,Pune,1514
2,beet root,2016,May,50,232,691,616,2016-05-01,Pune,459
3,beet root,2016,June,260,682,2289,2109,2016-06-01,Pune,1607
4,beet root,2016,July,265,840,1921,1810,2016-07-01,Pune,1081
5,beet root,2016,August,466,493,963,835,2016-08-01,Pune,470
6,beet root,2016,September,10,200,900,750,2016-09-01,Pune,700
7,beet root,2016,October,198,460,1002,880,2016-10-01,Pune,542
8,beet root,2016,November,137,420,950,830,2016-11-01,Pune,530
