,Commodity,Year,Month,arrivals_in_qtl,min_price,max_price,modal_price,date,district_name,diff_price
0,brinjal,2015,July,42,300,1000,600,2015-07-01,Pune,700
1,brinjal,2016,March,17,1000,2500,2100,2016-03-01,Pune,1500
2,brinjal,2016,April,61,517,1467,1397,2016-04-01,Pune,950
3,brinjal,2016,May,257,195,444,397,2016-05-01,Pune,249
4,brinjal,2016,June,692,768,2569,2384,2016-06-01,Pune,1801
5,brinjal,2016,July,520,855,1814,1727,2016-07-01,Pune,959
6,brinjal,2016,August,603,929,2114,1782,2016-08-01,Pune,1185
7,brinjal,2016,September,28,300,1000,800,2016-09-01,Pune,700
8,brinjal,2016,October,107,1183,2833,2500,2016-10-01,Pune,1650
9,brinjal,2016,November,357,440,915,775,2016-11-01,Pune,475
