,Commodity,Year,Month,arrivals_in_qtl,min_price,max_price,modal_price,date,district_name,diff_price
0,tamarind,2015,February,2,1301,1301,1301,2015-02-01,Beed,0
1,tamarind,2015,March,89,4236,5194,4936,2015-03-01,Beed,958
2,tamarind,2015,April,398,3430,4517,4141,2015-04-01,Beed,1087
3,tamarind,2015,May,119,3375,3972,3786,2015-05-01,Beed,597
4,tamarind,2015,June,6,3600,3650,3625,2015-06-01,Beed,50
5,tamarind,2015,July,1,3000,3000,3000,2015-07-01,Beed,0
6,tamarind,2016,March,173,3667,7133,6500,2016-03-01,Beed,3466
7,tamarind,2016,April,37,5700,6600,6325,2016-04-01,Beed,900
