,Commodity,Year,Month,arrivals_in_qtl,min_price,max_price,modal_price,date,district_name,diff_price
0,black gram,2014,September,289,4800,6067,5667,2014-09-01,Beed,1267
1,black gram,2015,August,11,7300,7400,7350,2015-08-01,Beed,100
2,black gram,2016,August,137,5400,6100,5800,2016-08-01,Beed,700
3,black gram,2016,September,3487,6043,7229,6629,2016-09-01,Beed,1186
4,black gram,2016,October,554,5250,7263,6588,2016-10-01,Beed,2013
5,black gram,2016,November,36,5350,7150,6850,2016-11-01,Beed,1800
