,Commodity,Year,Month,arrivals_in_qtl,min_price,max_price,modal_price,date,district_name,diff_price
0,wheat(husked),2014,September,3,1700,2100,1900,2014-09-01,Beed,400
1,wheat(husked),2015,April,2,1550,1550,1550,2015-04-01,Beed,0
2,wheat(husked),2015,May,8,1846,1846,1846,2015-05-01,Beed,0
3,wheat(husked),2015,June,4,1206,1306,1256,2015-06-01,Beed,100
4,wheat(husked),2015,July,3,1300,1300,1300,2015-07-01,Beed,0
5,wheat(husked),2016,January,2,2500,2500,2500,2016-01-01,Beed,0
6,wheat(husked),2016,June,9,1625,1950,1850,2016-06-01,Beed,325
