,Commodity,Year,Month,arrivals_in_qtl,min_price,max_price,modal_price,date,district_name,diff_price
0,bajri,2014,September,6,1250,1365,1255,2014-09-01,Beed,115
1,bajri,2015,April,8,1000,1315,1250,2015-04-01,Beed,315
2,bajri,2015,May,11,1225,1288,1288,2015-05-01,Beed,63
3,bajri,2015,June,15,1138,1278,1238,2015-06-01,Beed,140
4,bajri,2016,January,10,1288,1550,1450,2016-01-01,Beed,262
5,bajri,2016,June,2,1500,1500,1500,2016-06-01,Beed,0
7,bajri,2016,August,3,1751,1751,1751,2016-08-01,Beed,0
8,bajri,2016,September,18,1388,1600,1451,2016-09-01,Beed,212
9,bajri,2016,October,199,1154,1519,1354,2016-10-01,Beed,365
10,bajri,2016,November,80,1176,1626,1300,2016-11-01,Beed,450
