,Commodity,Year,Month,arrivals_in_qtl,min_price,max_price,modal_price,date,district_name,diff_price
0,soybean,2014,September,25,2963,3030,3013,2014-09-01,Beed,67
1,soybean,2014,October,485,2843,3090,2997,2014-10-01,Beed,247
2,soybean,2014,November,375,3035,3315,3268,2014-11-01,Beed,280
3,soybean,2014,December,59,3118,3173,3139,2014-12-01,Beed,55
4,soybean,2015,January,26,3161,3256,3256,2015-01-01,Beed,95
5,soybean,2015,February,24,2988,3150,3125,2015-02-01,Beed,162
6,soybean,2015,March,4,3150,3200,3200,2015-03-01,Beed,50
7,soybean,2015,June,23,3276,3376,3376,2015-06-01,Beed,100
8,soybean,2015,August,2,2900,2900,2900,2015-08-01,Beed,0
9,soybean,2015,September,29,3187,3246,3236,2015-09-01,Beed,59
11,soybean,2015,November,285,3104,3575,3354,2015-11-01,Beed,471
12,soybean,2015,December,89,3113,3450,3269,2015-12-01,Beed,337
13,soybean,2016,January,46,3134,3417,3267,2016-01-01,Beed,283
14,soybean,2016,February,13,3000,3500,3250,2016-02-01,Beed,500
15,soybean,2016,June,7,3500,3650,3600,2016-06-01,Beed,150
16,soybean,2016,July,30,3400,3500,3450,2016-07-01,Beed,100
