,Commodity,Year,Month,arrivals_in_qtl,min_price,max_price,modal_price,date,district_name,diff_price
0,green gram,2014,September,269,5169,6491,6119,2014-09-01,Beed,1322
1,green gram,2014,October,68,6029,6900,6343,2014-10-01,Beed,871
2,green gram,2014,November,5,7500,8150,7750,2014-11-01,Beed,650
3,green gram,2014,December,2,7500,7500,7500,2014-12-01,Beed,0
4,green gram,2015,January,2,5701,5701,5701,2015-01-01,Beed,0
5,green gram,2015,April,9,7233,7600,7567,2015-04-01,Beed,367
6,green gram,2015,May,18,7025,7250,7167,2015-05-01,Beed,225
7,green gram,2015,June,4,6533,6633,6583,2015-06-01,Beed,100
8,green gram,2015,August,265,6800,7571,7275,2015-08-01,Beed,771
9,green gram,2015,September,147,6929,7529,7272,2015-09-01,Beed,600
10,green gram,2015,October,12,7501,8051,7900,2015-10-01,Beed,550
11,green gram,2016,August,1109,4250,4725,4488,2016-08-01,Beed,475
12,green gram,2016,September,1896,4357,4950,4720,2016-09-01,Beed,593
13,green gram,2016,October,529,4600,5104,4861,2016-10-01,Beed,504
14,green gram,2016,November,46,4230,4680,4490,2016-11-01,Beed,450
