,Commodity,Year,Month,arrivals_in_qtl,min_price,max_price,modal_price,date,district_name,diff_price
0,soybean,2014,September,1,2701,2701,2701,2014-09-01,Beed,0
1,soybean,2015,May,1,3500,3500,3500,2015-05-01,Beed,0
2,soybean,2016,January,2,3251,3251,3251,2016-01-01,Beed,0
3,soybean,2016,February,2,3300,3300,3300,2016-02-01,Beed,0
4,soybean,2016,May,1,3449,3449,3449,2016-05-01,Beed,0
5,soybean,2016,June,1,3500,3500,3500,2016-06-01,Beed,0
6,soybean,2016,July,3,3400,3500,3450,2016-07-01,Beed,100
7,soybean,2016,October,197,1850,2601,2260,2016-10-01,Beed,751
8,soybean,2016,November,119,1950,2650,2350,2016-11-01,Beed,700
