,Commodity,Year,Month,arrivals_in_qtl,min_price,max_price,modal_price,date,district_name,diff_price
0,pigeon pea (tur),2015,April,2,5000,5400,5400,2015-04-01,Beed,400
1,pigeon pea (tur),2015,May,3,4600,4950,4950,2015-05-01,Beed,350
2,pigeon pea (tur),2016,January,75,7420,8370,8020,2016-01-01,Beed,950
3,pigeon pea (tur),2016,February,15,6350,7375,7000,2016-02-01,Beed,1025
4,pigeon pea (tur),2016,May,4,6250,6500,6400,2016-05-01,Beed,250
5,pigeon pea (tur),2016,June,3,6300,6750,6750,2016-06-01,Beed,450
