,Commodity,Year,Month,arrivals_in_qtl,min_price,max_price,modal_price,date,district_name,diff_price
0,gram,2015,April,32,3500,3850,3650,2015-04-01,Beed,350
1,gram,2015,May,41,4020,4180,4080,2015-05-01,Beed,160
2,gram,2015,June,28,3484,3990,3850,2015-06-01,Beed,506
3,gram,2015,July,12,3600,3700,3650,2015-07-01,Beed,100
4,gram,2015,August,4,3000,3200,3100,2015-08-01,Beed,200
5,gram,2016,January,97,4125,4375,4250,2016-01-01,Beed,250
6,gram,2016,February,64,4075,4175,4138,2016-02-01,Beed,100
