,Commodity,Year,Month,arrivals_in_qtl,min_price,max_price,modal_price,date,district_name,diff_price
0,pigeon pea (tur),2014,December,44,4350,4807,4682,2014-12-01,Beed,457
1,pigeon pea (tur),2015,January,401,4710,5169,4977,2015-01-01,Beed,459
2,pigeon pea (tur),2015,February,222,4672,5049,4919,2015-02-01,Beed,377
3,pigeon pea (tur),2015,March,143,4800,5048,4964,2015-03-01,Beed,248
4,pigeon pea (tur),2015,April,26,5022,5228,5183,2015-04-01,Beed,206
5,pigeon pea (tur),2015,May,2,5400,5400,5400,2015-05-01,Beed,0
6,pigeon pea (tur),2015,November,8,7500,9000,9000,2015-11-01,Beed,1500
7,pigeon pea (tur),2015,December,380,7900,9025,8500,2015-12-01,Beed,1125
8,pigeon pea (tur),2016,January,595,7315,8290,7840,2016-01-01,Beed,975
9,pigeon pea (tur),2016,February,101,6900,7633,7267,2016-02-01,Beed,733
10,pigeon pea (tur),2016,March,94,6583,6967,6800,2016-03-01,Beed,384
11,pigeon pea (tur),2016,April,18,7000,8100,7600,2016-04-01,Beed,1100
12,pigeon pea (tur),2016,May,87,7020,7880,7600,2016-05-01,Beed,860
13,pigeon pea (tur),2016,June,19,7900,7900,7900,2016-06-01,Beed,0
14,pigeon pea (tur),2016,July,2,7211,7211,7211,2016-07-01,Beed,0
15,pigeon pea (tur),2016,August,21,5900,6800,6500,2016-08-01,Beed,900
16,pigeon pea (tur),2016,September,12,5100,6800,6000,2016-09-01,Beed,1700
17,pigeon pea (tur),2016,November,15,4700,4950,4850,2016-11-01,Beed,250
