,Commodity,Year,Month,arrivals_in_qtl,min_price,max_price,modal_price,date,district_name,diff_price
0,black gram,2014,September,350,4688,6007,5388,2014-09-01,Beed,1319
1,black gram,2014,October,664,4281,4841,4613,2014-10-01,Beed,560
2,black gram,2014,November,55,4800,5146,5045,2014-11-01,Beed,346
3,black gram,2014,December,4,5300,5300,5300,2014-12-01,Beed,0
4,black gram,2015,January,2,5150,5150,5150,2015-01-01,Beed,0
5,black gram,2015,August,787,7667,8767,7934,2015-08-01,Beed,1100
6,black gram,2015,September,919,8572,9011,8908,2015-09-01,Beed,439
7,black gram,2015,October,40,8651,10513,10213,2015-10-01,Beed,1862
8,black gram,2015,November,4,9300,9300,9300,2015-11-01,Beed,0
9,black gram,2015,December,10,3826,5250,4351,2015-12-01,Beed,1424
10,black gram,2016,July,1,9000,9000,9000,2016-07-01,Beed,0
11,black gram,2016,August,863,5700,6750,6426,2016-08-01,Beed,1050
12,black gram,2016,September,8401,6225,6922,6657,2016-09-01,Beed,697
13,black gram,2016,October,2853,5657,7357,6654,2016-10-01,Beed,1700
14,black gram,2016,November,727,5100,7350,6775,2016-11-01,Beed,2250
