,Commodity,Year,Month,arrivals_in_qtl,min_price,max_price,modal_price,date,district_name,diff_price
0,sunflower,2014,October,99,2643,3027,2883,2014-10-01,Beed,384
1,sunflower,2014,November,138,2881,3138,3126,2014-11-01,Beed,257
2,sunflower,2014,December,127,2972,3021,3017,2014-12-01,Beed,49
3,sunflower,2015,January,22,3008,3058,3049,2015-01-01,Beed,50
4,sunflower,2015,March,9,2900,3051,3051,2015-03-01,Beed,151
5,sunflower,2015,September,3,3175,3175,3175,2015-09-01,Beed,0
6,sunflower,2015,October,41,3201,3471,3401,2015-10-01,Beed,270
7,sunflower,2015,November,21,3300,3500,3400,2015-11-01,Beed,200
