,Commodity,Year,Month,arrivals_in_qtl,min_price,max_price,modal_price,date,district_name,diff_price
0,wheat(husked),2014,September,102,1447,1909,1614,2014-09-01,Beed,462
1,wheat(husked),2014,October,48,1407,2023,1720,2014-10-01,Beed,616
2,wheat(husked),2014,November,105,1406,1942,1570,2014-11-01,Beed,536
3,wheat(husked),2014,December,98,1534,1997,1620,2014-12-01,Beed,463
4,wheat(husked),2015,January,137,1481,1988,1641,2015-01-01,Beed,507
5,wheat(husked),2015,February,436,1584,1827,1736,2015-02-01,Beed,243
6,wheat(husked),2015,March,483,1547,1812,1675,2015-03-01,Beed,265
7,wheat(husked),2015,April,773,1491,1838,1666,2015-04-01,Beed,347
8,wheat(husked),2015,May,390,1509,1841,1640,2015-05-01,Beed,332
9,wheat(husked),2015,June,258,1513,1875,1653,2015-06-01,Beed,362
10,wheat(husked),2015,July,60,1709,1888,1815,2015-07-01,Beed,179
11,wheat(husked),2015,August,120,1623,1768,1700,2015-08-01,Beed,145
12,wheat(husked),2015,September,74,1510,1782,1701,2015-09-01,Beed,272
13,wheat(husked),2015,October,144,1536,1829,1708,2015-10-01,Beed,293
14,wheat(husked),2015,November,135,1551,1928,1734,2015-11-01,Beed,377
15,wheat(husked),2015,December,52,1651,2120,1930,2015-12-01,Beed,469
16,wheat(husked),2016,January,72,1675,2213,1925,2016-01-01,Beed,538
17,wheat(husked),2016,February,108,1652,2210,2010,2016-02-01,Beed,558
18,wheat(husked),2016,March,98,1575,2460,2125,2016-03-01,Beed,885
19,wheat(husked),2016,April,36,1533,2267,1958,2016-04-01,Beed,734
20,wheat(husked),2016,May,95,1500,2421,2096,2016-05-01,Beed,921
21,wheat(husked),2016,June,65,1675,2264,2036,2016-06-01,Beed,589
22,wheat(husked),2016,July,21,1613,2200,2025,2016-07-01,Beed,587
23,wheat(husked),2016,August,66,1502,2047,1779,2016-08-01,Beed,545
24,wheat(husked),2016,September,49,1508,2003,1812,2016-09-01,Beed,495
25,wheat(husked),2016,October,84,1493,2279,1890,2016-10-01,Beed,786
