,Commodity,Year,Month,arrivals_in_qtl,min_price,max_price,modal_price,date,district_name,diff_price
1,sorgum(jawar),2015,April,414,1565,2550,2000,2015-04-01,Beed,985
2,sorgum(jawar),2015,May,417,1547,2250,1790,2015-05-01,Beed,703
3,sorgum(jawar),2015,June,501,1541,2046,1692,2015-06-01,Beed,505
4,sorgum(jawar),2015,July,31,1535,1755,1600,2015-07-01,Beed,220
5,sorgum(jawar),2015,August,150,1578,2100,1763,2015-08-01,Beed,522
6,sorgum(jawar),2016,January,373,1635,2385,1980,2016-01-01,Beed,750
7,sorgum(jawar),2016,February,442,1600,2725,2100,2016-02-01,Beed,1125
8,sorgum(jawar),2016,May,200,1625,2450,2000,2016-05-01,Beed,825
9,sorgum(jawar),2016,June,225,1614,2272,1929,2016-06-01,Beed,658
10,sorgum(jawar),2016,July,24,1600,2251,1850,2016-07-01,Beed,651
11,sorgum(jawar),2016,August,223,1620,2191,1920,2016-08-01,Beed,571
12,sorgum(jawar),2016,September,136,1600,1914,1757,2016-09-01,Beed,314
13,sorgum(jawar),2016,October,326,1638,2156,1850,2016-10-01,Beed,518
14,sorgum(jawar),2016,November,310,1825,2725,2300,2016-11-01,Beed,900
