,Commodity,Year,Month,arrivals_in_qtl,min_price,max_price,modal_price,date,district_name,diff_price
0,sorgum(jawar),2014,September,1462,1536,2761,2223,2014-09-01,Beed,1225
1,sorgum(jawar),2014,October,614,1530,2894,2405,2014-10-01,Beed,1364
2,sorgum(jawar),2014,November,2059,1533,3189,2545,2014-11-01,Beed,1656
3,sorgum(jawar),2014,December,1213,1530,2891,2227,2014-12-01,Beed,1361
4,sorgum(jawar),2015,January,1901,1535,2819,2293,2015-01-01,Beed,1284
5,sorgum(jawar),2015,February,11278,1529,2369,1903,2015-02-01,Beed,840
6,sorgum(jawar),2015,March,11140,1528,2545,1818,2015-03-01,Beed,1017
7,sorgum(jawar),2015,April,6269,1449,2198,1681,2015-04-01,Beed,749
8,sorgum(jawar),2015,May,3773,1429,1892,1625,2015-05-01,Beed,463
9,sorgum(jawar),2015,June,3574,1421,1844,1585,2015-06-01,Beed,423
10,sorgum(jawar),2015,July,1766,1461,1878,1612,2015-07-01,Beed,417
11,sorgum(jawar),2015,August,1824,1502,2009,1682,2015-08-01,Beed,507
12,sorgum(jawar),2015,September,1618,1497,1971,1694,2015-09-01,Beed,474
13,sorgum(jawar),2015,October,2002,1535,2058,1697,2015-10-01,Beed,523
14,sorgum(jawar),2015,November,2272,1771,2963,2494,2015-11-01,Beed,1192
15,sorgum(jawar),2015,December,1778,1688,2701,2207,2015-12-01,Beed,1013
16,sorgum(jawar),2016,January,2319,1607,2286,1971,2016-01-01,Beed,679
17,sorgum(jawar),2016,February,5744,1600,2450,1967,2016-02-01,Beed,850
18,sorgum(jawar),2016,March,4573,1600,2607,2157,2016-03-01,Beed,1007
19,sorgum(jawar),2016,April,1792,1606,2556,2100,2016-04-01,Beed,950
20,sorgum(jawar),2016,May,2576,1639,2629,2097,2016-05-01,Beed,990
21,sorgum(jawar),2016,June,2206,1688,2528,2109,2016-06-01,Beed,840
22,sorgum(jawar),2016,July,317,1688,2738,2026,2016-07-01,Beed,1050
23,sorgum(jawar),2016,August,2854,1610,2307,1941,2016-08-01,Beed,697
24,sorgum(jawar),2016,September,1596,1611,2329,1972,2016-09-01,Beed,718
25,sorgum(jawar),2016,October,1574,1607,2458,1961,2016-10-01,Beed,851
26,sorgum(jawar),2016,November,1568,1930,2820,2395,2016-11-01,Beed,890
