,Commodity,Year,Month,arrivals_in_qtl,min_price,max_price,modal_price,date,district_name,diff_price
0,castor seed,2014,September,1,3000,3000,3000,2014-09-01,Osmanabad,0
1,castor seed,2014,October,1,3350,3350,3350,2014-10-01,Osmanabad,0
2,castor seed,2014,November,1,3050,3050,3050,2014-11-01,Osmanabad,0
3,castor seed,2015,January,2,3245,3245,3245,2015-01-01,Osmanabad,0
4,castor seed,2015,February,2,3100,3200,3200,2015-02-01,Osmanabad,100
5,castor seed,2015,March,2,3125,3125,3125,2015-03-01,Osmanabad,0
6,castor seed,2015,April,18,3136,3156,3154,2015-04-01,Osmanabad,20
7,castor seed,2015,May,8,3292,3296,3292,2015-05-01,Osmanabad,4
8,castor seed,2015,June,14,3406,3412,3412,2015-06-01,Osmanabad,6
9,castor seed,2015,August,2,3426,3426,3426,2015-08-01,Osmanabad,0
10,castor seed,2015,September,3,3570,3570,3570,2015-09-01,Osmanabad,0
11,castor seed,2016,January,7,3133,3168,3168,2016-01-01,Osmanabad,35
12,castor seed,2016,April,4,2692,2727,2727,2016-04-01,Osmanabad,35
13,castor seed,2016,May,5,2770,2770,2770,2016-05-01,Osmanabad,0
14,castor seed,2016,June,5,2877,2877,2877,2016-06-01,Osmanabad,0
15,castor seed,2016,August,3,2813,2813,2813,2016-08-01,Osmanabad,0
16,castor seed,2016,October,1,2900,2900,2900,2016-10-01,Osmanabad,0
