,Commodity,Year,Month,arrivals_in_qtl,min_price,max_price,modal_price,date,district_name,diff_price
0,green gram,2014,September,881,5481,6583,6336,2014-09-01,Osmanabad,1102
1,green gram,2014,October,633,6956,7645,7432,2014-10-01,Osmanabad,689
2,green gram,2014,November,92,7493,8053,7937,2014-11-01,Osmanabad,560
3,green gram,2014,December,27,6754,7446,7189,2014-12-01,Osmanabad,692
4,green gram,2015,January,18,7552,7722,7659,2015-01-01,Osmanabad,170
5,green gram,2015,February,8,6832,6832,6832,2015-02-01,Osmanabad,0
6,green gram,2015,March,5,7012,7012,7012,2015-03-01,Osmanabad,0
7,green gram,2015,April,3,6183,6183,6183,2015-04-01,Osmanabad,0
8,green gram,2015,May,10,6789,6900,6900,2015-05-01,Osmanabad,111
9,green gram,2015,June,18,5776,5897,5872,2015-06-01,Osmanabad,121
10,green gram,2015,July,10,5525,5600,5600,2015-07-01,Osmanabad,75
11,green gram,2015,August,95,6733,7623,7478,2015-08-01,Osmanabad,890
12,green gram,2015,September,355,7138,8174,7861,2015-09-01,Osmanabad,1036
13,green gram,2015,October,260,7701,9096,8868,2015-10-01,Osmanabad,1395
14,green gram,2015,November,37,6936,7819,7673,2015-11-01,Osmanabad,883
15,green gram,2015,December,9,6636,7076,7056,2015-12-01,Osmanabad,440
16,green gram,2016,January,4,6625,6625,6625,2016-01-01,Osmanabad,0
17,green gram,2016,February,1,6100,6100,6100,2016-02-01,Osmanabad,0
18,green gram,2016,April,4,6863,6863,6863,2016-04-01,Osmanabad,0
19,green gram,2016,May,9,6319,6432,6432,2016-05-01,Osmanabad,113
20,green gram,2016,June,4,6425,6850,6850,2016-06-01,Osmanabad,425
21,green gram,2016,August,89,4518,4682,4599,2016-08-01,Osmanabad,164
22,green gram,2016,September,1473,4621,4978,4857,2016-09-01,Osmanabad,357
23,green gram,2016,October,836,4468,4988,4882,2016-10-01,Osmanabad,520
24,green gram,2016,November,108,4045,4742,4633,2016-11-01,Osmanabad,697
