,Commodity,Year,Month,arrivals_in_qtl,min_price,max_price,modal_price,date,district_name,diff_price
1,sesamum,2014,November,19,8512,8727,8653,2014-11-01,Osmanabad,215
2,sesamum,2014,December,12,8712,8737,8737,2014-12-01,Osmanabad,25
3,sesamum,2015,January,46,8146,8482,8321,2015-01-01,Osmanabad,336
4,sesamum,2015,February,8,7594,7619,7619,2015-02-01,Osmanabad,25
5,sesamum,2015,March,5,7460,7460,7460,2015-03-01,Osmanabad,0
6,sesamum,2015,April,1,7001,7001,7001,2015-04-01,Osmanabad,0
7,sesamum,2015,May,1,7501,7501,7501,2015-05-01,Osmanabad,0
8,sesamum,2015,June,5,7580,7830,7830,2015-06-01,Osmanabad,250
9,sesamum,2015,July,3,6550,6583,6583,2015-07-01,Osmanabad,33
10,sesamum,2015,August,1,7300,7300,7300,2015-08-01,Osmanabad,0
11,sesamum,2015,September,7,6563,6843,6843,2015-09-01,Osmanabad,280
12,sesamum,2015,October,6,7467,7667,7667,2015-10-01,Osmanabad,200
13,sesamum,2015,November,6,8027,8027,8027,2015-11-01,Osmanabad,0
14,sesamum,2015,December,6,7000,7450,7450,2015-12-01,Osmanabad,450
15,sesamum,2016,January,9,6278,6389,6389,2016-01-01,Osmanabad,111
16,sesamum,2016,April,1,5710,5710,5710,2016-04-01,Osmanabad,0
17,sesamum,2016,July,1,7000,7000,7000,2016-07-01,Osmanabad,0
18,sesamum,2016,August,3,5451,5451,5451,2016-08-01,Osmanabad,0
19,sesamum,2016,September,5,4940,5260,4980,2016-09-01,Osmanabad,320
20,sesamum,2016,October,25,4639,5628,5164,2016-10-01,Osmanabad,989
21,sesamum,2016,November,12,4659,5021,4966,2016-11-01,Osmanabad,362
