,Commodity,Year,Month,arrivals_in_qtl,min_price,max_price,modal_price,date,district_name,diff_price
0,wheat(husked),2014,September,189,1600,1600,1600,2014-09-01,Hingoli,0
1,wheat(husked),2014,October,260,1600,1600,1600,2014-10-01,Hingoli,0
2,wheat(husked),2014,November,135,1600,1600,1600,2014-11-01,Hingoli,0
3,wheat(husked),2014,December,90,1600,1600,1600,2014-12-01,Hingoli,0
4,wheat(husked),2015,January,55,1600,1600,1600,2015-01-01,Hingoli,0
6,wheat(husked),2015,March,582,1600,1600,1600,2015-03-01,Hingoli,0
7,wheat(husked),2015,April,335,1600,1600,1600,2015-04-01,Hingoli,0
8,wheat(husked),2015,May,350,1600,1600,1600,2015-05-01,Hingoli,0
9,wheat(husked),2015,June,78,1600,1600,1600,2015-06-01,Hingoli,0
10,wheat(husked),2015,July,370,1600,1600,1600,2015-07-01,Hingoli,0
11,wheat(husked),2015,August,461,1600,1600,1600,2015-08-01,Hingoli,0
12,wheat(husked),2015,September,360,1600,1600,1600,2015-09-01,Hingoli,0
13,wheat(husked),2015,October,160,1600,1600,1600,2015-10-01,Hingoli,0
14,wheat(husked),2015,November,384,1600,1600,1600,2015-11-01,Hingoli,0
15,wheat(husked),2015,December,320,1600,1600,1600,2015-12-01,Hingoli,0
19,wheat(husked),2016,October,210,1600,1600,1600,2016-10-01,Hingoli,0
20,wheat(husked),2016,November,55,1600,1600,1600,2016-11-01,Hingoli,0
