,Commodity,Year,Month,arrivals_in_qtl,min_price,max_price,modal_price,date,district_name,diff_price
0,wheat(husked),2014,September,1452,1738,2025,1822,2014-09-01,Osmanabad,287
1,wheat(husked),2014,October,292,1346,1589,1415,2014-10-01,Osmanabad,243
2,wheat(husked),2014,November,227,1339,1947,1502,2014-11-01,Osmanabad,608
3,wheat(husked),2014,December,277,1346,1827,1446,2014-12-01,Osmanabad,481
4,wheat(husked),2015,January,392,1385,1910,1559,2015-01-01,Osmanabad,525
5,wheat(husked),2015,February,369,1352,1962,1533,2015-02-01,Osmanabad,610
6,wheat(husked),2015,March,1485,2149,2987,2554,2015-03-01,Osmanabad,838
7,wheat(husked),2015,April,1462,2234,3186,2703,2015-04-01,Osmanabad,952
8,wheat(husked),2015,May,978,2191,3178,2695,2015-05-01,Osmanabad,987
9,wheat(husked),2015,June,643,1747,2597,2106,2015-06-01,Osmanabad,850
10,wheat(husked),2015,July,146,1679,2449,2039,2015-07-01,Osmanabad,770
11,wheat(husked),2015,August,186,1666,2446,2053,2015-08-01,Osmanabad,780
12,wheat(husked),2015,September,261,1953,2654,2234,2015-09-01,Osmanabad,701
13,wheat(husked),2015,October,217,1478,2260,1817,2015-10-01,Osmanabad,782
14,wheat(husked),2015,November,155,1564,2477,2032,2015-11-01,Osmanabad,913
15,wheat(husked),2015,December,237,1757,2475,2069,2015-12-01,Osmanabad,718
16,wheat(husked),2016,January,109,1605,2317,1860,2016-01-01,Osmanabad,712
17,wheat(husked),2016,February,164,2000,2660,2422,2016-02-01,Osmanabad,660
18,wheat(husked),2016,March,199,2684,3680,3238,2016-03-01,Osmanabad,996
20,wheat(husked),2016,May,170,2492,3615,3044,2016-05-01,Osmanabad,1123
21,wheat(husked),2016,June,78,2080,2574,2409,2016-06-01,Osmanabad,494
22,wheat(husked),2016,July,16,2142,2972,2379,2016-07-01,Osmanabad,830
23,wheat(husked),2016,August,58,1958,2524,2327,2016-08-01,Osmanabad,566
24,wheat(husked),2016,September,93,1795,2440,2142,2016-09-01,Osmanabad,645
25,wheat(husked),2016,October,110,2119,2744,2338,2016-10-01,Osmanabad,625
26,wheat(husked),2016,November,63,2106,2716,2467,2016-11-01,Osmanabad,610
