,Commodity,Year,Month,arrivals_in_qtl,min_price,max_price,modal_price,date,district_name,diff_price
0,soybean,2014,October,500,2960,3220,3080,2014-10-01,Yewatmal,260
1,soybean,2014,November,4706,3022,3307,3146,2014-11-01,Yewatmal,285
2,soybean,2014,December,1381,2995,3229,3098,2014-12-01,Yewatmal,234
3,soybean,2015,October,17655,3109,3441,3281,2015-10-01,Yewatmal,332
4,soybean,2015,November,3744,3355,3696,3500,2015-11-01,Yewatmal,341
5,soybean,2015,December,1795,3298,3634,3480,2015-12-01,Yewatmal,336
6,soybean,2016,January,1693,3346,3631,3492,2016-01-01,Yewatmal,285
7,soybean,2016,February,947,3325,3583,3445,2016-02-01,Yewatmal,258
8,soybean,2016,March,583,3350,3650,3486,2016-03-01,Yewatmal,300
9,soybean,2016,April,384,3618,3859,3729,2016-04-01,Yewatmal,241
10,soybean,2016,May,356,3463,3735,3591,2016-05-01,Yewatmal,272
11,soybean,2016,June,82,3440,3710,3580,2016-06-01,Yewatmal,270
12,soybean,2016,July,141,3140,3350,3240,2016-07-01,Yewatmal,210
13,soybean,2016,August,256,3100,3300,3200,2016-08-01,Yewatmal,200
14,soybean,2016,October,410,2775,2875,2800,2016-10-01,Yewatmal,100
15,soybean,2016,November,13135,2448,2866,2657,2016-11-01,Yewatmal,418
