,Commodity,Year,Month,arrivals_in_qtl,min_price,max_price,modal_price,date,district_name,diff_price
0,sorgum(jawar),2015,February,50,1500,1500,1500,2015-02-01,Hingoli,0
1,sorgum(jawar),2015,July,40,1500,1500,1500,2015-07-01,Hingoli,0
2,sorgum(jawar),2015,August,35,1520,1520,1520,2015-08-01,Hingoli,0
3,sorgum(jawar),2015,September,65,1575,1575,1575,2015-09-01,Hingoli,0
4,sorgum(jawar),2015,October,40,1600,1600,1600,2015-10-01,Hingoli,0
5,sorgum(jawar),2015,November,65,1600,1600,1600,2015-11-01,Hingoli,0
6,sorgum(jawar),2016,October,20,1650,1650,1650,2016-10-01,Hingoli,0
