,Commodity,Year,Month,arrivals_in_qtl,min_price,max_price,modal_price,date,district_name,diff_price
0,pigeon pea (tur),2015,December,296,7267,8069,7583,2015-12-01,Yewatmal,802
1,pigeon pea (tur),2016,January,2984,8268,8751,8496,2016-01-01,Yewatmal,483
2,pigeon pea (tur),2016,February,1088,7526,7895,7722,2016-02-01,Yewatmal,369
3,pigeon pea (tur),2016,March,1205,7495,7948,7752,2016-03-01,Yewatmal,453
4,pigeon pea (tur),2016,April,637,8547,8886,8727,2016-04-01,Yewatmal,339
5,pigeon pea (tur),2016,May,535,8255,8602,8432,2016-05-01,Yewatmal,347
6,pigeon pea (tur),2016,June,229,7733,8513,8333,2016-06-01,Yewatmal,780
7,pigeon pea (tur),2016,July,100,7160,8080,7620,2016-07-01,Yewatmal,920
8,pigeon pea (tur),2016,August,105,6590,7020,6810,2016-08-01,Yewatmal,430
