,Commodity,Year,Month,arrivals_in_qtl,min_price,max_price,modal_price,date,district_name,diff_price
0,tamarind,2015,March,21,4508,4672,4625,2015-03-01,Osmanabad,164
1,tamarind,2015,April,76,4071,4187,4137,2015-04-01,Osmanabad,116
2,tamarind,2015,May,29,3871,3966,3948,2015-05-01,Osmanabad,95
3,tamarind,2015,June,5,3656,3706,3706,2015-06-01,Osmanabad,50
4,tamarind,2015,July,1,3101,3101,3101,2015-07-01,Osmanabad,0
5,tamarind,2016,January,3,1391,1551,1551,2016-01-01,Osmanabad,160
6,tamarind,2016,February,7,7467,7674,7500,2016-02-01,Osmanabad,207
7,tamarind,2016,March,42,7160,7489,7386,2016-03-01,Osmanabad,329
8,tamarind,2016,April,31,6516,6717,6655,2016-04-01,Osmanabad,201
9,tamarind,2016,May,5,6455,6610,6610,2016-05-01,Osmanabad,155
