,Commodity,Year,Month,arrivals_in_qtl,min_price,max_price,modal_price,date,district_name,diff_price
0,gram,2014,September,707,2043,2704,2550,2014-09-01,Osmanabad,661
1,gram,2014,October,552,2150,2727,2580,2014-10-01,Osmanabad,577
2,gram,2014,November,467,2013,2832,2624,2014-11-01,Osmanabad,819
3,gram,2014,December,213,1895,2689,2456,2014-12-01,Osmanabad,794
4,gram,2015,January,149,2273,3028,2785,2015-01-01,Osmanabad,755
5,gram,2015,February,1016,2601,3570,3380,2015-02-01,Osmanabad,969
6,gram,2015,March,6551,3017,3461,3410,2015-03-01,Osmanabad,444
7,gram,2015,April,4465,3435,3906,3821,2015-04-01,Osmanabad,471
8,gram,2015,May,1706,4021,4513,4443,2015-05-01,Osmanabad,492
9,gram,2015,June,757,3964,4260,4183,2015-06-01,Osmanabad,296
10,gram,2015,July,245,3427,4214,4020,2015-07-01,Osmanabad,787
11,gram,2015,August,75,3538,4309,4096,2015-08-01,Osmanabad,771
12,gram,2015,September,68,4092,4613,4437,2015-09-01,Osmanabad,521
13,gram,2015,October,192,3816,5045,4774,2015-10-01,Osmanabad,1229
14,gram,2015,November,136,3700,4864,4578,2015-11-01,Osmanabad,1164
15,gram,2015,December,155,3414,4413,4010,2015-12-01,Osmanabad,999
16,gram,2016,January,3068,3775,4465,4340,2016-01-01,Osmanabad,690
17,gram,2016,February,4699,4169,4310,4277,2016-02-01,Osmanabad,141
18,gram,2016,March,3072,4208,4411,4370,2016-03-01,Osmanabad,203
19,gram,2016,April,1851,4939,5235,5169,2016-04-01,Osmanabad,296
20,gram,2016,May,708,5268,5710,5652,2016-05-01,Osmanabad,442
21,gram,2016,June,298,5443,6554,6392,2016-06-01,Osmanabad,1111
22,gram,2016,July,67,6550,7475,7250,2016-07-01,Osmanabad,925
23,gram,2016,August,110,5390,6369,6008,2016-08-01,Osmanabad,979
24,gram,2016,September,58,6019,7494,7125,2016-09-01,Osmanabad,1475
26,gram,2016,November,122,5609,7802,7150,2016-11-01,Osmanabad,2193
