,Commodity,Year,Month,arrivals_in_qtl,min_price,max_price,modal_price,date,district_name,diff_price
0,pigeon pea (tur),2015,February,225,4900,4900,4900,2015-02-01,Hingoli,0
1,pigeon pea (tur),2015,March,176,5000,5000,5000,2015-03-01,Hingoli,0
2,pigeon pea (tur),2015,April,451,5000,5000,5000,2015-04-01,Hingoli,0
3,pigeon pea (tur),2015,May,270,5357,5357,5357,2015-05-01,Hingoli,0
4,pigeon pea (tur),2015,June,10,6000,6000,6000,2015-06-01,Hingoli,0
5,pigeon pea (tur),2015,July,165,5700,5700,5700,2015-07-01,Hingoli,0
6,pigeon pea (tur),2015,August,32,6667,6667,6667,2015-08-01,Hingoli,0
7,pigeon pea (tur),2015,December,205,8000,8000,8000,2015-12-01,Hingoli,0
8,pigeon pea (tur),2016,January,1839,8444,8660,8552,2016-01-01,Hingoli,216
9,pigeon pea (tur),2016,February,1868,7773,8180,8077,2016-02-01,Hingoli,407
10,pigeon pea (tur),2016,March,193,7489,8087,7992,2016-03-01,Hingoli,598
11,pigeon pea (tur),2016,September,80,6000,6000,6000,2016-09-01,Hingoli,0
12,pigeon pea (tur),2016,October,70,6000,6500,6250,2016-10-01,Hingoli,500
