,Commodity,Year,Month,arrivals_in_qtl,min_price,max_price,modal_price,date,district_name,diff_price
0,maize,2014,September,26,1225,1295,1279,2014-09-01,Osmanabad,70
1,maize,2014,October,7,1159,1175,1175,2014-10-01,Osmanabad,16
2,maize,2014,November,232,1053,1154,1130,2014-11-01,Osmanabad,101
3,maize,2014,December,563,1039,1119,1100,2014-12-01,Osmanabad,80
4,maize,2015,January,336,1071,1141,1116,2015-01-01,Osmanabad,70
5,maize,2015,February,305,1095,1156,1138,2015-02-01,Osmanabad,61
6,maize,2015,March,84,1138,1172,1157,2015-03-01,Osmanabad,34
7,maize,2015,April,136,1188,1246,1223,2015-04-01,Osmanabad,58
8,maize,2015,May,95,1192,1241,1220,2015-05-01,Osmanabad,49
9,maize,2015,June,78,1233,1288,1278,2015-06-01,Osmanabad,55
10,maize,2015,July,17,1351,1363,1363,2015-07-01,Osmanabad,12
11,maize,2015,August,13,1505,1505,1505,2015-08-01,Osmanabad,0
12,maize,2015,September,12,1663,1774,1720,2015-09-01,Osmanabad,111
13,maize,2015,October,50,1324,1405,1376,2015-10-01,Osmanabad,81
14,maize,2015,November,322,1371,1466,1432,2015-11-01,Osmanabad,95
15,maize,2015,December,454,1354,1510,1442,2015-12-01,Osmanabad,156
16,maize,2016,January,217,1343,1443,1408,2016-01-01,Osmanabad,100
17,maize,2016,February,164,1400,1462,1440,2016-02-01,Osmanabad,62
18,maize,2016,March,58,1403,1430,1425,2016-03-01,Osmanabad,27
19,maize,2016,April,36,1403,1453,1435,2016-04-01,Osmanabad,50
20,maize,2016,May,54,1503,1524,1518,2016-05-01,Osmanabad,21
21,maize,2016,June,34,1696,1749,1746,2016-06-01,Osmanabad,53
22,maize,2016,July,14,1713,1969,1876,2016-07-01,Osmanabad,256
23,maize,2016,August,29,1685,1744,1703,2016-08-01,Osmanabad,59
24,maize,2016,September,30,1707,1793,1767,2016-09-01,Osmanabad,86
25,maize,2016,October,98,1477,1610,1553,2016-10-01,Osmanabad,133
26,maize,2016,November,399,1104,1236,1189,2016-11-01,Osmanabad,132
