,Commodity,Year,Month,arrivals_in_qtl,min_price,max_price,modal_price,date,district_name,diff_price
0,coriander (dry),2014,September,11,8420,8692,8674,2014-09-01,Osmanabad,272
1,coriander (dry),2014,October,11,9501,9844,9695,2014-10-01,Osmanabad,343
2,coriander (dry),2014,November,4,9688,32563,9838,2014-11-01,Osmanabad,22875
3,coriander (dry),2015,January,3,6767,6767,6767,2015-01-01,Osmanabad,0
4,coriander (dry),2015,February,8,8733,9567,8733,2015-02-01,Osmanabad,834
5,coriander (dry),2015,March,4,8005,8005,8005,2015-03-01,Osmanabad,0
6,coriander (dry),2015,June,1,9900,9900,9900,2015-06-01,Osmanabad,0
7,coriander (dry),2015,September,2,9065,9065,9065,2015-09-01,Osmanabad,0
8,coriander (dry),2015,October,4,9903,10303,9903,2015-10-01,Osmanabad,400
9,coriander (dry),2015,November,3,8200,8451,8451,2015-11-01,Osmanabad,251
10,coriander (dry),2015,December,2,9000,9000,9000,2015-12-01,Osmanabad,0
11,coriander (dry),2016,January,1,9001,9001,9001,2016-01-01,Osmanabad,0
12,coriander (dry),2016,April,2,8006,8006,8006,2016-04-01,Osmanabad,0
13,coriander (dry),2016,May,2,7650,7650,7650,2016-05-01,Osmanabad,0
14,coriander (dry),2016,August,1,6500,6500,6500,2016-08-01,Osmanabad,0
15,coriander (dry),2016,September,25,6490,7105,6865,2016-09-01,Osmanabad,615
16,coriander (dry),2016,October,10,6011,6311,6161,2016-10-01,Osmanabad,300
17,coriander (dry),2016,November,3,6100,6100,6100,2016-11-01,Osmanabad,0
