,Commodity,Year,Month,arrivals_in_qtl,min_price,max_price,modal_price,date,district_name,diff_price
0,soybean,2014,September,246,3041,3320,3265,2014-09-01,Osmanabad,279
1,soybean,2014,October,27264,2873,3149,3090,2014-10-01,Osmanabad,276
2,soybean,2014,November,29996,3192,3353,3323,2014-11-01,Osmanabad,161
3,soybean,2014,December,14107,3087,3300,3279,2014-12-01,Osmanabad,213
4,soybean,2015,January,7448,3197,3317,3280,2015-01-01,Osmanabad,120
5,soybean,2015,February,4676,3191,3317,3298,2015-02-01,Osmanabad,126
6,soybean,2015,March,2872,3128,3272,3251,2015-03-01,Osmanabad,144
7,soybean,2015,April,3222,3380,3660,3623,2015-04-01,Osmanabad,280
8,soybean,2015,May,2385,3777,3886,3857,2015-05-01,Osmanabad,109
9,soybean,2015,June,3158,3539,3617,3599,2015-06-01,Osmanabad,78
10,soybean,2015,July,955,3380,3510,3489,2015-07-01,Osmanabad,130
11,soybean,2015,August,548,3214,3311,3293,2015-08-01,Osmanabad,97
12,soybean,2015,September,1192,3225,3360,3342,2015-09-01,Osmanabad,135
13,soybean,2015,October,28113,3109,3774,3620,2015-10-01,Osmanabad,665
14,soybean,2015,November,11681,3415,3777,3711,2015-11-01,Osmanabad,362
15,soybean,2015,December,8485,3246,3706,3624,2015-12-01,Osmanabad,460
16,soybean,2016,January,4277,3386,3761,3707,2016-01-01,Osmanabad,375
17,soybean,2016,February,2774,3554,3769,3730,2016-02-01,Osmanabad,215
18,soybean,2016,March,1454,3447,3759,3717,2016-03-01,Osmanabad,312
19,soybean,2016,April,2512,3763,4025,3945,2016-04-01,Osmanabad,262
20,soybean,2016,May,1273,3628,3953,3896,2016-05-01,Osmanabad,325
21,soybean,2016,June,1976,3595,3879,3838,2016-06-01,Osmanabad,284
22,soybean,2016,July,381,3492,3738,3687,2016-07-01,Osmanabad,246
23,soybean,2016,August,1247,3342,3511,3487,2016-08-01,Osmanabad,169
24,soybean,2016,September,1323,2736,3421,3204,2016-09-01,Osmanabad,685
26,soybean,2016,November,27448,1784,2799,2648,2016-11-01,Osmanabad,1015
