,Commodity,Year,Month,arrivals_in_qtl,min_price,max_price,modal_price,date,district_name,diff_price
0,bajri,2014,September,46,1161,1265,1238,2014-09-01,Osmanabad,104
1,bajri,2014,October,60,1347,1374,1374,2014-10-01,Osmanabad,27
2,bajri,2014,November,247,1429,1721,1628,2014-11-01,Osmanabad,292
3,bajri,2014,December,113,1393,1591,1533,2014-12-01,Osmanabad,198
4,bajri,2015,January,94,1448,1558,1538,2015-01-01,Osmanabad,110
5,bajri,2015,February,27,1428,1471,1471,2015-02-01,Osmanabad,43
6,bajri,2015,March,23,1454,1489,1486,2015-03-01,Osmanabad,35
7,bajri,2015,April,37,1372,1527,1492,2015-04-01,Osmanabad,155
8,bajri,2015,May,49,1300,1406,1334,2015-05-01,Osmanabad,106
9,bajri,2015,June,51,1208,1280,1247,2015-06-01,Osmanabad,72
10,bajri,2015,July,12,1248,1262,1262,2015-07-01,Osmanabad,14
11,bajri,2015,August,8,1653,1653,1653,2015-08-01,Osmanabad,0
12,bajri,2015,September,29,1442,1494,1488,2015-09-01,Osmanabad,52
13,bajri,2015,October,88,1356,1469,1423,2015-10-01,Osmanabad,113
15,bajri,2015,December,212,1290,1548,1453,2015-12-01,Osmanabad,258
16,bajri,2016,January,85,1358,1466,1414,2016-01-01,Osmanabad,108
17,bajri,2016,February,95,1328,1419,1380,2016-02-01,Osmanabad,91
18,bajri,2016,March,49,1345,1503,1458,2016-03-01,Osmanabad,158
19,bajri,2016,April,57,1393,1492,1448,2016-04-01,Osmanabad,99
20,bajri,2016,May,52,1566,1619,1602,2016-05-01,Osmanabad,53
21,bajri,2016,June,44,1656,1773,1715,2016-06-01,Osmanabad,117
22,bajri,2016,July,7,1538,1675,1638,2016-07-01,Osmanabad,137
23,bajri,2016,August,57,1524,1622,1581,2016-08-01,Osmanabad,98
24,bajri,2016,September,143,1391,1539,1449,2016-09-01,Osmanabad,148
25,bajri,2016,October,323,1171,1397,1243,2016-10-01,Osmanabad,226
26,bajri,2016,November,225,1082,1298,1169,2016-11-01,Osmanabad,216
