,Commodity,Year,Month,arrivals_in_qtl,min_price,max_price,modal_price,date,district_name,diff_price
0,black gram,2014,September,161,4425,4895,4708,2014-09-01,Osmanabad,470
1,black gram,2014,October,782,4410,5038,4924,2014-10-01,Osmanabad,628
2,black gram,2014,November,145,5008,5572,5447,2014-11-01,Osmanabad,564
3,black gram,2014,December,50,4983,5413,5293,2014-12-01,Osmanabad,430
4,black gram,2015,January,26,5307,5507,5443,2015-01-01,Osmanabad,200
5,black gram,2015,February,15,5038,5139,5132,2015-02-01,Osmanabad,101
6,black gram,2015,March,6,5215,5215,5215,2015-03-01,Osmanabad,0
7,black gram,2015,April,5,4840,5120,5120,2015-04-01,Osmanabad,280
8,black gram,2015,May,10,6686,7122,6922,2015-05-01,Osmanabad,436
9,black gram,2015,June,20,6918,7204,7154,2015-06-01,Osmanabad,286
10,black gram,2015,July,1,6400,6400,6400,2015-07-01,Osmanabad,0
11,black gram,2015,August,13,6340,7520,7458,2015-08-01,Osmanabad,1180
12,black gram,2015,September,207,8126,8982,8733,2015-09-01,Osmanabad,856
14,black gram,2015,November,38,7578,9035,8763,2015-11-01,Osmanabad,1457
15,black gram,2015,December,19,6932,7284,7284,2015-12-01,Osmanabad,352
16,black gram,2016,January,6,8242,8242,8242,2016-01-01,Osmanabad,0
17,black gram,2016,March,2,6300,6700,6700,2016-03-01,Osmanabad,400
18,black gram,2016,May,2,7451,7451,7451,2016-05-01,Osmanabad,0
19,black gram,2016,June,5,8960,9020,8960,2016-06-01,Osmanabad,60
20,black gram,2016,August,22,6198,6383,6311,2016-08-01,Osmanabad,185
21,black gram,2016,September,1876,6053,7018,6843,2016-09-01,Osmanabad,965
22,black gram,2016,October,1199,4522,7398,6887,2016-10-01,Osmanabad,2876
23,black gram,2016,November,249,3720,6878,6152,2016-11-01,Osmanabad,3158
