,Commodity,Year,Month,arrivals_in_qtl,min_price,max_price,modal_price,date,district_name,diff_price
0,mustard,2015,February,1,3500,3500,3500,2015-02-01,Osmanabad,0
1,mustard,2015,March,11,3424,3428,3428,2015-03-01,Osmanabad,4
2,mustard,2015,April,10,3466,3473,3473,2015-04-01,Osmanabad,7
3,mustard,2015,May,5,3751,3751,3751,2015-05-01,Osmanabad,0
4,mustard,2015,June,4,3750,3750,3750,2015-06-01,Osmanabad,0
5,mustard,2015,July,1,3741,3741,3741,2015-07-01,Osmanabad,0
6,mustard,2015,September,2,3600,3600,3600,2015-09-01,Osmanabad,0
