,Commodity,Year,Month,arrivals_in_qtl,min_price,max_price,modal_price,date,district_name,diff_price
0,jaggery,2014,September,4,2250,2300,2300,2014-09-01,Osmanabad,50
1,jaggery,2014,October,2,2400,2550,2550,2014-10-01,Osmanabad,150
2,jaggery,2014,December,1,2300,2300,2300,2014-12-01,Osmanabad,0
3,jaggery,2015,January,24,2200,2225,2225,2015-01-01,Osmanabad,25
4,jaggery,2015,February,89,2061,2087,2087,2015-02-01,Osmanabad,26
5,jaggery,2015,March,81,1882,1903,1900,2015-03-01,Osmanabad,21
6,jaggery,2015,April,32,1852,1892,1886,2015-04-01,Osmanabad,40
7,jaggery,2015,May,23,2060,2140,2110,2015-05-01,Osmanabad,80
8,jaggery,2015,June,14,2301,2301,2301,2015-06-01,Osmanabad,0
9,jaggery,2015,July,2,2000,2000,2000,2015-07-01,Osmanabad,0
10,jaggery,2015,August,1,1800,2228,2000,2015-08-01,Osmanabad,428
11,jaggery,2015,September,1,2051,2051,2051,2015-09-01,Osmanabad,0
12,jaggery,2015,October,1,2061,2061,2061,2015-10-01,Osmanabad,0
13,jaggery,2015,December,2,2521,2521,2521,2015-12-01,Osmanabad,0
14,jaggery,2016,January,57,2424,2431,2431,2016-01-01,Osmanabad,7
15,jaggery,2016,February,31,2343,2343,2343,2016-02-01,Osmanabad,0
16,jaggery,2016,March,1,2350,2350,2350,2016-03-01,Osmanabad,0
17,jaggery,2016,April,3,2530,2530,2530,2016-04-01,Osmanabad,0
18,jaggery,2016,May,3,2958,2958,2958,2016-05-01,Osmanabad,0
