,Commodity,Year,Month,arrivals_in_qtl,min_price,max_price,modal_price,date,district_name,diff_price
0,soybean,2014,September,100,4000,4000,4000,2014-09-01,Hingoli,0
1,soybean,2014,October,1145,2910,2920,2920,2014-10-01,Hingoli,10
2,soybean,2014,November,4572,3007,3029,3014,2014-11-01,Hingoli,22
3,soybean,2014,December,1300,3000,3000,3000,2014-12-01,Hingoli,0
4,soybean,2015,January,60,3000,3000,3000,2015-01-01,Hingoli,0
5,soybean,2015,February,1606,3017,3017,3017,2015-02-01,Hingoli,0
6,soybean,2015,March,2888,3000,3000,3000,2015-03-01,Hingoli,0
7,soybean,2015,April,546,3000,3000,3000,2015-04-01,Hingoli,0
8,soybean,2015,May,611,3385,3385,3385,2015-05-01,Hingoli,0
9,soybean,2015,July,332,3289,3289,3289,2015-07-01,Hingoli,0
10,soybean,2015,August,323,3257,3286,3286,2015-08-01,Hingoli,29
11,soybean,2015,September,153,3150,3150,3150,2015-09-01,Hingoli,0
12,soybean,2015,October,12983,3410,3410,3410,2015-10-01,Hingoli,0
13,soybean,2015,November,5383,3500,3500,3500,2015-11-01,Hingoli,0
14,soybean,2015,December,2185,3500,3505,3500,2015-12-01,Hingoli,5
15,soybean,2016,January,1797,3556,3681,3636,2016-01-01,Hingoli,125
16,soybean,2016,February,744,3638,3716,3695,2016-02-01,Hingoli,78
17,soybean,2016,March,156,3583,3703,3679,2016-03-01,Hingoli,120
18,soybean,2016,October,5800,2665,2831,2776,2016-10-01,Hingoli,166
19,soybean,2016,November,3596,2442,2792,2646,2016-11-01,Hingoli,350
