,Commodity,Year,Month,arrivals_in_qtl,min_price,max_price,modal_price,date,district_name,diff_price
0,sorgum(jawar),2014,September,4844,1423,1850,1637,2014-09-01,Osmanabad,427
1,sorgum(jawar),2014,October,971,1322,1685,1461,2014-10-01,Osmanabad,363
2,sorgum(jawar),2014,November,2242,1423,2148,1742,2014-11-01,Osmanabad,725
3,sorgum(jawar),2014,December,2944,1343,1805,1598,2014-12-01,Osmanabad,462
4,sorgum(jawar),2015,January,1807,1438,1956,1675,2015-01-01,Osmanabad,518
5,sorgum(jawar),2015,February,2083,1569,2016,1822,2015-02-01,Osmanabad,447
6,sorgum(jawar),2015,March,1998,1591,2091,1908,2015-03-01,Osmanabad,500
7,sorgum(jawar),2015,April,3804,1609,2131,1918,2015-04-01,Osmanabad,522
8,sorgum(jawar),2015,May,2421,1629,2124,1925,2015-05-01,Osmanabad,495
9,sorgum(jawar),2015,June,1945,1868,2206,2080,2015-06-01,Osmanabad,338
10,sorgum(jawar),2015,July,466,1896,2243,2136,2015-07-01,Osmanabad,347
11,sorgum(jawar),2015,August,513,1945,2251,2138,2015-08-01,Osmanabad,306
12,sorgum(jawar),2015,September,850,2075,2350,2254,2015-09-01,Osmanabad,275
13,sorgum(jawar),2015,October,874,1745,2027,1914,2015-10-01,Osmanabad,282
14,sorgum(jawar),2015,November,6156,1565,1987,1828,2015-11-01,Osmanabad,422
15,sorgum(jawar),2015,December,5019,1553,1924,1780,2015-12-01,Osmanabad,371
16,sorgum(jawar),2016,January,2377,1558,1830,1710,2016-01-01,Osmanabad,272
17,sorgum(jawar),2016,February,2853,1595,1805,1717,2016-02-01,Osmanabad,210
18,sorgum(jawar),2016,March,3039,1530,1825,1709,2016-03-01,Osmanabad,295
19,sorgum(jawar),2016,April,2642,1486,1758,1649,2016-04-01,Osmanabad,272
20,sorgum(jawar),2016,May,2135,1501,1815,1690,2016-05-01,Osmanabad,314
21,sorgum(jawar),2016,June,1973,1607,1901,1777,2016-06-01,Osmanabad,294
22,sorgum(jawar),2016,July,370,1619,1959,1821,2016-07-01,Osmanabad,340
23,sorgum(jawar),2016,August,1433,1500,1690,1621,2016-08-01,Osmanabad,190
24,sorgum(jawar),2016,September,1417,1582,1751,1675,2016-09-01,Osmanabad,169
25,sorgum(jawar),2016,October,1242,1534,1708,1621,2016-10-01,Osmanabad,174
26,sorgum(jawar),2016,November,1692,1599,1967,1847,2016-11-01,Osmanabad,368
