,Commodity,Year,Month,arrivals_in_qtl,min_price,max_price,modal_price,date,district_name,diff_price
0,safflower,2014,September,14,2380,2422,2415,2014-09-01,Osmanabad,42
1,safflower,2014,October,15,2323,2347,2347,2014-10-01,Osmanabad,24
2,safflower,2014,November,20,2335,2398,2397,2014-11-01,Osmanabad,63
3,safflower,2014,December,19,2335,2343,2343,2014-12-01,Osmanabad,8
4,safflower,2015,January,12,2758,2831,2815,2015-01-01,Osmanabad,73
5,safflower,2015,February,14,2448,2510,2510,2015-02-01,Osmanabad,62
6,safflower,2015,March,54,2586,2693,2667,2015-03-01,Osmanabad,107
7,safflower,2015,April,52,2568,2620,2613,2015-04-01,Osmanabad,52
8,safflower,2015,May,27,2547,2575,2573,2015-05-01,Osmanabad,28
9,safflower,2015,June,9,2405,2419,2414,2015-06-01,Osmanabad,14
10,safflower,2015,July,2,2406,2406,2406,2015-07-01,Osmanabad,0
11,safflower,2015,August,5,2344,2344,2344,2015-08-01,Osmanabad,0
12,safflower,2015,September,9,2479,2479,2479,2015-09-01,Osmanabad,0
13,safflower,2015,October,9,2331,2331,2331,2015-10-01,Osmanabad,0
14,safflower,2015,November,11,2302,2330,2330,2015-11-01,Osmanabad,28
15,safflower,2015,December,8,2397,2417,2417,2015-12-01,Osmanabad,20
16,safflower,2016,January,17,2464,2517,2513,2016-01-01,Osmanabad,53
17,safflower,2016,February,82,2556,2624,2618,2016-02-01,Osmanabad,68
18,safflower,2016,March,82,2495,2540,2526,2016-03-01,Osmanabad,45
19,safflower,2016,April,75,2536,2644,2605,2016-04-01,Osmanabad,108
20,safflower,2016,May,49,2568,2709,2627,2016-05-01,Osmanabad,141
21,safflower,2016,June,28,2589,2611,2606,2016-06-01,Osmanabad,22
22,safflower,2016,July,2,2606,2606,2606,2016-07-01,Osmanabad,0
23,safflower,2016,August,7,2477,2488,2488,2016-08-01,Osmanabad,11
24,safflower,2016,September,14,2489,2529,2489,2016-09-01,Osmanabad,40
25,safflower,2016,October,18,2491,2516,2506,2016-10-01,Osmanabad,25
26,safflower,2016,November,10,2431,2449,2449,2016-11-01,Osmanabad,18
