,Commodity,Year,Month,arrivals_in_qtl,min_price,max_price,modal_price,date,district_name,diff_price
0,ground nut pods (dry),2014,October,1,3300,3300,3300,2014-10-01,Osmanabad,0
1,ground nut pods (dry),2014,November,2,3600,3600,3600,2014-11-01,Osmanabad,0
2,ground nut pods (dry),2014,December,4,4325,4325,4325,2014-12-01,Osmanabad,0
3,ground nut pods (dry),2015,May,2,3851,3851,3851,2015-05-01,Osmanabad,0
4,ground nut pods (dry),2015,July,1,4200,4200,4200,2015-07-01,Osmanabad,0
5,ground nut pods (dry),2015,August,1,4700,4700,4700,2015-08-01,Osmanabad,0
6,ground nut pods (dry),2015,November,1,5031,5031,5031,2015-11-01,Osmanabad,0
7,ground nut pods (dry),2016,January,1,4300,4300,4300,2016-01-01,Osmanabad,0
10,ground nut pods (dry),2016,October,1,3900,3900,3900,2016-10-01,Osmanabad,0
