,Commodity,Year,Month,arrivals_in_qtl,min_price,max_price,modal_price,date,district_name,diff_price
0,sunflower,2014,September,8,2772,2813,2806,2014-09-01,Osmanabad,41
1,sunflower,2014,October,27,2603,2719,2674,2014-10-01,Osmanabad,116
2,sunflower,2014,November,117,2606,2940,2895,2014-11-01,Osmanabad,334
3,sunflower,2014,December,56,2849,2988,2967,2014-12-01,Osmanabad,139
4,sunflower,2015,January,340,2949,2986,2986,2015-01-01,Osmanabad,37
5,sunflower,2015,February,21,2980,3019,3012,2015-02-01,Osmanabad,39
6,sunflower,2015,March,26,2968,2997,2988,2015-03-01,Osmanabad,29
7,sunflower,2015,April,41,2933,3057,3046,2015-04-01,Osmanabad,124
8,sunflower,2015,May,23,2718,3044,3041,2015-05-01,Osmanabad,326
9,sunflower,2015,June,12,3077,3106,3092,2015-06-01,Osmanabad,29
10,sunflower,2015,July,8,3005,3055,3055,2015-07-01,Osmanabad,50
11,sunflower,2015,August,3,2890,2890,2890,2015-08-01,Osmanabad,0
12,sunflower,2015,September,2,3011,3151,3151,2015-09-01,Osmanabad,140
13,sunflower,2015,October,14,3034,3121,3116,2015-10-01,Osmanabad,87
14,sunflower,2015,November,31,3227,3336,3305,2015-11-01,Osmanabad,109
15,sunflower,2015,December,623,3273,3466,3397,2015-12-01,Osmanabad,193
16,sunflower,2016,January,57,3385,3454,3435,2016-01-01,Osmanabad,69
17,sunflower,2016,February,42,3458,3519,3508,2016-02-01,Osmanabad,61
18,sunflower,2016,March,16,3271,3309,3309,2016-03-01,Osmanabad,38
19,sunflower,2016,April,12,3134,3309,3309,2016-04-01,Osmanabad,175
20,sunflower,2016,May,10,3138,3234,3230,2016-05-01,Osmanabad,96
21,sunflower,2016,June,38,3060,3227,3204,2016-06-01,Osmanabad,167
22,sunflower,2016,July,3,2950,2950,2950,2016-07-01,Osmanabad,0
23,sunflower,2016,August,5,2764,2764,2764,2016-08-01,Osmanabad,0
24,sunflower,2016,October,48,2688,2833,2802,2016-10-01,Osmanabad,145
25,sunflower,2016,November,24,2703,2811,2765,2016-11-01,Osmanabad,108
