,Commodity,Year,Month,arrivals_in_qtl,min_price,max_price,modal_price,date,district_name,diff_price
0,pigeon pea (tur),2014,September,108,3203,4084,3736,2014-09-01,Osmanabad,881
1,pigeon pea (tur),2014,October,89,3252,4024,3932,2014-10-01,Osmanabad,772
2,pigeon pea (tur),2014,November,19,3709,3867,3809,2014-11-01,Osmanabad,158
3,pigeon pea (tur),2014,December,77,4156,4414,4332,2014-12-01,Osmanabad,258
4,pigeon pea (tur),2015,January,1974,4768,5825,5224,2015-01-01,Osmanabad,1057
5,pigeon pea (tur),2015,February,2203,4885,5786,5478,2015-02-01,Osmanabad,901
6,pigeon pea (tur),2015,March,767,4943,5935,5610,2015-03-01,Osmanabad,992
7,pigeon pea (tur),2015,April,505,5534,6371,6120,2015-04-01,Osmanabad,837
8,pigeon pea (tur),2015,May,219,5721,6648,6413,2015-05-01,Osmanabad,927
9,pigeon pea (tur),2015,June,115,5642,6586,6356,2015-06-01,Osmanabad,944
10,pigeon pea (tur),2015,July,51,6129,6457,6399,2015-07-01,Osmanabad,328
11,pigeon pea (tur),2015,August,34,7954,12197,8477,2015-08-01,Osmanabad,4243
12,pigeon pea (tur),2015,September,34,8384,8693,8620,2015-09-01,Osmanabad,309
13,pigeon pea (tur),2015,October,18,9815,10068,10056,2015-10-01,Osmanabad,253
14,pigeon pea (tur),2015,November,8,8307,8686,8615,2015-11-01,Osmanabad,379
15,pigeon pea (tur),2015,December,1239,7832,9060,8566,2015-12-01,Osmanabad,1228
16,pigeon pea (tur),2016,January,1767,7478,9036,8386,2016-01-01,Osmanabad,1558
17,pigeon pea (tur),2016,February,769,6720,7946,7507,2016-02-01,Osmanabad,1226
18,pigeon pea (tur),2016,March,403,6215,7424,7095,2016-03-01,Osmanabad,1209
19,pigeon pea (tur),2016,April,458,6760,8269,7823,2016-04-01,Osmanabad,1509
20,pigeon pea (tur),2016,May,281,7476,8001,7807,2016-05-01,Osmanabad,525
21,pigeon pea (tur),2016,June,155,7612,8106,7975,2016-06-01,Osmanabad,494
22,pigeon pea (tur),2016,July,16,7505,7760,7725,2016-07-01,Osmanabad,255
23,pigeon pea (tur),2016,August,133,5445,5949,5791,2016-08-01,Osmanabad,504
24,pigeon pea (tur),2016,September,35,5623,6037,6008,2016-09-01,Osmanabad,414
25,pigeon pea (tur),2016,October,16,5510,5728,5647,2016-10-01,Osmanabad,218
26,pigeon pea (tur),2016,November,5,4601,4750,4750,2016-11-01,Osmanabad,149
