,Commodity,Year,Month,arrivals_in_qtl,min_price,max_price,modal_price,date,district_name,diff_price
0,gram,2014,October,40,3100,3100,3100,2014-10-01,Hingoli,0
1,gram,2014,November,47,3200,3200,3200,2014-11-01,Hingoli,0
2,gram,2015,January,80,3600,3750,3725,2015-01-01,Hingoli,150
3,gram,2015,March,368,3100,3100,3100,2015-03-01,Hingoli,0
4,gram,2015,April,697,3100,3100,3100,2015-04-01,Hingoli,0
5,gram,2015,May,557,3600,3650,3650,2015-05-01,Hingoli,50
6,gram,2015,June,152,4000,4000,4000,2015-06-01,Hingoli,0
7,gram,2015,July,50,3900,3900,3900,2015-07-01,Hingoli,0
8,gram,2015,August,35,4000,4000,4000,2015-08-01,Hingoli,0
9,gram,2016,January,146,4055,4342,4278,2016-01-01,Hingoli,287
10,gram,2016,February,5508,4067,4209,4170,2016-02-01,Hingoli,142
11,gram,2016,March,496,4164,4275,4257,2016-03-01,Hingoli,111
