,Commodity,Year,Month,arrivals_in_qtl,min_price,max_price,modal_price,date,district_name,diff_price
0,brinjal,2014,September,60,1672,1846,1803,2014-09-01,Nagpur,174
1,brinjal,2014,October,64,871,1096,1019,2014-10-01,Nagpur,225
2,brinjal,2014,November,72,630,784,747,2014-11-01,Nagpur,154
3,brinjal,2014,December,86,625,776,750,2014-12-01,Nagpur,151
4,brinjal,2015,January,85,675,848,815,2015-01-01,Nagpur,173
5,brinjal,2015,February,94,515,658,630,2015-02-01,Nagpur,143
6,brinjal,2015,March,79,720,869,839,2015-03-01,Nagpur,149
7,brinjal,2015,April,103,981,1146,1109,2015-04-01,Nagpur,165
8,brinjal,2015,May,115,903,1048,1019,2015-05-01,Nagpur,145
9,brinjal,2015,June,93,759,912,876,2015-06-01,Nagpur,153
10,brinjal,2015,July,120,746,904,876,2015-07-01,Nagpur,158
11,brinjal,2015,August,102,1488,1712,1658,2015-08-01,Nagpur,224
12,brinjal,2015,September,110,1082,1353,1265,2015-09-01,Nagpur,271
13,brinjal,2015,October,126,1130,1408,1362,2015-10-01,Nagpur,278
14,brinjal,2015,November,123,517,684,643,2015-11-01,Nagpur,167
15,brinjal,2015,December,96,1057,1293,1233,2015-12-01,Nagpur,236
16,brinjal,2016,January,131,475,689,632,2016-01-01,Nagpur,214
17,brinjal,2016,February,120,332,529,483,2016-02-01,Nagpur,197
18,brinjal,2016,March,135,979,1208,1153,2016-03-01,Nagpur,229
19,brinjal,2016,April,102,661,919,845,2016-04-01,Nagpur,258
20,brinjal,2016,May,87,577,788,740,2016-05-01,Nagpur,211
21,brinjal,2016,June,83,1168,1419,1351,2016-06-01,Nagpur,251
22,brinjal,2016,July,159,1685,1947,1883,2016-07-01,Nagpur,262
24,brinjal,2016,September,86,1346,1654,1567,2016-09-01,Nagpur,308
25,brinjal,2016,October,108,1804,2120,2014,2016-10-01,Nagpur,316
26,brinjal,2016,November,171,341,515,478,2016-11-01,Nagpur,174
