,Commodity,Year,Month,arrivals_in_qtl,min_price,max_price,modal_price,date,district_name,diff_price
0,spinach,2014,September,49,1320,1475,1443,2014-09-01,Nagpur,155
1,spinach,2014,October,48,1087,1274,1215,2014-10-01,Nagpur,187
2,spinach,2014,November,67,642,800,771,2014-11-01,Nagpur,158
3,spinach,2014,December,92,372,500,482,2014-12-01,Nagpur,128
4,spinach,2015,January,95,369,526,501,2015-01-01,Nagpur,157
5,spinach,2015,February,105,251,396,380,2015-02-01,Nagpur,145
6,spinach,2015,March,75,397,550,520,2015-03-01,Nagpur,153
7,spinach,2015,April,71,890,1040,1011,2015-04-01,Nagpur,150
8,spinach,2015,May,82,858,1015,987,2015-05-01,Nagpur,157
9,spinach,2015,June,65,1181,1363,1320,2015-06-01,Nagpur,182
10,spinach,2015,July,80,1141,1308,1277,2015-07-01,Nagpur,167
11,spinach,2015,August,97,986,1204,1155,2015-08-01,Nagpur,218
12,spinach,2015,September,88,1777,2092,1983,2015-09-01,Nagpur,315
13,spinach,2015,October,99,1118,1323,1280,2015-10-01,Nagpur,205
14,spinach,2015,November,114,500,679,644,2015-11-01,Nagpur,179
15,spinach,2015,December,91,670,900,847,2015-12-01,Nagpur,230
16,spinach,2016,January,107,468,674,633,2016-01-01,Nagpur,206
17,spinach,2016,February,106,240,391,357,2016-02-01,Nagpur,151
18,spinach,2016,March,119,600,804,747,2016-03-01,Nagpur,204
19,spinach,2016,April,67,534,738,681,2016-04-01,Nagpur,204
20,spinach,2016,May,63,622,827,782,2016-05-01,Nagpur,205
21,spinach,2016,June,58,1426,1696,1628,2016-06-01,Nagpur,270
22,spinach,2016,July,57,1742,2050,1954,2016-07-01,Nagpur,308
23,spinach,2016,August,66,1769,2008,1926,2016-08-01,Nagpur,239
24,spinach,2016,September,78,947,1204,1125,2016-09-01,Nagpur,257
25,spinach,2016,October,97,1768,2050,1957,2016-10-01,Nagpur,282
26,spinach,2016,November,130,473,696,636,2016-11-01,Nagpur,223
