,Commodity,Year,Month,arrivals_in_qtl,min_price,max_price,modal_price,date,district_name,diff_price
0,tomato,2014,September,42,2096,2284,2244,2014-09-01,Nagpur,188
1,tomato,2014,October,51,904,1107,1039,2014-10-01,Nagpur,203
2,tomato,2014,November,71,614,777,742,2014-11-01,Nagpur,163
3,tomato,2014,December,90,591,746,716,2014-12-01,Nagpur,155
4,tomato,2015,January,88,575,744,705,2015-01-01,Nagpur,169
5,tomato,2015,February,103,589,746,718,2015-02-01,Nagpur,157
6,tomato,2015,March,80,574,723,692,2015-03-01,Nagpur,149
7,tomato,2015,April,93,657,812,873,2015-04-01,Nagpur,155
8,tomato,2015,May,84,1182,1344,1312,2015-05-01,Nagpur,162
9,tomato,2015,June,87,1626,1808,1771,2015-06-01,Nagpur,182
10,tomato,2015,July,90,1930,2123,2082,2015-07-01,Nagpur,193
11,tomato,2015,August,78,1318,1536,1485,2015-08-01,Nagpur,218
12,tomato,2015,September,105,980,1252,1162,2015-09-01,Nagpur,272
13,tomato,2015,October,89,1545,1807,1748,2015-10-01,Nagpur,262
14,tomato,2015,November,85,2054,2320,2250,2015-11-01,Nagpur,266
15,tomato,2015,December,113,971,1193,1138,2015-12-01,Nagpur,222
16,tomato,2016,January,109,953,1178,1128,2016-01-01,Nagpur,225
17,tomato,2016,February,97,303,474,439,2016-02-01,Nagpur,171
18,tomato,2016,March,117,245,412,382,2016-03-01,Nagpur,167
19,tomato,2016,April,84,769,1120,944,2016-04-01,Nagpur,351
20,tomato,2016,May,95,1545,1831,1750,2016-05-01,Nagpur,286
22,tomato,2016,July,98,2360,2644,2572,2016-07-01,Nagpur,284
23,tomato,2016,August,98,1063,1288,1221,2016-08-01,Nagpur,225
24,tomato,2016,September,123,947,1215,1145,2016-09-01,Nagpur,268
25,tomato,2016,October,147,701,973,892,2016-10-01,Nagpur,272
26,tomato,2016,November,161,709,964,886,2016-11-01,Nagpur,255
