,Commodity,Year,Month,arrivals_in_qtl,min_price,max_price,modal_price,date,district_name,diff_price
0,soybean,2014,October,490,2784,3310,3136,2014-10-01,Nagpur,526
1,soybean,2014,November,3525,2902,3362,3256,2014-11-01,Nagpur,460
2,soybean,2014,December,1788,2942,3252,3181,2014-12-01,Nagpur,310
3,soybean,2015,January,1170,2961,3221,3145,2015-01-01,Nagpur,260
4,soybean,2015,February,887,2953,3156,3085,2015-02-01,Nagpur,203
5,soybean,2015,March,550,2992,3159,3083,2015-03-01,Nagpur,167
6,soybean,2015,April,704,3004,3583,3499,2015-04-01,Nagpur,579
7,soybean,2015,May,380,3334,3981,3880,2015-05-01,Nagpur,647
8,soybean,2015,June,350,3265,3600,3541,2015-06-01,Nagpur,335
9,soybean,2015,July,69,3212,3326,3297,2015-07-01,Nagpur,114
10,soybean,2015,August,32,2883,2883,2883,2015-08-01,Nagpur,0
11,soybean,2015,October,2997,3207,3723,3592,2015-10-01,Nagpur,516
12,soybean,2015,November,2336,3097,3689,3579,2015-11-01,Nagpur,592
13,soybean,2015,December,916,3003,3450,3348,2015-12-01,Nagpur,447
14,soybean,2016,January,712,3084,3562,3473,2016-01-01,Nagpur,478
15,soybean,2016,February,247,3302,3452,3408,2016-02-01,Nagpur,150
16,soybean,2016,March,326,3205,3521,3416,2016-03-01,Nagpur,316
17,soybean,2016,April,263,3347,3767,3629,2016-04-01,Nagpur,420
18,soybean,2016,May,326,3255,3554,3475,2016-05-01,Nagpur,299
19,soybean,2016,June,160,3515,3730,3656,2016-06-01,Nagpur,215
20,soybean,2016,July,13,3140,3215,3208,2016-07-01,Nagpur,75
21,soybean,2016,October,1896,2795,2884,2841,2016-10-01,Nagpur,89
22,soybean,2016,November,1380,2610,2879,2768,2016-11-01,Nagpur,269
