,Commodity,Year,Month,arrivals_in_qtl,min_price,max_price,modal_price,date,district_name,diff_price
0,gram,2014,September,40,2406,2406,2406,2014-09-01,Nagpur,0
1,gram,2015,January,11,2800,2800,2800,2015-01-01,Nagpur,0
2,gram,2015,February,314,3188,3398,3349,2015-02-01,Nagpur,210
3,gram,2015,March,2396,3175,3316,3101,2015-03-01,Nagpur,141
4,gram,2015,April,2707,3451,3936,3837,2015-04-01,Nagpur,485
5,gram,2015,May,1557,4028,4511,4420,2015-05-01,Nagpur,483
6,gram,2015,June,618,3978,4357,4257,2015-06-01,Nagpur,379
7,gram,2015,July,42,3910,4161,4054,2015-07-01,Nagpur,251
8,gram,2016,January,57,3942,4036,4009,2016-01-01,Nagpur,94
9,gram,2016,February,1172,3930,4329,4106,2016-02-01,Nagpur,399
10,gram,2016,March,3231,3766,4257,4093,2016-03-01,Nagpur,491
11,gram,2016,April,1814,4481,5218,5030,2016-04-01,Nagpur,737
12,gram,2016,May,1257,4913,5688,5480,2016-05-01,Nagpur,775
13,gram,2016,June,356,5706,6431,6274,2016-06-01,Nagpur,725
14,gram,2016,July,12,7305,7305,7305,2016-07-01,Nagpur,0
15,gram,2016,August,1,6500,6500,6500,2016-08-01,Nagpur,0
