,Commodity,Year,Month,arrivals_in_qtl,min_price,max_price,modal_price,date,district_name,diff_price
0,cluster bean,2015,June,42,1807,1983,1949,2015-06-01,Nagpur,176
1,cluster bean,2015,July,57,1690,1874,1838,2015-07-01,Nagpur,184
2,cluster bean,2015,August,66,1505,1723,1668,2015-08-01,Nagpur,218
3,cluster bean,2015,September,72,899,1141,1044,2015-09-01,Nagpur,242
4,cluster bean,2015,October,58,1873,2131,2058,2015-10-01,Nagpur,258
5,cluster bean,2015,November,54,1782,2046,1980,2015-11-01,Nagpur,264
6,cluster bean,2015,December,17,2034,2300,2226,2015-12-01,Nagpur,266
7,cluster bean,2016,June,13,2844,3143,3059,2016-06-01,Nagpur,299
8,cluster bean,2016,July,49,2700,3008,2923,2016-07-01,Nagpur,308
9,cluster bean,2016,August,53,1934,2196,2111,2016-08-01,Nagpur,262
10,cluster bean,2016,September,66,1024,1269,1206,2016-09-01,Nagpur,245
11,cluster bean,2016,October,78,2362,2673,2580,2016-10-01,Nagpur,311
12,cluster bean,2016,November,93,1283,1584,1473,2016-11-01,Nagpur,301
