,Commodity,Year,Month,arrivals_in_qtl,min_price,max_price,modal_price,date,district_name,diff_price
0,ladies finger,2014,September,57,857,1000,970,2014-09-01,Nagpur,143
1,ladies finger,2014,October,51,808,974,928,2014-10-01,Nagpur,166
2,ladies finger,2014,November,34,1995,2173,2130,2014-11-01,Nagpur,178
3,ladies finger,2014,December,33,2512,2723,2680,2014-12-01,Nagpur,211
5,ladies finger,2015,May,67,869,1019,992,2015-05-01,Nagpur,150
6,ladies finger,2015,June,47,1633,1804,1768,2015-06-01,Nagpur,171
7,ladies finger,2015,July,65,1564,1744,1709,2015-07-01,Nagpur,180
8,ladies finger,2015,August,64,1230,1415,1374,2015-08-01,Nagpur,185
9,ladies finger,2015,September,73,905,1108,1038,2015-09-01,Nagpur,203
10,ladies finger,2015,October,56,1488,1708,1662,2015-10-01,Nagpur,220
11,ladies finger,2015,November,65,1366,1560,1508,2015-11-01,Nagpur,194
12,ladies finger,2015,December,41,1992,2240,2173,2015-12-01,Nagpur,248
13,ladies finger,2016,January,52,2440,2719,2642,2016-01-01,Nagpur,279
14,ladies finger,2016,February,46,2412,2683,2602,2016-02-01,Nagpur,271
15,ladies finger,2016,March,41,2384,2652,2580,2016-03-01,Nagpur,268
16,ladies finger,2016,April,35,1756,2044,1967,2016-04-01,Nagpur,288
17,ladies finger,2016,May,35,1508,1788,1700,2016-05-01,Nagpur,280
18,ladies finger,2016,June,40,2505,2792,2713,2016-06-01,Nagpur,287
19,ladies finger,2016,July,44,2490,2830,2709,2016-07-01,Nagpur,340
20,ladies finger,2016,August,65,1172,1419,1348,2016-08-01,Nagpur,247
21,ladies finger,2016,September,79,772,1008,942,2016-09-01,Nagpur,236
22,ladies finger,2016,October,97,1608,1900,1801,2016-10-01,Nagpur,292
23,ladies finger,2016,November,122,1008,1277,1201,2016-11-01,Nagpur,269
