,Commodity,Year,Month,arrivals_in_qtl,min_price,max_price,modal_price,date,district_name,diff_price
0,flower,2014,September,50,1669,1842,1797,2014-09-01,Nagpur,173
1,flower,2014,October,86,385,522,485,2014-10-01,Nagpur,137
2,flower,2014,November,123,834,1054,1023,2014-11-01,Nagpur,220
3,flower,2014,December,110,1235,1435,1394,2014-12-01,Nagpur,200
4,flower,2015,January,108,1263,1444,1412,2015-01-01,Nagpur,181
5,flower,2015,February,121,653,813,787,2015-02-01,Nagpur,160
6,flower,2015,March,161,439,592,569,2015-03-01,Nagpur,153
7,flower,2015,April,250,571,719,698,2015-04-01,Nagpur,148
8,flower,2015,May,180,1013,1169,1146,2015-05-01,Nagpur,156
9,flower,2015,June,97,1533,1708,1671,2015-06-01,Nagpur,175
10,flower,2015,July,87,1931,2119,2083,2015-07-01,Nagpur,188
11,flower,2015,August,92,1872,2108,2053,2015-08-01,Nagpur,236
12,flower,2015,September,162,1153,1410,1321,2015-09-01,Nagpur,257
13,flower,2015,October,218,691,885,853,2015-10-01,Nagpur,194
14,flower,2015,November,261,534,729,687,2015-11-01,Nagpur,195
15,flower,2015,December,158,605,835,782,2015-12-01,Nagpur,230
16,flower,2016,January,183,596,804,756,2016-01-01,Nagpur,208
17,flower,2016,February,190,239,371,343,2016-02-01,Nagpur,132
18,flower,2016,March,248,594,792,747,2016-03-01,Nagpur,198
19,flower,2016,April,130,834,1056,1003,2016-04-01,Nagpur,222
20,flower,2016,May,94,762,996,939,2016-05-01,Nagpur,234
21,flower,2016,June,44,1266,1533,1463,2016-06-01,Nagpur,267
22,flower,2016,August,7,1085,1350,1278,2016-08-01,Nagpur,265
23,flower,2016,September,156,1026,1300,1218,2016-09-01,Nagpur,274
24,flower,2016,October,283,961,1235,1163,2016-10-01,Nagpur,274
25,flower,2016,November,494,342,535,492,2016-11-01,Nagpur,193
