,Commodity,Year,Month,arrivals_in_qtl,min_price,max_price,modal_price,date,district_name,diff_price
0,bottle gourd,2015,September,54,575,777,695,2015-09-01,Nagpur,202
1,bottle gourd,2015,October,57,869,1070,1027,2015-10-01,Nagpur,201
2,bottle gourd,2015,November,76,498,688,649,2015-11-01,Nagpur,190
3,bottle gourd,2015,December,70,515,707,677,2015-12-01,Nagpur,192
4,bottle gourd,2016,January,76,451,628,592,2016-01-01,Nagpur,177
5,bottle gourd,2016,February,75,391,588,544,2016-02-01,Nagpur,197
6,bottle gourd,2016,March,65,632,852,795,2016-03-01,Nagpur,220
7,bottle gourd,2016,April,64,603,850,791,2016-04-01,Nagpur,247
8,bottle gourd,2016,May,51,914,1142,1094,2016-05-01,Nagpur,228
9,bottle gourd,2016,June,51,1472,1754,1678,2016-06-01,Nagpur,282
10,bottle gourd,2016,July,56,1159,1424,1355,2016-07-01,Nagpur,265
11,bottle gourd,2016,August,67,635,831,780,2016-08-01,Nagpur,196
12,bottle gourd,2016,September,91,443,662,602,2016-09-01,Nagpur,219
13,bottle gourd,2016,October,97,937,1188,1116,2016-10-01,Nagpur,251
14,bottle gourd,2016,November,122,464,669,619,2016-11-01,Nagpur,205
