,Commodity,Year,Month,arrivals_in_qtl,min_price,max_price,modal_price,date,district_name,diff_price
0,raddish,2014,September,18,629,775,743,2014-09-01,Nagpur,146
1,raddish,2015,January,39,357,500,485,2015-01-01,Nagpur,143
2,raddish,2015,February,86,316,461,443,2015-02-01,Nagpur,145
3,raddish,2015,March,63,440,585,560,2015-03-01,Nagpur,145
4,raddish,2015,April,46,490,628,603,2015-04-01,Nagpur,138
5,raddish,2015,May,37,1201,1359,1326,2015-05-01,Nagpur,158
6,raddish,2015,September,3,865,1000,975,2015-09-01,Nagpur,135
7,raddish,2015,November,54,513,695,660,2015-11-01,Nagpur,182
8,raddish,2015,December,58,614,812,770,2015-12-01,Nagpur,198
9,raddish,2016,January,64,525,719,676,2016-01-01,Nagpur,194
10,raddish,2016,February,65,345,555,501,2016-02-01,Nagpur,210
11,raddish,2016,March,61,544,735,684,2016-03-01,Nagpur,191
12,raddish,2016,April,54,747,976,917,2016-04-01,Nagpur,229
13,raddish,2016,May,46,1219,1461,1392,2016-05-01,Nagpur,242
15,raddish,2016,August,50,1054,1313,1231,2016-08-01,Nagpur,259
16,raddish,2016,September,12,1007,1250,1173,2016-09-01,Nagpur,243
17,raddish,2016,October,95,909,1185,1107,2016-10-01,Nagpur,276
18,raddish,2016,November,108,659,892,840,2016-11-01,Nagpur,233
