,Commodity,Year,Month,arrivals_in_qtl,min_price,max_price,modal_price,date,district_name,diff_price
0,walvad,2014,September,1,3995,4200,4165,2014-09-01,Nagpur,205
1,walvad,2014,October,29,3834,4092,4026,2014-10-01,Nagpur,258
2,walvad,2014,November,46,3298,3519,3473,2014-11-01,Nagpur,221
3,walvad,2014,December,51,2138,2338,2295,2014-12-01,Nagpur,200
4,walvad,2015,January,42,2801,3023,2973,2015-01-01,Nagpur,222
5,walvad,2015,February,68,1688,1867,1831,2015-02-01,Nagpur,179
6,walvad,2015,March,44,1716,1912,1865,2015-03-01,Nagpur,196
7,walvad,2015,April,27,2270,2453,2416,2015-04-01,Nagpur,183
8,walvad,2015,September,43,2836,3104,3022,2015-09-01,Nagpur,268
9,walvad,2015,October,44,4170,4492,4399,2015-10-01,Nagpur,322
10,walvad,2015,November,55,2498,2732,2668,2015-11-01,Nagpur,234
11,walvad,2015,December,47,1726,1969,1909,2015-12-01,Nagpur,243
12,walvad,2016,January,68,1679,1937,1879,2016-01-01,Nagpur,258
13,walvad,2016,February,68,1038,1236,1187,2016-02-01,Nagpur,198
14,walvad,2016,March,65,1889,2184,2087,2016-03-01,Nagpur,295
15,walvad,2016,April,5,2655,2933,2832,2016-04-01,Nagpur,278
