,Commodity,Year,Month,arrivals_in_qtl,min_price,max_price,modal_price,date,district_name,diff_price
0,pigeon pea (tur),2014,September,18,4361,4361,4361,2014-09-01,Nagpur,0
1,pigeon pea (tur),2015,January,957,4682,4926,4855,2015-01-01,Nagpur,244
2,pigeon pea (tur),2015,February,5003,4963,5399,5303,2015-02-01,Nagpur,436
3,pigeon pea (tur),2015,March,4353,5232,5682,5608,2015-03-01,Nagpur,450
4,pigeon pea (tur),2015,April,2922,5683,6260,6173,2015-04-01,Nagpur,577
5,pigeon pea (tur),2015,May,1330,6255,7059,6930,2015-05-01,Nagpur,804
6,pigeon pea (tur),2015,June,362,6654,7094,7025,2015-06-01,Nagpur,440
7,pigeon pea (tur),2015,July,29,6540,6569,6561,2015-07-01,Nagpur,29
8,pigeon pea (tur),2015,December,254,6889,7299,7214,2015-12-01,Nagpur,410
9,pigeon pea (tur),2016,January,3193,7367,8224,7979,2016-01-01,Nagpur,857
10,pigeon pea (tur),2016,February,3501,6929,7471,7329,2016-02-01,Nagpur,542
11,pigeon pea (tur),2016,March,5637,6802,7656,7469,2016-03-01,Nagpur,854
12,pigeon pea (tur),2016,April,4449,7374,8653,8456,2016-04-01,Nagpur,1279
13,pigeon pea (tur),2016,May,3336,7332,8431,8235,2016-05-01,Nagpur,1099
14,pigeon pea (tur),2016,June,1368,7536,8476,8300,2016-06-01,Nagpur,940
15,pigeon pea (tur),2016,July,237,7445,8104,7905,2016-07-01,Nagpur,659
16,pigeon pea (tur),2016,August,42,6710,7038,6930,2016-08-01,Nagpur,328
