,Commodity,Year,Month,arrivals_in_qtl,min_price,max_price,modal_price,date,district_name,diff_price
0,cucumber,2014,September,29,862,1018,983,2014-09-01,Nagpur,156
1,cucumber,2014,October,25,1355,1526,1470,2014-10-01,Nagpur,171
3,cucumber,2015,April,45,644,796,767,2015-04-01,Nagpur,152
4,cucumber,2015,May,37,954,1100,1071,2015-05-01,Nagpur,146
5,cucumber,2015,August,37,580,718,696,2015-08-01,Nagpur,138
6,cucumber,2015,September,20,756,1013,895,2015-09-01,Nagpur,257
7,cucumber,2015,October,37,1280,1495,1440,2015-10-01,Nagpur,215
8,cucumber,2015,November,18,1330,1558,1502,2015-11-01,Nagpur,228
9,cucumber,2016,July,9,729,1040,961,2016-07-01,Nagpur,311
10,cucumber,2016,August,72,514,742,688,2016-08-01,Nagpur,228
11,cucumber,2016,September,86,527,760,693,2016-09-01,Nagpur,233
12,cucumber,2016,October,93,1219,1484,1398,2016-10-01,Nagpur,265
13,cucumber,2016,November,90,1077,1380,1291,2016-11-01,Nagpur,303
