,Commodity,Year,Month,arrivals_in_qtl,min_price,max_price,modal_price,date,district_name,diff_price
0,green chilli,2014,September,37,3417,3658,3599,2014-09-01,Nagpur,241
1,green chilli,2014,October,39,3019,3278,3200,2014-10-01,Nagpur,259
2,green chilli,2014,November,44,2454,2658,2611,2014-11-01,Nagpur,204
3,green chilli,2014,December,54,1534,1727,1687,2014-12-01,Nagpur,193
4,green chilli,2015,January,46,2204,2419,2377,2015-01-01,Nagpur,215
5,green chilli,2015,February,50,2952,3167,3117,2015-02-01,Nagpur,215
6,green chilli,2015,March,33,2795,3000,2951,2015-03-01,Nagpur,205
7,green chilli,2015,April,37,2879,3069,3029,2015-04-01,Nagpur,190
8,green chilli,2015,May,44,3196,3370,3327,2015-05-01,Nagpur,174
9,green chilli,2015,June,44,2908,3128,3073,2015-06-01,Nagpur,220
10,green chilli,2015,July,69,2227,2441,2394,2015-07-01,Nagpur,214
11,green chilli,2015,August,63,2974,3242,3181,2015-08-01,Nagpur,268
12,green chilli,2015,September,65,2434,2791,2635,2015-09-01,Nagpur,357
13,green chilli,2015,October,72,2084,2359,2276,2015-10-01,Nagpur,275
14,green chilli,2015,November,86,1391,1632,1567,2015-11-01,Nagpur,241
15,green chilli,2015,December,67,1612,1852,1796,2015-12-01,Nagpur,240
16,green chilli,2016,January,86,2506,2796,2718,2016-01-01,Nagpur,290
17,green chilli,2016,February,69,3047,3329,3253,2016-02-01,Nagpur,282
18,green chilli,2016,March,50,3791,4121,4010,2016-03-01,Nagpur,330
19,green chilli,2016,April,39,4272,4581,4473,2016-04-01,Nagpur,309
21,green chilli,2016,June,53,3723,5469,3957,2016-06-01,Nagpur,1746
23,green chilli,2016,August,55,4036,4396,4281,2016-08-01,Nagpur,360
24,green chilli,2016,September,72,1568,1862,1772,2016-09-01,Nagpur,294
25,green chilli,2016,October,96,1749,2031,1955,2016-10-01,Nagpur,282
26,green chilli,2016,November,114,1205,1500,1402,2016-11-01,Nagpur,295
