,Commodity,Year,Month,arrivals_in_qtl,min_price,max_price,modal_price,date,district_name,diff_price
0,cotton,2014,November,26162,3873,3975,3929,2014-11-01,Nagpur,102
1,cotton,2014,December,81641,3900,4023,3980,2014-12-01,Nagpur,123
2,cotton,2015,January,110418,3825,3921,3877,2015-01-01,Nagpur,96
3,cotton,2015,February,90714,3754,3888,3840,2015-02-01,Nagpur,134
4,cotton,2015,March,58308,3751,3979,3915,2015-03-01,Nagpur,228
5,cotton,2015,April,41400,3792,4346,4267,2015-04-01,Nagpur,554
6,cotton,2015,May,12039,3809,4508,4451,2015-05-01,Nagpur,699
7,cotton,2015,October,4434,4239,4299,4276,2015-10-01,Nagpur,60
8,cotton,2015,November,61505,3938,4104,4055,2015-11-01,Nagpur,166
9,cotton,2015,December,89474,3965,4326,4238,2015-12-01,Nagpur,361
10,cotton,2016,January,56567,4273,4624,4538,2016-01-01,Nagpur,351
11,cotton,2016,February,60608,4284,4491,4442,2016-02-01,Nagpur,207
12,cotton,2016,March,50637,4316,4493,4439,2016-03-01,Nagpur,177
13,cotton,2016,April,64069,4221,4817,4720,2016-04-01,Nagpur,596
14,cotton,2016,May,31865,4072,6335,4836,2016-05-01,Nagpur,2263
15,cotton,2016,June,209,4575,5088,4945,2016-06-01,Nagpur,513
16,cotton,2016,October,4126,4672,4953,4879,2016-10-01,Nagpur,281
17,cotton,2016,November,35484,4738,4923,4868,2016-11-01,Nagpur,185
