,Commodity,Year,Month,arrivals_in_qtl,min_price,max_price,modal_price,date,district_name,diff_price
0,methi (bhaji),2014,November,71,1507,1676,1644,2014-11-01,Nagpur,169
1,methi (bhaji),2014,December,83,859,1316,998,2014-12-01,Nagpur,457
2,methi (bhaji),2015,January,107,384,533,509,2015-01-01,Nagpur,149
3,methi (bhaji),2015,February,114,313,465,442,2015-02-01,Nagpur,152
4,methi (bhaji),2015,March,70,988,1160,1125,2015-03-01,Nagpur,172
5,methi (bhaji),2015,April,40,1776,1954,1914,2015-04-01,Nagpur,178
6,methi (bhaji),2015,October,10,1608,1825,1766,2015-10-01,Nagpur,217
7,methi (bhaji),2015,November,101,893,1108,1066,2015-11-01,Nagpur,215
8,methi (bhaji),2015,December,60,1859,2088,2037,2015-12-01,Nagpur,229
9,methi (bhaji),2016,January,77,1220,1440,1384,2016-01-01,Nagpur,220
10,methi (bhaji),2016,February,103,394,583,540,2016-02-01,Nagpur,189
11,methi (bhaji),2016,March,84,1251,1524,1427,2016-03-01,Nagpur,273
12,methi (bhaji),2016,April,32,2200,2467,2394,2016-04-01,Nagpur,267
13,methi (bhaji),2016,May,2,1495,1800,1675,2016-05-01,Nagpur,305
14,methi (bhaji),2016,August,2,875,1200,1085,2016-08-01,Nagpur,325
15,methi (bhaji),2016,November,116,1568,1828,1750,2016-11-01,Nagpur,260
