,Commodity,Year,Month,arrivals_in_qtl,min_price,max_price,modal_price,date,district_name,diff_price
0,pumpkin,2014,September,33,756,900,875,2014-09-01,Nagpur,144
1,pumpkin,2015,June,76,885,1044,1009,2015-06-01,Nagpur,159
2,pumpkin,2015,July,91,722,875,850,2015-07-01,Nagpur,153
3,pumpkin,2015,August,108,762,950,910,2015-08-01,Nagpur,188
4,pumpkin,2015,September,65,1007,1279,1164,2015-09-01,Nagpur,272
5,pumpkin,2016,August,86,924,1162,1098,2016-08-01,Nagpur,238
6,pumpkin,2016,September,109,614,852,796,2016-09-01,Nagpur,238
