,Commodity,Year,Month,arrivals_in_qtl,min_price,max_price,modal_price,date,district_name,diff_price
0,coriander  ,2014,September,40,3216,3412,3364,2014-09-01,Nagpur,196
1,coriander  ,2014,October,42,3101,3326,3250,2014-10-01,Nagpur,225
2,coriander  ,2014,November,44,2696,2923,2871,2014-11-01,Nagpur,227
3,coriander  ,2014,December,50,1260,1450,1408,2014-12-01,Nagpur,190
4,coriander  ,2015,January,81,884,1048,1019,2015-01-01,Nagpur,164
5,coriander  ,2015,February,97,405,557,533,2015-02-01,Nagpur,152
6,coriander  ,2015,March,73,920,1081,1050,2015-03-01,Nagpur,161
7,coriander  ,2015,April,59,1529,1654,1623,2015-04-01,Nagpur,125
8,coriander  ,2015,May,64,2456,2619,2596,2015-05-01,Nagpur,163
9,coriander  ,2015,June,55,3838,4076,4009,2015-06-01,Nagpur,238
10,coriander  ,2015,July,68,3326,3541,3492,2015-07-01,Nagpur,215
11,coriander  ,2015,August,64,4226,4515,4436,2015-08-01,Nagpur,289
12,coriander  ,2015,September,54,5485,6238,5928,2015-09-01,Nagpur,753
13,coriander  ,2015,October,62,4871,5331,5135,2015-10-01,Nagpur,460
14,coriander  ,2015,November,86,1993,2276,2210,2015-11-01,Nagpur,283
15,coriander  ,2015,December,75,1606,1852,1781,2015-12-01,Nagpur,246
16,coriander  ,2016,January,77,1659,1926,1862,2016-01-01,Nagpur,267
17,coriander  ,2016,February,89,696,913,860,2016-02-01,Nagpur,217
18,coriander  ,2016,March,82,1607,1873,1797,2016-03-01,Nagpur,266
19,coriander  ,2016,April,54,2516,2816,2730,2016-04-01,Nagpur,300
20,coriander  ,2016,May,39,2610,2872,2797,2016-05-01,Nagpur,262
21,coriander  ,2016,June,49,5834,6423,6227,2016-06-01,Nagpur,589
22,coriander  ,2016,July,51,5668,6122,5966,2016-07-01,Nagpur,454
23,coriander  ,2016,August,55,2551,2858,2748,2016-08-01,Nagpur,307
24,coriander  ,2016,September,61,2127,2442,2333,2016-09-01,Nagpur,315
25,coriander  ,2016,October,65,5064,5438,5321,2016-10-01,Nagpur,374
