,Commodity,Year,Month,arrivals_in_qtl,min_price,max_price,modal_price,date,district_name,diff_price
0,chavli (shenga ),2014,September,56,900,1050,1020,2014-09-01,Nagpur,150
1,chavli (shenga ),2014,October,44,1192,1385,1334,2014-10-01,Nagpur,193
2,chavli (shenga ),2014,November,51,2088,2268,2232,2014-11-01,Nagpur,180
3,chavli (shenga ),2014,December,35,2261,2573,2416,2014-12-01,Nagpur,312
4,chavli (shenga ),2015,January,30,2813,3031,2986,2015-01-01,Nagpur,218
5,chavli (shenga ),2015,February,43,2641,2842,2791,2015-02-01,Nagpur,201
6,chavli (shenga ),2015,March,39,1956,2150,2107,2015-03-01,Nagpur,194
7,chavli (shenga ),2015,May,60,944,1100,1072,2015-05-01,Nagpur,156
8,chavli (shenga ),2015,June,49,1273,1440,1407,2015-06-01,Nagpur,167
9,chavli (shenga ),2015,July,80,952,1111,1080,2015-07-01,Nagpur,159
10,chavli (shenga ),2015,August,82,979,1165,1123,2015-08-01,Nagpur,186
11,chavli (shenga ),2015,September,77,1163,1428,1327,2015-09-01,Nagpur,265
12,chavli (shenga ),2015,October,63,2028,2280,2217,2015-10-01,Nagpur,252
13,chavli (shenga ),2015,November,80,989,1192,1135,2015-11-01,Nagpur,203
14,chavli (shenga ),2015,December,63,1237,1452,1388,2015-12-01,Nagpur,215
15,chavli (shenga ),2016,January,70,1418,1673,1610,2016-01-01,Nagpur,255
16,chavli (shenga ),2016,February,68,1221,1488,1409,2016-02-01,Nagpur,267
17,chavli (shenga ),2016,March,61,2153,2446,2361,2016-03-01,Nagpur,293
18,chavli (shenga ),2016,April,48,2078,2360,2279,2016-04-01,Nagpur,282
19,chavli (shenga ),2016,May,52,1207,1469,1400,2016-05-01,Nagpur,262
20,chavli (shenga ),2016,June,56,2550,2869,2775,2016-06-01,Nagpur,319
21,chavli (shenga ),2016,July,59,2140,2448,2338,2016-07-01,Nagpur,308
22,chavli (shenga ),2016,August,70,1139,1364,1296,2016-08-01,Nagpur,225
23,chavli (shenga ),2016,September,83,877,1150,1069,2016-09-01,Nagpur,273
24,chavli (shenga ),2016,October,87,1915,2232,2133,2016-10-01,Nagpur,317
25,chavli (shenga ),2016,November,136,537,776,711,2016-11-01,Nagpur,239
