,Commodity,Year,Month,arrivals_in_qtl,min_price,max_price,modal_price,date,district_name,diff_price
0,wheat(husked),2014,September,10,1450,1450,1450,2014-09-01,Nagpur,0
1,wheat(husked),2015,February,10,1450,1450,1450,2015-02-01,Nagpur,0
2,wheat(husked),2015,April,214,1450,1643,1554,2015-04-01,Nagpur,193
3,wheat(husked),2015,May,602,1453,1494,1479,2015-05-01,Nagpur,41
4,wheat(husked),2015,June,146,1450,1468,1459,2015-06-01,Nagpur,18
5,wheat(husked),2015,July,66,1433,1450,1442,2015-07-01,Nagpur,17
6,wheat(husked),2015,August,20,1400,1400,1400,2015-08-01,Nagpur,0
7,wheat(husked),2016,April,251,1458,1645,1562,2016-04-01,Nagpur,187
8,wheat(husked),2016,May,159,1457,1580,1522,2016-05-01,Nagpur,123
9,wheat(husked),2016,June,142,1571,1636,1612,2016-06-01,Nagpur,65
10,wheat(husked),2016,July,11,1600,1600,1600,2016-07-01,Nagpur,0
11,wheat(husked),2016,October,23,1563,1658,1615,2016-10-01,Nagpur,95
12,wheat(husked),2016,November,12,1245,1403,1325,2016-11-01,Nagpur,158
