,Commodity,Year,Month,arrivals_in_qtl,min_price,max_price,modal_price,date,district_name,diff_price
0,gram,2014,October,10,1867,2317,2033,2014-10-01,Nasik,450
1,gram,2014,November,53,1925,2370,2300,2014-11-01,Nasik,445
2,gram,2014,December,59,2622,2645,2631,2014-12-01,Nasik,23
3,gram,2015,January,1,2500,2500,2500,2015-01-01,Nasik,0
4,gram,2015,February,9,2233,2567,2333,2015-02-01,Nasik,334
5,gram,2015,March,1,3251,3251,3251,2015-03-01,Nasik,0
6,gram,2015,April,61,3407,3622,3536,2015-04-01,Nasik,215
7,gram,2015,May,60,4004,4169,4116,2015-05-01,Nasik,165
8,gram,2015,June,23,3840,4120,3960,2015-06-01,Nasik,280
9,gram,2015,July,23,3133,3585,3369,2015-07-01,Nasik,452
10,gram,2015,August,9,3950,3950,3950,2015-08-01,Nasik,0
11,gram,2015,September,8,4401,4701,4401,2015-09-01,Nasik,300
12,gram,2015,October,11,3620,4054,3620,2015-10-01,Nasik,434
13,gram,2015,November,10,4056,4081,4056,2015-11-01,Nasik,25
14,gram,2016,January,8,3750,3750,3750,2016-01-01,Nasik,0
15,gram,2016,March,45,3788,4138,4091,2016-03-01,Nasik,350
16,gram,2016,April,53,3900,4991,4320,2016-04-01,Nasik,1091
17,gram,2016,May,109,5096,5519,5261,2016-05-01,Nasik,423
