,Commodity,Year,Month,arrivals_in_qtl,min_price,max_price,modal_price,date,district_name,diff_price
0,ground nut pods (dry),2014,October,51,3200,3545,3457,2014-10-01,Nasik,345
1,ground nut pods (dry),2014,November,81,3778,4564,4200,2014-11-01,Nasik,786
2,ground nut pods (dry),2014,December,159,3373,5384,4738,2014-12-01,Nasik,2011
3,ground nut pods (dry),2015,January,22,4150,5370,4800,2015-01-01,Nasik,1220
4,ground nut pods (dry),2015,February,3,5051,5051,5051,2015-02-01,Nasik,0
5,ground nut pods (dry),2015,March,5,4551,4551,4551,2015-03-01,Nasik,0
6,ground nut pods (dry),2015,May,49,3388,3894,3575,2015-05-01,Nasik,506
7,ground nut pods (dry),2015,June,72,3350,4082,3913,2015-06-01,Nasik,732
8,ground nut pods (dry),2015,July,74,3554,4445,3770,2015-07-01,Nasik,891
9,ground nut pods (dry),2015,August,22,4270,4470,4390,2015-08-01,Nasik,200
10,ground nut pods (dry),2015,September,17,5350,5725,5575,2015-09-01,Nasik,375
11,ground nut pods (dry),2015,October,221,3635,7844,4718,2015-10-01,Nasik,4209
12,ground nut pods (dry),2015,November,78,3978,4922,4656,2015-11-01,Nasik,944
13,ground nut pods (dry),2015,December,60,4157,4825,4611,2015-12-01,Nasik,668
14,ground nut pods (dry),2016,January,50,4357,4765,4700,2016-01-01,Nasik,408
15,ground nut pods (dry),2016,February,61,3980,4500,4400,2016-02-01,Nasik,520
16,ground nut pods (dry),2016,March,8,3100,3700,3500,2016-03-01,Nasik,600
17,ground nut pods (dry),2016,May,6,4526,4526,4526,2016-05-01,Nasik,0
18,ground nut pods (dry),2016,June,71,3858,4192,4147,2016-06-01,Nasik,334
19,ground nut pods (dry),2016,July,24,4475,4688,4650,2016-07-01,Nasik,213
20,ground nut pods (dry),2016,September,12,3867,4350,4033,2016-09-01,Nasik,483
21,ground nut pods (dry),2016,October,55,3184,3575,3484,2016-10-01,Nasik,391
22,ground nut pods (dry),2016,November,87,3884,4654,4342,2016-11-01,Nasik,770
