,Commodity,Year,Month,arrivals_in_qtl,min_price,max_price,modal_price,date,district_name,diff_price
0,pigeon pea (tur),2014,December,6,3050,3100,3100,2014-12-01,Nasik,50
1,pigeon pea (tur),2015,November,30,9250,9450,9300,2015-11-01,Nasik,200
2,pigeon pea (tur),2015,December,90,7592,8214,7986,2015-12-01,Nasik,622
3,pigeon pea (tur),2016,January,211,6696,7431,7289,2016-01-01,Nasik,735
4,pigeon pea (tur),2016,February,66,6411,6639,6567,2016-02-01,Nasik,228
5,pigeon pea (tur),2016,April,26,7084,7284,7284,2016-04-01,Nasik,200
6,pigeon pea (tur),2016,May,14,4667,6333,5833,2016-05-01,Nasik,1666
7,pigeon pea (tur),2016,June,10,5150,5150,5150,2016-06-01,Nasik,0
8,pigeon pea (tur),2016,November,2,4800,4800,4800,2016-11-01,Nasik,0
