,Commodity,Year,Month,arrivals_in_qtl,min_price,max_price,modal_price,date,district_name,diff_price
0,wheat(husked),2014,October,239,1459,1539,1490,2014-10-01,Nasik,80
1,wheat(husked),2014,November,680,1437,1684,1547,2014-11-01,Nasik,247
2,wheat(husked),2014,December,409,1443,1602,1516,2014-12-01,Nasik,159
3,wheat(husked),2015,January,390,1555,1666,1578,2015-01-01,Nasik,111
4,wheat(husked),2015,February,231,1471,2455,1505,2015-02-01,Nasik,984
5,wheat(husked),2015,March,1960,1401,1698,1487,2015-03-01,Nasik,297
6,wheat(husked),2015,April,10500,1324,1939,1612,2015-04-01,Nasik,615
7,wheat(husked),2015,May,11790,1330,1663,1465,2015-05-01,Nasik,333
8,wheat(husked),2015,June,1220,1360,1520,1406,2015-06-01,Nasik,160
9,wheat(husked),2015,July,802,1470,1614,1516,2015-07-01,Nasik,144
10,wheat(husked),2015,August,496,1508,1611,1549,2015-08-01,Nasik,103
11,wheat(husked),2015,September,230,1522,1591,1547,2015-09-01,Nasik,69
12,wheat(husked),2015,October,1210,1546,1771,1628,2015-10-01,Nasik,225
13,wheat(husked),2015,November,280,1505,1633,1567,2015-11-01,Nasik,128
14,wheat(husked),2015,December,490,1529,1644,1570,2015-12-01,Nasik,115
15,wheat(husked),2016,January,329,1495,1665,1590,2016-01-01,Nasik,170
16,wheat(husked),2016,February,277,1506,1695,1592,2016-02-01,Nasik,189
17,wheat(husked),2016,March,1530,1528,1797,1612,2016-03-01,Nasik,269
18,wheat(husked),2016,April,2115,1522,1901,1688,2016-04-01,Nasik,379
19,wheat(husked),2016,May,955,1627,1890,1750,2016-05-01,Nasik,263
20,wheat(husked),2016,June,399,1677,1849,1770,2016-06-01,Nasik,172
21,wheat(husked),2016,July,43,1775,1850,1835,2016-07-01,Nasik,75
22,wheat(husked),2016,August,84,1609,1779,1704,2016-08-01,Nasik,170
23,wheat(husked),2016,September,152,1705,1807,1753,2016-09-01,Nasik,102
24,wheat(husked),2016,October,313,1635,1842,1682,2016-10-01,Nasik,207
25,wheat(husked),2016,November,167,1724,1819,1761,2016-11-01,Nasik,95
