,Commodity,Year,Month,arrivals_in_qtl,min_price,max_price,modal_price,date,district_name,diff_price
0,green gram,2014,December,3,7500,7500,7500,2014-12-01,Nasik,0
1,green gram,2015,August,19,7125,7550,7401,2015-08-01,Nasik,425
2,green gram,2015,September,52,7114,7864,7700,2015-09-01,Nasik,750
3,green gram,2015,October,8,7100,7976,7376,2015-10-01,Nasik,876
4,green gram,2015,December,10,7100,7100,7100,2015-12-01,Nasik,0
5,green gram,2016,July,3,4900,5000,5000,2016-07-01,Nasik,100
6,green gram,2016,August,25,4300,4900,4800,2016-08-01,Nasik,600
7,green gram,2016,September,248,4533,5467,4967,2016-09-01,Nasik,934
8,green gram,2016,October,139,4867,5401,5075,2016-10-01,Nasik,534
9,green gram,2016,November,4,4450,5100,4600,2016-11-01,Nasik,650
