,Commodity,Year,Month,arrivals_in_qtl,min_price,max_price,modal_price,date,district_name,diff_price
1,soybean,2014,November,809,3205,3376,3314,2014-11-01,Nasik,171
2,soybean,2014,December,520,3184,3283,3240,2014-12-01,Nasik,99
3,soybean,2015,January,606,3238,3362,3318,2015-01-01,Nasik,124
4,soybean,2015,February,285,3259,3362,3341,2015-02-01,Nasik,103
5,soybean,2015,March,205,3250,3345,3300,2015-03-01,Nasik,95
6,soybean,2015,April,322,3510,3728,3667,2015-04-01,Nasik,218
7,soybean,2015,May,189,3797,3857,3818,2015-05-01,Nasik,60
8,soybean,2015,June,96,3531,3621,3564,2015-06-01,Nasik,90
9,soybean,2015,July,33,3358,3365,3358,2015-07-01,Nasik,7
10,soybean,2015,August,5,3232,3232,3232,2015-08-01,Nasik,0
11,soybean,2015,September,6,3238,3238,3238,2015-09-01,Nasik,0
12,soybean,2015,October,863,3534,3704,3664,2015-10-01,Nasik,170
13,soybean,2015,November,555,3590,6304,3740,2015-11-01,Nasik,2714
14,soybean,2015,December,540,3563,3717,3668,2015-12-01,Nasik,154
15,soybean,2016,January,620,3539,3758,3718,2016-01-01,Nasik,219
16,soybean,2016,February,391,3440,3740,3678,2016-02-01,Nasik,300
17,soybean,2016,March,385,3664,3717,3697,2016-03-01,Nasik,53
18,soybean,2016,April,215,4087,4119,4108,2016-04-01,Nasik,32
19,soybean,2016,May,230,3457,3800,3738,2016-05-01,Nasik,343
20,soybean,2016,June,123,3580,3825,3807,2016-06-01,Nasik,245
21,soybean,2016,July,31,3700,3750,3710,2016-07-01,Nasik,50
22,soybean,2016,September,20,3031,3031,3031,2016-09-01,Nasik,0
23,soybean,2016,October,446,2761,2833,2805,2016-10-01,Nasik,72
24,soybean,2016,November,344,2653,2710,2682,2016-11-01,Nasik,57
