,Commodity,Year,Month,arrivals_in_qtl,min_price,max_price,modal_price,date,district_name,diff_price
0,bor,2014,December,3,1600,1800,1700,2014-12-01,Thane,200
1,bor,2015,March,12,800,1200,1000,2015-03-01,Thane,400
2,bor,2015,September,3,2500,3500,3100,2015-09-01,Thane,1000
3,bor,2015,November,9,2000,2433,2267,2015-11-01,Thane,433
4,bor,2015,December,33,1291,1609,1432,2015-12-01,Thane,318
5,bor,2016,January,48,1763,2325,2088,2016-01-01,Thane,562
6,bor,2016,February,24,1350,1550,1450,2016-02-01,Thane,200
7,bor,2016,March,21,2300,2614,2386,2016-03-01,Thane,314
