,Commodity,Year,Month,arrivals_in_qtl,min_price,max_price,modal_price,date,district_name,diff_price
1,apple,2015,July,6,7500,12000,9000,2015-07-01,Thane,4500
2,apple,2015,August,15,7700,12800,9900,2015-08-01,Thane,5100
3,apple,2015,September,3,4000,7000,6000,2015-09-01,Thane,3000
4,apple,2015,October,18,7333,13500,9917,2015-10-01,Thane,6167
5,apple,2015,November,6,3950,5000,4650,2015-11-01,Thane,1050
6,apple,2016,January,18,7333,9250,8417,2016-01-01,Thane,1917
7,apple,2016,February,18,7667,10000,8833,2016-02-01,Thane,2333
8,apple,2016,June,6,7250,10500,9250,2016-06-01,Thane,3250
9,apple,2016,July,6,9500,12500,11000,2016-07-01,Thane,3000
10,apple,2016,August,12,1300,1875,1625,2016-08-01,Thane,575
11,apple,2016,September,21,3429,5086,4279,2016-09-01,Thane,1657
12,apple,2016,October,3,1000,1200,1100,2016-10-01,Thane,200
13,apple,2016,November,33,3155,4382,3768,2016-11-01,Thane,1227
