,Commodity,Year,Month,arrivals_in_qtl,min_price,max_price,modal_price,date,district_name,diff_price
1,bajri,2015,March,18,1567,1733,1650,2015-03-01,Thane,166
2,bajri,2015,June,15,1530,1680,1605,2015-06-01,Thane,150
3,bajri,2015,July,6,1600,1850,1825,2015-07-01,Thane,250
4,bajri,2015,August,3,1700,1800,1750,2015-08-01,Thane,100
5,bajri,2015,September,9,1500,1867,1683,2015-09-01,Thane,367
6,bajri,2015,November,3,1600,1750,1700,2015-11-01,Thane,150
7,bajri,2015,December,12,1725,1875,1800,2015-12-01,Thane,150
8,bajri,2016,January,18,1750,1933,1875,2016-01-01,Thane,183
9,bajri,2016,February,6,1500,1800,1725,2016-02-01,Thane,300
10,bajri,2016,March,9,1833,2067,1933,2016-03-01,Thane,234
11,bajri,2016,May,3,1900,2000,2000,2016-05-01,Thane,100
12,bajri,2016,June,3,1750,1950,1850,2016-06-01,Thane,200
13,bajri,2016,July,18,1858,2033,1950,2016-07-01,Thane,175
14,bajri,2016,August,18,1767,1983,1892,2016-08-01,Thane,216
15,bajri,2016,September,6,1650,2000,1850,2016-09-01,Thane,350
