,Commodity,Year,Month,arrivals_in_qtl,min_price,max_price,modal_price,date,district_name,diff_price
0,black gram,2015,January,3,6000,6500,6250,2015-01-01,Thane,500
1,black gram,2015,March,15,5630,6108,5929,2015-03-01,Thane,478
2,black gram,2015,June,15,7200,7920,7560,2015-06-01,Thane,720
3,black gram,2015,July,9,8000,8483,8158,2015-07-01,Thane,483
4,black gram,2015,August,3,8000,8500,8200,2015-08-01,Thane,500
5,black gram,2015,September,9,8067,9167,8600,2015-09-01,Thane,1100
6,black gram,2015,December,9,10500,11700,11067,2015-12-01,Thane,1200
7,black gram,2016,January,15,7800,8840,8460,2016-01-01,Thane,1040
8,black gram,2016,February,6,8000,9000,8600,2016-02-01,Thane,1000
9,black gram,2016,March,9,10333,11667,11000,2016-03-01,Thane,1334
10,black gram,2016,May,9,14000,14733,14467,2016-05-01,Thane,733
11,black gram,2016,July,15,12960,13300,13120,2016-07-01,Thane,340
12,black gram,2016,August,18,12317,12833,12567,2016-08-01,Thane,516
13,black gram,2016,September,6,11250,12500,11900,2016-09-01,Thane,1250
