,Commodity,Year,Month,arrivals_in_qtl,min_price,max_price,modal_price,date,district_name,diff_price
0,banana,2014,October,3,900,1000,950,2014-10-01,Thane,100
1,banana,2014,December,3,900,1000,950,2014-12-01,Thane,100
2,banana,2015,March,9,900,1000,950,2015-03-01,Thane,100
3,banana,2015,April,3,600,800,700,2015-04-01,Thane,200
4,banana,2015,June,24,1688,2000,1875,2015-06-01,Thane,312
5,banana,2015,July,3,1800,2500,2000,2015-07-01,Thane,700
6,banana,2015,September,6,7250,7750,7500,2015-09-01,Thane,500
7,banana,2015,October,6,3850,4400,4125,2015-10-01,Thane,550
8,banana,2015,December,3,7000,8000,7500,2015-12-01,Thane,1000
9,banana,2016,January,9,867,1267,1100,2016-01-01,Thane,400
10,banana,2016,February,18,700,800,750,2016-02-01,Thane,100
11,banana,2016,March,3,700,800,700,2016-03-01,Thane,100
12,banana,2016,April,6,700,850,775,2016-04-01,Thane,150
13,banana,2016,May,33,1845,2255,2050,2016-05-01,Thane,410
14,banana,2016,June,9,700,867,783,2016-06-01,Thane,167
15,banana,2016,July,39,1573,1992,1664,2016-07-01,Thane,419
16,banana,2016,August,36,4017,4933,4425,2016-08-01,Thane,916
17,banana,2016,September,36,3567,4867,4225,2016-09-01,Thane,1300
18,banana,2016,October,3,4000,7000,5000,2016-10-01,Thane,3000
19,banana,2016,November,27,6778,8667,7722,2016-11-01,Thane,1889
