,Commodity,Year,Month,arrivals_in_qtl,min_price,max_price,modal_price,date,district_name,diff_price
0,bottle gourd,2014,September,3,700,800,750,2014-09-01,Thane,100
1,bottle gourd,2014,October,6,850,1400,1125,2014-10-01,Thane,550
2,bottle gourd,2015,January,3,1000,1200,1100,2015-01-01,Thane,200
3,bottle gourd,2015,March,9,1200,1367,1283,2015-03-01,Thane,167
4,bottle gourd,2015,April,3,500,600,550,2015-04-01,Thane,100
5,bottle gourd,2015,June,63,767,952,857,2015-06-01,Thane,185
6,bottle gourd,2015,July,475,743,957,833,2015-07-01,Thane,214
7,bottle gourd,2015,August,1056,838,1075,961,2015-08-01,Thane,237
8,bottle gourd,2015,September,126,725,900,813,2015-09-01,Thane,175
9,bottle gourd,2015,October,181,1220,1527,1332,2015-10-01,Thane,307
10,bottle gourd,2015,November,120,629,764,704,2015-11-01,Thane,135
11,bottle gourd,2015,December,75,932,1166,1058,2015-12-01,Thane,234
12,bottle gourd,2016,January,78,792,963,892,2016-01-01,Thane,171
13,bottle gourd,2016,February,48,631,800,721,2016-02-01,Thane,169
14,bottle gourd,2016,March,51,1082,1294,1194,2016-03-01,Thane,212
15,bottle gourd,2016,April,15,1040,1280,1180,2016-04-01,Thane,240
16,bottle gourd,2016,May,72,1138,1338,1235,2016-05-01,Thane,200
17,bottle gourd,2016,June,63,1481,1752,1638,2016-06-01,Thane,271
19,bottle gourd,2016,August,60,1240,1500,1376,2016-08-01,Thane,260
20,bottle gourd,2016,September,45,725,960,877,2016-09-01,Thane,235
21,bottle gourd,2016,October,18,1083,1367,1225,2016-10-01,Thane,284
22,bottle gourd,2016,November,36,582,725,658,2016-11-01,Thane,143
