Commodity,Year,Month,arrivals_in_qtl,min_price,max_price,modal_price,date,district_name,diff_price
sorgum(jawar),2014,October,5,1530,1550,1540,2014-10-01,Amaravathi,20
sorgum(jawar),2014,November,150,1530,1560,1545,2014-11-01,Amaravathi,30
sorgum(jawar),2014,December,280,1414,1510,1462,2014-12-01,Amaravathi,96
sorgum(jawar),2015,January,20,1515,1570,1543,2015-01-01,Amaravathi,55
sorgum(jawar),2015,December,4914,1284,1398,1356,2015-12-01,Amaravathi,114
sorgum(jawar),2016,January,4919,1308,1392,1350,2016-01-01,Amaravathi,84
sorgum(jawar),2016,February,1255,1322,1393,1355,2016-02-01,Amaravathi,71
sorgum(jawar),2016,March,281,1325,1378,1365,2016-03-01,Amaravathi,53
sorgum(jawar),2016,May,488,1383,1449,1420,2016-05-01,Amaravathi,66
sorgum(jawar),2016,June,279,1453,1516,1485,2016-06-01,Amaravathi,63
sorgum(jawar),2016,July,662,1523,1601,1561,2016-07-01,Amaravathi,78
sorgum(jawar),2016,August,495,1536,1628,1582,2016-08-01,Amaravathi,92
sorgum(jawar),2016,September,644,1603,1674,1641,2016-09-01,Amaravathi,71
sorgum(jawar),2016,October,235,1609,1638,1625,2016-10-01,Amaravathi,29
sorgum(jawar),2016,November,934,1375,1518,1447,2016-11-01,Amaravathi,143
