Commodity,Year,Month,arrivals_in_qtl,min_price,max_price,modal_price,date,district_name,diff_price
pigeon pea (tur),2014,September,310,4467,5005,4736,2014-09-01,Amaravathi,538
pigeon pea (tur),2014,October,430,4725,5124,4925,2014-10-01,Amaravathi,399
pigeon pea (tur),2014,November,210,4941,5138,5040,2014-11-01,Amaravathi,197
pigeon pea (tur),2014,December,135,4550,4803,4677,2014-12-01,Amaravathi,253
pigeon pea (tur),2015,January,190,4513,5400,4963,2015-01-01,Amaravathi,887
pigeon pea (tur),2015,February,366,4650,5675,5463,2015-02-01,Amaravathi,1025
pigeon pea (tur),2015,March,550,4767,5925,5346,2015-03-01,Amaravathi,1158
pigeon pea (tur),2015,April,495,5083,6783,5933,2015-04-01,Amaravathi,1700
pigeon pea (tur),2015,May,950,5988,7256,6622,2015-05-01,Amaravathi,1268
pigeon pea (tur),2015,June,683,6480,7393,6889,2015-06-01,Amaravathi,913
pigeon pea (tur),2015,July,530,7020,7552,7260,2015-07-01,Amaravathi,532
pigeon pea (tur),2015,August,301,7475,8900,8208,2015-08-01,Amaravathi,1425
pigeon pea (tur),2015,September,260,9167,9517,9355,2015-09-01,Amaravathi,350
pigeon pea (tur),2015,December,6102,6314,8987,8057,2015-12-01,Amaravathi,2673
pigeon pea (tur),2016,January,29078,8006,8832,8404,2016-01-01,Amaravathi,826
pigeon pea (tur),2016,February,20056,7793,8317,8067,2016-02-01,Amaravathi,524
pigeon pea (tur),2016,March,5672,7425,7803,7653,2016-03-01,Amaravathi,378
pigeon pea (tur),2016,May,11354,8189,8599,8428,2016-05-01,Amaravathi,410
pigeon pea (tur),2016,June,8129,8426,8784,8611,2016-06-01,Amaravathi,358
pigeon pea (tur),2016,July,3114,8161,8592,8374,2016-07-01,Amaravathi,431
pigeon pea (tur),2016,August,2346,5714,6164,5955,2016-08-01,Amaravathi,450
pigeon pea (tur),2016,September,2800,6264,6641,6451,2016-09-01,Amaravathi,377
pigeon pea (tur),2016,October,2347,6007,6379,6193,2016-10-01,Amaravathi,372
pigeon pea (tur),2016,November,493,5357,5771,5557,2016-11-01,Amaravathi,414
