Commodity,Year,Month,arrivals_in_qtl,min_price,max_price,modal_price,date,district_name,diff_price
sorgum(jawar),2014,September,10,1000,1000,1000,2014-09-01,Gadchiroli,0
sorgum(jawar),2014,October,26,1100,1400,1200,2014-10-01,Gadchiroli,300
sorgum(jawar),2014,November,12,1200,1200,1200,2014-11-01,Gadchiroli,0
sorgum(jawar),2014,December,33,1250,1250,1250,2014-12-01,Gadchiroli,0
sorgum(jawar),2015,March,491,1342,1400,1379,2015-03-01,Gadchiroli,58
sorgum(jawar),2015,April,564,1071,1159,1116,2015-04-01,Gadchiroli,88
sorgum(jawar),2015,May,137,1227,1227,1227,2015-05-01,Gadchiroli,0
sorgum(jawar),2015,June,82,1200,1200,1200,2015-06-01,Gadchiroli,0
sorgum(jawar),2015,July,278,1120,1120,1120,2015-07-01,Gadchiroli,0
sorgum(jawar),2015,August,292,1150,1200,1175,2015-08-01,Gadchiroli,50
sorgum(jawar),2015,December,5,1200,1200,1200,2015-12-01,Gadchiroli,0
sorgum(jawar),2016,February,48,1283,1283,1283,2016-02-01,Gadchiroli,0
sorgum(jawar),2016,March,258,1500,1500,1500,2016-03-01,Gadchiroli,0
sorgum(jawar),2016,April,63,1500,1500,1500,2016-04-01,Gadchiroli,0
sorgum(jawar),2016,August,3,1450,1450,1450,2016-08-01,Gadchiroli,0
