Commodity,Year,Month,arrivals_in_qtl,min_price,max_price,modal_price,date,district_name,diff_price
cotton,2014,November,595,4000,4000,4000,2014-11-01,Gadchiroli,0
cotton,2014,December,5608,3986,3986,3986,2014-12-01,Gadchiroli,0
cotton,2015,January,3795,4000,4000,4000,2015-01-01,Gadchiroli,0
cotton,2015,February,4280,4000,4000,4000,2015-02-01,Gadchiroli,0
cotton,2015,March,5678,4000,4000,4000,2015-03-01,Gadchiroli,0
cotton,2015,October,100,4000,4000,4000,2015-10-01,Gadchiroli,0
cotton,2015,November,1245,3900,3989,3944,2015-11-01,Gadchiroli,89
cotton,2015,December,1303,4020,4030,4025,2015-12-01,Gadchiroli,10
cotton,2016,January,1225,4100,4100,4100,2016-01-01,Gadchiroli,0
cotton,2016,February,480,4125,4125,4125,2016-02-01,Gadchiroli,0
cotton,2016,March,370,4150,4150,4150,2016-03-01,Gadchiroli,0
cotton,2016,April,125,4200,4200,4200,2016-04-01,Gadchiroli,0
cotton,2016,November,935,4378,4378,4378,2016-11-01,Gadchiroli,0
