Commodity,Year,Month,arrivals_in_qtl,min_price,max_price,modal_price,date,district_name,diff_price
batbati,2014,September,6,3500,3500,3500,2014-09-01,Gadchiroli,0
batbati,2014,October,6,3500,3500,3500,2014-10-01,Gadchiroli,0
batbati,2014,December,4,3500,3500,3500,2014-12-01,Gadchiroli,0
batbati,2015,January,10,3500,3500,3500,2015-01-01,Gadchiroli,0
batbati,2015,February,138,3500,3500,3500,2015-02-01,Gadchiroli,0
batbati,2015,March,288,3516,3618,3550,2015-03-01,Gadchiroli,102
batbati,2015,April,72,3667,3833,3750,2015-04-01,Gadchiroli,166
batbati,2015,May,42,4000,4000,4000,2015-05-01,Gadchiroli,0
batbati,2015,June,39,4000,4000,4000,2015-06-01,Gadchiroli,0
batbati,2015,August,2,4300,4300,4300,2015-08-01,Gadchiroli,0
batbati,2015,October,4,4500,4500,4500,2015-10-01,Gadchiroli,0
batbati,2016,January,142,4400,4500,4450,2016-01-01,Gadchiroli,100
batbati,2016,February,245,4026,4164,4104,2016-02-01,Gadchiroli,138
batbati,2016,March,95,4240,4240,4240,2016-03-01,Gadchiroli,0
batbati,2016,April,56,4400,4400,4400,2016-04-01,Gadchiroli,0
batbati,2016,May,96,4267,4267,4267,2016-05-01,Gadchiroli,0
batbati,2016,June,56,3687,3687,3687,2016-06-01,Gadchiroli,0
batbati,2016,July,55,4514,4514,4514,2016-07-01,Gadchiroli,0
batbati,2016,August,77,4929,4929,4929,2016-08-01,Gadchiroli,0
batbati,2016,September,5,3500,3500,3500,2016-09-01,Gadchiroli,0
batbati,2016,October,9,4500,4500,4500,2016-10-01,Gadchiroli,0
batbati,2016,November,12,4500,4500,4500,2016-11-01,Gadchiroli,0
