Commodity,Year,Month,arrivals_in_qtl,min_price,max_price,modal_price,date,district_name,diff_price
gram,2014,September,7,2800,2800,2800,2014-09-01,Gadchiroli,0
gram,2014,October,9,2600,2600,2600,2014-10-01,Gadchiroli,0
gram,2014,December,4,3000,3000,3000,2014-12-01,Gadchiroli,0
gram,2015,March,75,3002,3113,3048,2015-03-01,Gadchiroli,111
gram,2015,April,52,3000,3200,3125,2015-04-01,Gadchiroli,200
gram,2015,June,4,3200,3200,3200,2015-06-01,Gadchiroli,0
gram,2015,July,7,3800,3800,3800,2015-07-01,Gadchiroli,0
gram,2016,June,11,3300,3300,3300,2016-06-01,Gadchiroli,0
gram,2016,July,5,4000,4000,4000,2016-07-01,Gadchiroli,0
gram,2016,August,5,4500,4500,4500,2016-08-01,Gadchiroli,0
gram,2016,November,16,6000,6000,6000,2016-11-01,Gadchiroli,0
