Commodity,Year,Month,arrivals_in_qtl,min_price,max_price,modal_price,date,district_name,diff_price
maize,2014,October,34,1067,1067,1067,2014-10-01,Gadchiroli,0
maize,2014,December,111,1296,1296,1296,2014-12-01,Gadchiroli,0
maize,2015,January,1223,615,1200,1200,2015-01-01,Gadchiroli,585
maize,2015,February,165,1265,1265,1265,2015-02-01,Gadchiroli,0
maize,2015,March,370,1270,1270,1270,2015-03-01,Gadchiroli,0
maize,2015,April,1265,1237,1253,1245,2015-04-01,Gadchiroli,16
maize,2015,May,2320,1300,1300,1300,2015-05-01,Gadchiroli,0
maize,2015,June,298,1110,1110,1110,2015-06-01,Gadchiroli,0
maize,2015,July,100,1100,1100,1100,2015-07-01,Gadchiroli,0
maize,2015,August,420,1184,1184,1184,2015-08-01,Gadchiroli,0
maize,2015,October,520,1134,1150,1134,2015-10-01,Gadchiroli,16
maize,2015,November,132,1180,1193,1184,2015-11-01,Gadchiroli,13
maize,2015,December,176,1200,1200,1200,2015-12-01,Gadchiroli,0
maize,2016,January,59,1233,1233,1233,2016-01-01,Gadchiroli,0
maize,2016,February,49,1225,1225,1225,2016-02-01,Gadchiroli,0
maize,2016,March,689,1363,1363,1363,2016-03-01,Gadchiroli,0
maize,2016,April,7,1200,1200,1200,2016-04-01,Gadchiroli,0
maize,2016,May,105,1350,1350,1350,2016-05-01,Gadchiroli,0
maize,2016,June,490,1350,1350,1350,2016-06-01,Gadchiroli,0
maize,2016,July,69,1333,1333,1333,2016-07-01,Gadchiroli,0
maize,2016,August,14,1400,1400,1400,2016-08-01,Gadchiroli,0
maize,2016,November,27,1425,1425,1425,2016-11-01,Gadchiroli,0
