Commodity,Year,Month,arrivals_in_qtl,min_price,max_price,modal_price,date,district_name,diff_price
black gram,2014,November,78,4740,4960,4770,2014-11-01,Ahmadnagar,220
black gram,2015,January,8,5500,5800,5650,2015-01-01,Ahmadnagar,300
black gram,2015,February,3,5200,5200,5200,2015-02-01,Ahmadnagar,0
black gram,2015,April,7,5700,5700,5700,2015-04-01,Ahmadnagar,0
black gram,2015,June,24,5950,7175,7175,2015-06-01,Ahmadnagar,1225
black gram,2015,July,3,3750,6250,6250,2015-07-01,Ahmadnagar,2500
black gram,2015,August,1,8100,8100,8100,2015-08-01,Ahmadnagar,0
black gram,2015,September,18,9400,9400,9400,2015-09-01,Ahmadnagar,0
black gram,2015,October,77,9851,10160,10032,2015-10-01,Ahmadnagar,309
black gram,2015,November,82,8950,9600,9479,2015-11-01,Ahmadnagar,650
black gram,2015,December,66,8100,9086,8626,2015-12-01,Ahmadnagar,986
black gram,2016,January,21,7875,7875,7875,2016-01-01,Ahmadnagar,0
black gram,2016,April,2,7500,7500,7500,2016-04-01,Ahmadnagar,0
black gram,2016,May,10,7700,8367,8033,2016-05-01,Ahmadnagar,667
black gram,2016,June,3,8250,8250,8250,2016-06-01,Ahmadnagar,0
black gram,2016,September,661,6321,6879,6609,2016-09-01,Ahmadnagar,558
black gram,2016,October,1595,5221,7043,6173,2016-10-01,Ahmadnagar,1822
black gram,2016,November,883,5884,6822,6433,2016-11-01,Ahmadnagar,938
