Commodity,Year,Month,arrivals_in_qtl,min_price,max_price,modal_price,date,district_name,diff_price
coriander (dry),2015,January,1,12500,12500,12500,2015-01-01,Ahmadnagar,0
coriander (dry),2015,April,151,7000,12000,9500,2015-04-01,Ahmadnagar,5000
coriander (dry),2016,February,377,6800,8100,7478,2016-02-01,Ahmadnagar,1300
coriander (dry),2016,March,141,6800,11000,8950,2016-03-01,Ahmadnagar,4200
coriander (dry),2016,April,269,6900,9600,8250,2016-04-01,Ahmadnagar,2700
coriander (dry),2016,May,177,7800,9500,8400,2016-05-01,Ahmadnagar,1700
coriander (dry),2016,September,1,6000,6000,6000,2016-09-01,Ahmadnagar,0
coriander (dry),2016,October,2,5000,5000,5000,2016-10-01,Ahmadnagar,0
