Commodity,Year,Month,arrivals_in_qtl,min_price,max_price,modal_price,date,district_name,diff_price
gram,2014,October,62,1996,2209,2093,2014-10-01,Latur,213
gram,2014,November,81,1977,2358,2159,2014-11-01,Latur,381
gram,2015,June,10,3492,3765,3658,2015-06-01,Latur,273
gram,2015,July,36,3493,5529,3652,2015-07-01,Latur,2036
gram,2015,August,8,3434,3757,3757,2015-08-01,Latur,323
gram,2015,September,11,3513,3763,3763,2015-09-01,Latur,250
gram,2015,October,61,4133,4368,4368,2015-10-01,Latur,235
gram,2015,November,33,3908,4388,4388,2015-11-01,Latur,480
gram,2015,December,29,3467,3717,3717,2015-12-01,Latur,250
gram,2016,January,88,3673,4231,4231,2016-01-01,Latur,558
gram,2016,February,112,3428,4176,4176,2016-02-01,Latur,748
gram,2016,March,92,4182,4263,4238,2016-03-01,Latur,81
gram,2016,April,83,4547,4861,4722,2016-04-01,Latur,314
gram,2016,May,5,5500,5500,5500,2016-05-01,Latur,0
gram,2016,June,17,4913,5774,5290,2016-06-01,Latur,861
gram,2016,July,25,6228,6495,6412,2016-07-01,Latur,267
gram,2016,August,27,5204,6189,5888,2016-08-01,Latur,985
gram,2016,September,20,7374,7374,7374,2016-09-01,Latur,0
gram,2016,October,25,8079,8750,8393,2016-10-01,Latur,671
gram,2016,November,12,9200,9200,9200,2016-11-01,Latur,0
