Commodity,Year,Month,arrivals_in_qtl,min_price,max_price,modal_price,date,district_name,diff_price
cabbage,2015,June,247,386,1400,893,2015-06-01,Ahmadnagar,1014
cabbage,2015,July,415,667,1267,967,2015-07-01,Ahmadnagar,600
cabbage,2015,August,491,750,1233,992,2015-08-01,Ahmadnagar,483
cabbage,2015,September,376,540,1220,880,2015-09-01,Ahmadnagar,680
cabbage,2015,October,788,418,1145,782,2015-10-01,Ahmadnagar,727
cabbage,2015,November,506,560,1330,1050,2015-11-01,Ahmadnagar,770
cabbage,2015,December,714,518,1473,995,2015-12-01,Ahmadnagar,955
cabbage,2016,January,575,510,1380,945,2016-01-01,Ahmadnagar,870
cabbage,2016,February,347,383,1283,933,2016-02-01,Ahmadnagar,900
cabbage,2016,April,195,275,900,675,2016-04-01,Ahmadnagar,625
cabbage,2016,May,500,336,1479,911,2016-05-01,Ahmadnagar,1143
cabbage,2016,June,597,554,2888,1738,2016-06-01,Ahmadnagar,2334
cabbage,2016,July,509,688,2946,1829,2016-07-01,Ahmadnagar,2258
cabbage,2016,August,720,420,1645,1033,2016-08-01,Ahmadnagar,1225
cabbage,2016,September,1277,190,695,443,2016-09-01,Ahmadnagar,505
cabbage,2016,October,817,155,627,391,2016-10-01,Ahmadnagar,472
cabbage,2016,November,329,283,967,625,2016-11-01,Ahmadnagar,684
