Commodity,Year,Month,arrivals_in_qtl,min_price,max_price,modal_price,date,district_name,diff_price
safflower,2014,November,2,2201,2351,2276,2014-11-01,Latur,150
safflower,2015,June,2,2300,2300,2300,2015-06-01,Latur,0
safflower,2015,July,2,2175,2175,2175,2015-07-01,Latur,0
safflower,2015,August,2,2376,2376,2376,2015-08-01,Latur,0
safflower,2015,September,2,2301,2301,2301,2015-09-01,Latur,0
safflower,2015,October,15,2520,2520,2520,2015-10-01,Latur,0
safflower,2015,November,12,2451,2451,2451,2015-11-01,Latur,0
safflower,2015,December,18,2350,2412,2412,2015-12-01,Latur,62
safflower,2016,January,3,2050,2050,2050,2016-01-01,Latur,0
safflower,2016,February,42,2555,2558,2558,2016-02-01,Latur,3
safflower,2016,March,10,2384,2451,2451,2016-03-01,Latur,67
safflower,2016,April,9,2463,2463,2463,2016-04-01,Latur,0
safflower,2016,July,4,2100,2100,2100,2016-07-01,Latur,0
safflower,2016,August,1,2350,2350,2350,2016-08-01,Latur,0
safflower,2016,November,2,2700,2700,2700,2016-11-01,Latur,0
