Commodity,Year,Month,arrivals_in_qtl,min_price,max_price,modal_price,date,district_name,diff_price
squash gourd,2016,June,100,3421,7316,5368,2016-06-01,Ahmadnagar,3895
squash gourd,2016,July,254,1600,4320,2990,2016-07-01,Ahmadnagar,2720
squash gourd,2016,August,331,486,1833,1160,2016-08-01,Ahmadnagar,1347
squash gourd,2016,September,225,647,1884,1253,2016-09-01,Ahmadnagar,1237
squash gourd,2016,October,68,1229,4143,2686,2016-10-01,Ahmadnagar,2914
squash gourd,2016,November,42,780,2400,1590,2016-11-01,Ahmadnagar,1620
