Commodity,Year,Month,arrivals_in_qtl,min_price,max_price,modal_price,date,district_name,diff_price
gram,2014,November,323,2307,2732,2519,2014-11-01,Ahmadnagar,425
gram,2015,January,504,3074,3222,3148,2015-01-01,Ahmadnagar,148
gram,2015,February,56,3200,3525,3362,2015-02-01,Ahmadnagar,325
gram,2015,March,136,5100,5263,5181,2015-03-01,Ahmadnagar,163
gram,2015,April,1794,3533,3762,3647,2015-04-01,Ahmadnagar,229
gram,2015,June,754,4109,4363,4264,2015-06-01,Ahmadnagar,254
gram,2015,July,681,3659,4345,4345,2015-07-01,Ahmadnagar,686
gram,2015,August,385,4268,4526,4408,2015-08-01,Ahmadnagar,258
gram,2015,September,181,4164,4432,4333,2015-09-01,Ahmadnagar,268
gram,2015,October,716,4328,4894,4661,2015-10-01,Ahmadnagar,566
gram,2015,November,239,4318,4931,4645,2015-11-01,Ahmadnagar,613
gram,2015,December,317,4400,4905,4694,2015-12-01,Ahmadnagar,505
gram,2016,January,1978,4170,4894,4626,2016-01-01,Ahmadnagar,724
gram,2016,February,1309,4219,4406,4336,2016-02-01,Ahmadnagar,187
gram,2016,March,685,4443,4771,4646,2016-03-01,Ahmadnagar,328
gram,2016,April,630,4790,5553,5216,2016-04-01,Ahmadnagar,763
gram,2016,May,815,5928,6310,6156,2016-05-01,Ahmadnagar,382
gram,2016,June,684,6369,6896,6642,2016-06-01,Ahmadnagar,527
gram,2016,August,313,5906,6433,6188,2016-08-01,Ahmadnagar,527
gram,2016,September,141,7188,7938,7581,2016-09-01,Ahmadnagar,750
gram,2016,October,324,7836,8635,8263,2016-10-01,Ahmadnagar,799
gram,2016,November,173,7057,7950,7522,2016-11-01,Ahmadnagar,893
