Commodity,Year,Month,arrivals_in_qtl,min_price,max_price,modal_price,date,district_name,diff_price
wheat(husked),2014,October,128,1224,1300,1263,2014-10-01,Latur,76
wheat(husked),2014,November,154,1318,1441,1382,2014-11-01,Latur,123
wheat(husked),2015,June,18,1425,1570,1489,2015-06-01,Latur,145
wheat(husked),2015,July,45,1212,1346,1276,2015-07-01,Latur,134
wheat(husked),2015,August,75,1266,1321,1321,2015-08-01,Latur,55
wheat(husked),2015,September,75,1275,1375,1375,2015-09-01,Latur,100
wheat(husked),2015,October,75,1140,1346,1346,2015-10-01,Latur,206
wheat(husked),2015,November,65,1164,1355,1355,2015-11-01,Latur,191
wheat(husked),2015,December,92,1196,1258,1258,2015-12-01,Latur,62
wheat(husked),2016,January,90,1273,1420,1420,2016-01-01,Latur,147
wheat(husked),2016,February,108,1314,1396,1396,2016-02-01,Latur,82
wheat(husked),2016,March,63,1374,1387,1380,2016-03-01,Latur,13
wheat(husked),2016,April,57,1400,1413,1407,2016-04-01,Latur,13
wheat(husked),2016,May,1,1400,1400,1400,2016-05-01,Latur,0
wheat(husked),2016,June,32,1386,1469,1427,2016-06-01,Latur,83
wheat(husked),2016,July,114,1458,1486,1473,2016-07-01,Latur,28
wheat(husked),2016,August,208,1378,1532,1496,2016-08-01,Latur,154
wheat(husked),2016,September,119,1395,1452,1424,2016-09-01,Latur,57
wheat(husked),2016,October,129,1403,1459,1427,2016-10-01,Latur,56
wheat(husked),2016,November,170,1438,1467,1453,2016-11-01,Latur,29
