Commodity,Year,Month,arrivals_in_qtl,min_price,max_price,modal_price,date,district_name,diff_price
chillies(red),2015,January,114,5700,8500,7100,2015-01-01,Ahmadnagar,2800
chillies(red),2015,February,145,5800,6000,5900,2015-02-01,Ahmadnagar,200
chillies(red),2015,April,792,5284,8952,7118,2015-04-01,Ahmadnagar,3668
chillies(red),2015,December,428,6950,11813,9504,2015-12-01,Ahmadnagar,4863
chillies(red),2016,January,769,6020,11120,8755,2016-01-01,Ahmadnagar,5100
chillies(red),2016,February,3058,7720,12725,10528,2016-02-01,Ahmadnagar,5005
chillies(red),2016,March,1881,8442,13692,11579,2016-03-01,Ahmadnagar,5250
chillies(red),2016,April,1900,7925,12313,10185,2016-04-01,Ahmadnagar,4388
chillies(red),2016,May,2147,8522,12283,10811,2016-05-01,Ahmadnagar,3761
