Commodity,Year,Month,arrivals_in_qtl,min_price,max_price,modal_price,date,district_name,diff_price
maize,2014,November,277,1454,1484,1469,2014-11-01,Ahmadnagar,30
maize,2015,January,38,1254,1262,1258,2015-01-01,Ahmadnagar,8
maize,2015,March,20,1000,1225,1112,2015-03-01,Ahmadnagar,225
maize,2015,April,75,1345,1401,1373,2015-04-01,Ahmadnagar,56
maize,2015,June,244,1338,1380,1370,2015-06-01,Ahmadnagar,42
maize,2015,July,113,1406,1406,1406,2015-07-01,Ahmadnagar,0
maize,2015,August,43,1456,1531,1520,2015-08-01,Ahmadnagar,75
maize,2015,September,21,1688,2019,1860,2015-09-01,Ahmadnagar,331
maize,2015,October,128,1417,1443,1436,2015-10-01,Ahmadnagar,26
maize,2015,November,1464,1425,1474,1455,2015-11-01,Ahmadnagar,49
maize,2015,December,639,1455,1521,1490,2015-12-01,Ahmadnagar,66
maize,2016,January,616,1515,1553,1539,2016-01-01,Ahmadnagar,38
maize,2016,February,567,1431,1488,1461,2016-02-01,Ahmadnagar,57
maize,2016,March,155,1490,1542,1520,2016-03-01,Ahmadnagar,52
maize,2016,April,155,1367,1392,1375,2016-04-01,Ahmadnagar,25
maize,2016,May,197,1608,1642,1624,2016-05-01,Ahmadnagar,34
maize,2016,June,102,1675,1825,1779,2016-06-01,Ahmadnagar,150
maize,2016,August,35,1776,2051,1931,2016-08-01,Ahmadnagar,275
maize,2016,September,19,1656,1656,1656,2016-09-01,Ahmadnagar,0
maize,2016,October,101,1655,1655,1655,2016-10-01,Ahmadnagar,0
maize,2016,November,440,1204,1272,1244,2016-11-01,Ahmadnagar,68
