Commodity,Year,Month,arrivals_in_qtl,min_price,max_price,modal_price,date,district_name,diff_price
black gram,2014,October,53,4171,4505,4339,2014-10-01,Latur,334
black gram,2014,November,76,5036,5376,5203,2014-11-01,Latur,340
black gram,2015,June,4,6700,6700,6700,2015-06-01,Latur,0
black gram,2015,July,2,5600,5600,5600,2015-07-01,Latur,0
black gram,2015,September,20,8042,8388,8388,2015-09-01,Latur,346
black gram,2015,October,37,9328,10041,10041,2015-10-01,Latur,713
black gram,2015,November,16,7863,8507,8507,2015-11-01,Latur,644
black gram,2015,December,11,8166,8166,8166,2015-12-01,Latur,0
black gram,2016,January,9,5840,5865,5865,2016-01-01,Latur,25
black gram,2016,March,3,6850,6850,6850,2016-03-01,Latur,0
black gram,2016,August,5,5550,5675,5613,2016-08-01,Latur,125
black gram,2016,September,175,6216,6714,6465,2016-09-01,Latur,498
black gram,2016,October,222,4585,6901,5694,2016-10-01,Latur,2316
black gram,2016,November,86,4415,5800,5054,2016-11-01,Latur,1385
