Commodity,Year,Month,arrivals_in_qtl,min_price,max_price,modal_price,date,district_name,diff_price
ground nut pods (dry),2014,October,135,3160,3560,3364,2014-10-01,Latur,400
ground nut pods (dry),2014,November,72,3385,3650,3512,2014-11-01,Latur,265
ground nut pods (dry),2015,June,9,4675,5190,5158,2015-06-01,Latur,515
ground nut pods (dry),2015,July,18,5137,5157,5147,2015-07-01,Latur,20
ground nut pods (dry),2015,August,25,4687,4687,4687,2015-08-01,Latur,0
ground nut pods (dry),2015,September,9,5875,6083,6083,2015-09-01,Latur,208
ground nut pods (dry),2015,October,6,5150,5150,5150,2015-10-01,Latur,0
ground nut pods (dry),2015,November,3,5750,5750,5750,2015-11-01,Latur,0
ground nut pods (dry),2015,December,17,5975,5975,5975,2015-12-01,Latur,0
ground nut pods (dry),2016,January,1,5400,5400,5400,2016-01-01,Latur,0
ground nut pods (dry),2016,February,6,5801,5801,5801,2016-02-01,Latur,0
ground nut pods (dry),2016,March,5,5647,5647,5647,2016-03-01,Latur,0
ground nut pods (dry),2016,April,2,5100,5100,5100,2016-04-01,Latur,0
ground nut pods (dry),2016,June,49,5163,5176,5169,2016-06-01,Latur,13
ground nut pods (dry),2016,July,10,4600,4600,4600,2016-07-01,Latur,0
ground nut pods (dry),2016,August,1,9300,9300,9300,2016-08-01,Latur,0
ground nut pods (dry),2016,September,2,7500,7500,7500,2016-09-01,Latur,0
