Commodity,Year,Month,arrivals_in_qtl,min_price,max_price,modal_price,date,district_name,diff_price
carrot,2015,June,8,500,1000,750,2015-06-01,Ahmadnagar,500
carrot,2015,July,42,1000,3600,2300,2015-07-01,Ahmadnagar,2600
carrot,2015,November,11,1333,2167,1750,2015-11-01,Ahmadnagar,834
carrot,2015,December,263,813,1963,1356,2015-12-01,Ahmadnagar,1150
carrot,2016,January,196,633,1417,1025,2016-01-01,Ahmadnagar,784
carrot,2016,February,160,400,1000,817,2016-02-01,Ahmadnagar,600
carrot,2016,April,57,900,1400,1250,2016-04-01,Ahmadnagar,500
carrot,2016,May,10,1350,1675,1513,2016-05-01,Ahmadnagar,325
carrot,2016,June,28,1877,2385,2131,2016-06-01,Ahmadnagar,508
carrot,2016,July,2,2000,3000,2500,2016-07-01,Ahmadnagar,1000
carrot,2016,August,1,3500,3500,3500,2016-08-01,Ahmadnagar,0
carrot,2016,September,6,1667,2933,2300,2016-09-01,Ahmadnagar,1266
carrot,2016,October,94,1133,2117,1625,2016-10-01,Ahmadnagar,984
carrot,2016,November,4,1000,2200,1600,2016-11-01,Ahmadnagar,1200
