Commodity,Year,Month,arrivals_in_qtl,min_price,max_price,modal_price,date,district_name,diff_price
bajri,2014,October,7,1111,1111,1111,2014-10-01,Latur,0
bajri,2015,June,3,1140,1151,1145,2015-06-01,Latur,11
bajri,2015,October,14,1180,1250,1250,2015-10-01,Latur,70
bajri,2015,November,55,1258,1346,1346,2015-11-01,Latur,88
bajri,2015,December,61,1279,1339,1339,2015-12-01,Latur,60
bajri,2016,January,22,1308,1334,1334,2016-01-01,Latur,26
bajri,2016,February,74,1278,1378,1378,2016-02-01,Latur,100
bajri,2016,March,4,1250,1340,1340,2016-03-01,Latur,90
bajri,2016,April,25,1341,1341,1341,2016-04-01,Latur,0
bajri,2016,May,1,1540,1540,1540,2016-05-01,Latur,0
bajri,2016,June,6,1438,1463,1450,2016-06-01,Latur,25
bajri,2016,July,3,1425,1425,1425,2016-07-01,Latur,0
bajri,2016,August,39,1269,1367,1351,2016-08-01,Latur,98
bajri,2016,September,1,1351,1351,1351,2016-09-01,Latur,0
bajri,2016,October,17,1250,1301,1267,2016-10-01,Latur,51
bajri,2016,November,58,1133,1208,1170,2016-11-01,Latur,75
