Commodity,Year,Month,arrivals_in_qtl,min_price,max_price,modal_price,date,district_name,diff_price
ghosali(bhaji),2015,June,13,980,3540,2210,2015-06-01,Ahmadnagar,2560
ghosali(bhaji),2015,July,33,875,2750,1813,2015-07-01,Ahmadnagar,1875
ghosali(bhaji),2015,August,12,2167,3333,2750,2015-08-01,Ahmadnagar,1166
ghosali(bhaji),2015,September,24,1625,2425,2025,2015-09-01,Ahmadnagar,800
ghosali(bhaji),2015,October,28,1500,3625,2563,2015-10-01,Ahmadnagar,2125
ghosali(bhaji),2015,November,62,950,3050,2000,2015-11-01,Ahmadnagar,2100
ghosali(bhaji),2015,December,35,714,2571,1643,2015-12-01,Ahmadnagar,1857
ghosali(bhaji),2016,January,33,1444,3056,2250,2016-01-01,Ahmadnagar,1612
ghosali(bhaji),2016,February,11,1250,2875,2250,2016-02-01,Ahmadnagar,1625
ghosali(bhaji),2016,April,5,1333,3667,2833,2016-04-01,Ahmadnagar,2334
ghosali(bhaji),2016,May,6,2333,4333,3333,2016-05-01,Ahmadnagar,2000
ghosali(bhaji),2016,June,92,3167,5458,4271,2016-06-01,Ahmadnagar,2291
ghosali(bhaji),2016,July,162,1313,3317,2317,2016-07-01,Ahmadnagar,2004
ghosali(bhaji),2016,August,230,500,1730,1120,2016-08-01,Ahmadnagar,1230
ghosali(bhaji),2016,September,199,476,1495,974,2016-09-01,Ahmadnagar,1019
ghosali(bhaji),2016,October,59,800,2750,1775,2016-10-01,Ahmadnagar,1950
ghosali(bhaji),2016,November,42,817,2217,1500,2016-11-01,Ahmadnagar,1400
