Commodity,Year,Month,arrivals_in_qtl,min_price,max_price,modal_price,date,district_name,diff_price
cucumber,2015,June,266,500,1600,1050,2015-06-01,Ahmadnagar,1100
cucumber,2015,July,386,789,1544,1167,2015-07-01,Ahmadnagar,755
cucumber,2015,August,311,883,1433,1158,2015-08-01,Ahmadnagar,550
cucumber,2015,September,335,680,1440,1060,2015-09-01,Ahmadnagar,760
cucumber,2015,October,705,618,1618,1109,2015-10-01,Ahmadnagar,1000
cucumber,2015,November,475,470,1550,1010,2015-11-01,Ahmadnagar,1080
cucumber,2015,December,562,500,1309,905,2015-12-01,Ahmadnagar,809
cucumber,2016,January,282,1000,2278,1611,2016-01-01,Ahmadnagar,1278
cucumber,2016,February,172,1000,2950,2183,2016-02-01,Ahmadnagar,1950
cucumber,2016,April,202,500,2050,1500,2016-04-01,Ahmadnagar,1550
cucumber,2016,May,574,550,2379,1482,2016-05-01,Ahmadnagar,1829
cucumber,2016,June,799,525,2488,1506,2016-06-01,Ahmadnagar,1963
cucumber,2016,July,996,280,1084,706,2016-07-01,Ahmadnagar,804
cucumber,2016,August,1159,138,633,381,2016-08-01,Ahmadnagar,495
cucumber,2016,September,953,314,948,629,2016-09-01,Ahmadnagar,634
cucumber,2016,October,391,336,1200,768,2016-10-01,Ahmadnagar,864
cucumber,2016,November,145,583,1467,1025,2016-11-01,Ahmadnagar,884
