Commodity,Year,Month,arrivals_in_qtl,min_price,max_price,modal_price,date,district_name,diff_price
matki,2014,November,32,7400,7400,7400,2014-11-01,Ahmadnagar,0
matki,2015,April,1,7500,7500,7500,2015-04-01,Ahmadnagar,0
matki,2015,July,5,9000,9000,9000,2015-07-01,Ahmadnagar,0
matki,2015,November,4,7750,7750,7750,2015-11-01,Ahmadnagar,0
matki,2015,December,10,7333,7667,7505,2015-12-01,Ahmadnagar,334
matki,2016,January,16,7000,7500,7298,2016-01-01,Ahmadnagar,500
matki,2016,February,3,9000,9000,9000,2016-02-01,Ahmadnagar,0
matki,2016,March,6,83,83,83,2016-03-01,Ahmadnagar,0
matki,2016,May,13,8400,8700,8533,2016-05-01,Ahmadnagar,300
matki,2016,September,1,7500,7500,7500,2016-09-01,Ahmadnagar,0
matki,2016,November,4,7700,7700,7700,2016-11-01,Ahmadnagar,0
