Commodity,Year,Month,arrivals_in_qtl,min_price,max_price,modal_price,date,district_name,diff_price
bajri,2014,September,24,1400,1750,1575,2014-09-01,Ahmadnagar,350
bajri,2014,November,395,1507,1750,1629,2014-11-01,Ahmadnagar,243
bajri,2015,January,97,1472,1764,1618,2015-01-01,Ahmadnagar,292
bajri,2015,February,10,1500,1800,1650,2015-02-01,Ahmadnagar,300
bajri,2015,March,14,1350,1700,1525,2015-03-01,Ahmadnagar,350
bajri,2015,April,79,1406,1538,1463,2015-04-01,Ahmadnagar,132
bajri,2015,June,141,1311,1404,1382,2015-06-01,Ahmadnagar,93
bajri,2015,July,213,1503,1578,1578,2015-07-01,Ahmadnagar,75
bajri,2015,August,24,1615,1615,1615,2015-08-01,Ahmadnagar,0
bajri,2015,September,51,1438,1588,1553,2015-09-01,Ahmadnagar,150
bajri,2015,October,144,1466,1571,1543,2015-10-01,Ahmadnagar,105
bajri,2015,November,338,1460,1675,1579,2015-11-01,Ahmadnagar,215
bajri,2015,December,258,1616,1797,1716,2015-12-01,Ahmadnagar,181
bajri,2016,January,377,1522,1655,1612,2016-01-01,Ahmadnagar,133
bajri,2016,February,96,1645,1720,1699,2016-02-01,Ahmadnagar,75
bajri,2016,March,16,1550,2050,1800,2016-03-01,Ahmadnagar,500
bajri,2016,April,106,1788,1925,1875,2016-04-01,Ahmadnagar,137
bajri,2016,May,225,1825,2004,1923,2016-05-01,Ahmadnagar,179
bajri,2016,June,267,1809,2092,1959,2016-06-01,Ahmadnagar,283
bajri,2016,August,24,1733,1767,1757,2016-08-01,Ahmadnagar,34
bajri,2016,September,138,1646,1802,1729,2016-09-01,Ahmadnagar,156
bajri,2016,October,1219,1254,1560,1415,2016-10-01,Ahmadnagar,306
bajri,2016,November,298,1453,1810,1648,2016-11-01,Ahmadnagar,357
