Commodity,Year,Month,arrivals_in_qtl,min_price,max_price,modal_price,date,district_name,diff_price
lemon,2015,June,207,833,2583,1708,2015-06-01,Ahmadnagar,1750
lemon,2015,July,298,1450,2275,1863,2015-07-01,Ahmadnagar,825
lemon,2015,August,75,840,1620,1230,2015-08-01,Ahmadnagar,780
lemon,2015,September,16,1500,2750,2125,2015-09-01,Ahmadnagar,1250
lemon,2015,October,195,1867,3244,2306,2015-10-01,Ahmadnagar,1377
lemon,2015,November,133,1250,3000,2125,2015-11-01,Ahmadnagar,1750
lemon,2015,December,168,888,2750,1844,2015-12-01,Ahmadnagar,1862
lemon,2016,January,135,1571,3071,2321,2016-01-01,Ahmadnagar,1500
lemon,2016,February,34,1000,2767,1967,2016-02-01,Ahmadnagar,1767
lemon,2016,April,106,2750,6625,5500,2016-04-01,Ahmadnagar,3875
lemon,2016,May,112,2227,5500,3909,2016-05-01,Ahmadnagar,3273
lemon,2016,June,283,1571,4333,2952,2016-06-01,Ahmadnagar,2762
lemon,2016,July,206,1136,3341,2261,2016-07-01,Ahmadnagar,2205
lemon,2016,August,188,1139,3322,2231,2016-08-01,Ahmadnagar,2183
lemon,2016,September,142,2368,5326,3847,2016-09-01,Ahmadnagar,2958
lemon,2016,October,188,1250,3463,2350,2016-10-01,Ahmadnagar,2213
lemon,2016,November,68,833,2167,1500,2016-11-01,Ahmadnagar,1334
