Commodity,Year,Month,arrivals_in_qtl,min_price,max_price,modal_price,date,district_name,diff_price
maize,2014,October,2,988,988,988,2014-10-01,Latur,0
maize,2014,November,37,1144,1348,1246,2014-11-01,Latur,204
maize,2015,June,2,1330,1330,1330,2015-06-01,Latur,0
maize,2015,July,2,1401,1401,1401,2015-07-01,Latur,0
maize,2015,August,2,1330,1330,1330,2015-08-01,Latur,0
maize,2015,September,12,1500,1771,1771,2015-09-01,Latur,271
maize,2015,October,10,1234,1418,1418,2015-10-01,Latur,184
maize,2015,November,9,1331,1366,1366,2015-11-01,Latur,35
maize,2015,December,35,1406,1467,1467,2015-12-01,Latur,61
maize,2016,January,53,1332,1406,1406,2016-01-01,Latur,74
maize,2016,February,12,1281,1330,1330,2016-02-01,Latur,49
maize,2016,March,32,1303,1353,1328,2016-03-01,Latur,50
maize,2016,June,2,1700,1700,1700,2016-06-01,Latur,0
maize,2016,July,2,1712,1712,1712,2016-07-01,Latur,0
maize,2016,August,13,1451,1516,1516,2016-08-01,Latur,65
maize,2016,September,2,1604,1604,1604,2016-09-01,Latur,0
maize,2016,October,7,1400,1525,1463,2016-10-01,Latur,125
maize,2016,November,331,1264,1438,1363,2016-11-01,Latur,174
