Commodity,Year,Month,arrivals_in_qtl,min_price,max_price,modal_price,date,district_name,diff_price
flower,2015,June,469,643,3686,2164,2015-06-01,Ahmadnagar,3043
flower,2015,July,538,1600,3111,2356,2015-07-01,Ahmadnagar,1511
flower,2015,August,523,1083,2250,1667,2015-08-01,Ahmadnagar,1167
flower,2015,September,382,1100,2240,1670,2015-09-01,Ahmadnagar,1140
flower,2015,October,687,1382,3591,2441,2015-10-01,Ahmadnagar,2209
flower,2015,November,636,700,2800,1775,2015-11-01,Ahmadnagar,2100
flower,2015,December,898,636,2682,1659,2015-12-01,Ahmadnagar,2046
flower,2016,January,630,950,2850,1900,2016-01-01,Ahmadnagar,1900
flower,2016,February,409,500,2500,1833,2016-02-01,Ahmadnagar,2000
flower,2016,April,180,625,3375,2138,2016-04-01,Ahmadnagar,2750
flower,2016,May,706,543,4036,2293,2016-05-01,Ahmadnagar,3493
flower,2016,June,893,725,5167,2946,2016-06-01,Ahmadnagar,4442
flower,2016,July,1075,638,4300,2531,2016-07-01,Ahmadnagar,3662
flower,2016,August,1149,471,2495,1483,2016-08-01,Ahmadnagar,2024
flower,2016,September,1385,395,2000,1198,2016-09-01,Ahmadnagar,1605
flower,2016,October,659,518,3136,1827,2016-10-01,Ahmadnagar,2618
flower,2016,November,464,350,1867,1108,2016-11-01,Ahmadnagar,1517
