Commodity,Year,Month,arrivals_in_qtl,min_price,max_price,modal_price,date,district_name,diff_price
jaggery,2015,August,8266,2175,3100,2708,2015-08-01,Ahmadnagar,925
jaggery,2015,October,1339,2300,2900,2650,2015-10-01,Ahmadnagar,600
jaggery,2015,November,1919,2350,2550,2435,2015-11-01,Ahmadnagar,200
jaggery,2016,January,3084,2325,2675,2588,2016-01-01,Ahmadnagar,350
jaggery,2016,February,5165,2333,2700,2582,2016-02-01,Ahmadnagar,367
jaggery,2016,March,4100,2600,3450,3200,2016-03-01,Ahmadnagar,850
jaggery,2016,April,2611,2950,3550,3263,2016-04-01,Ahmadnagar,600
jaggery,2016,May,5372,3053,3638,3406,2016-05-01,Ahmadnagar,585
