Commodity,Year,Month,arrivals_in_qtl,min_price,max_price,modal_price,date,district_name,diff_price
onion,2014,October,10903,100,2350,1225,2014-10-01,Ahmadnagar,2250
onion,2014,November,205959,145,2189,1180,2014-11-01,Ahmadnagar,2044
onion,2015,April,186700,114,1459,797,2015-04-01,Ahmadnagar,1345
onion,2015,June,163046,367,2461,1414,2015-06-01,Ahmadnagar,2094
onion,2015,July,81241,500,2707,1604,2015-07-01,Ahmadnagar,2207
onion,2015,August,23523,1955,6680,4635,2015-08-01,Ahmadnagar,4725
onion,2015,September,8763,1450,5825,4513,2015-09-01,Ahmadnagar,4375
onion,2015,October,146708,700,4246,3145,2015-10-01,Ahmadnagar,3546
onion,2015,November,266985,340,3390,2200,2015-11-01,Ahmadnagar,3050
onion,2015,December,332038,130,2218,1390,2015-12-01,Ahmadnagar,2088
onion,2016,January,208751,200,1947,1313,2016-01-01,Ahmadnagar,1747
onion,2016,February,67863,100,1425,867,2016-02-01,Ahmadnagar,1325
onion,2016,March,26389,100,1000,700,2016-03-01,Ahmadnagar,900
onion,2016,April,42342,100,938,538,2016-04-01,Ahmadnagar,838
onion,2016,May,130428,100,1020,595,2016-05-01,Ahmadnagar,920
onion,2016,June,158164,100,1354,750,2016-06-01,Ahmadnagar,1254
onion,2016,July,131077,100,1136,736,2016-07-01,Ahmadnagar,1036
onion,2016,August,243484,100,1103,804,2016-08-01,Ahmadnagar,1003
onion,2016,September,195319,110,985,738,2016-09-01,Ahmadnagar,875
onion,2016,October,149993,90,1013,735,2016-10-01,Ahmadnagar,923
onion,2016,November,166201,190,1476,1060,2016-11-01,Ahmadnagar,1286
