Commodity,Year,Month,arrivals_in_qtl,min_price,max_price,modal_price,date,district_name,diff_price
maize(corn.),2015,November,73,950,1125,1038,2015-11-01,Ahmadnagar,175
maize(corn.),2015,December,61,525,825,675,2015-12-01,Ahmadnagar,300
maize(corn.),2016,January,63,500,900,700,2016-01-01,Ahmadnagar,400
maize(corn.),2016,May,5,1000,1500,1250,2016-05-01,Ahmadnagar,500
maize(corn.),2016,June,131,1100,1425,1263,2016-06-01,Ahmadnagar,325
maize(corn.),2016,July,205,991,1745,1400,2016-07-01,Ahmadnagar,754
maize(corn.),2016,September,427,414,986,700,2016-09-01,Ahmadnagar,572
maize(corn.),2016,October,198,400,1000,700,2016-10-01,Ahmadnagar,600
