Commodity,Year,Month,arrivals_in_qtl,min_price,max_price,modal_price,date,district_name,diff_price
pigeon pea (tur),2014,November,100,4140,4440,4290,2014-11-01,Ahmadnagar,300
pigeon pea (tur),2015,January,183,4813,5711,5262,2015-01-01,Ahmadnagar,898
pigeon pea (tur),2015,February,65,4500,5600,5050,2015-02-01,Ahmadnagar,1100
pigeon pea (tur),2015,March,90,4601,5400,5000,2015-03-01,Ahmadnagar,799
pigeon pea (tur),2015,April,144,4993,5373,5233,2015-04-01,Ahmadnagar,380
pigeon pea (tur),2015,June,78,5586,6009,5880,2015-06-01,Ahmadnagar,423
pigeon pea (tur),2015,July,113,5767,6250,6250,2015-07-01,Ahmadnagar,483
pigeon pea (tur),2015,August,12,5500,6000,5750,2015-08-01,Ahmadnagar,500
pigeon pea (tur),2015,September,2,6000,7000,6700,2015-09-01,Ahmadnagar,1000
pigeon pea (tur),2015,October,78,9425,10175,9850,2015-10-01,Ahmadnagar,750
pigeon pea (tur),2015,November,70,8050,8767,8425,2015-11-01,Ahmadnagar,717
pigeon pea (tur),2015,December,513,7313,8760,8271,2015-12-01,Ahmadnagar,1447
pigeon pea (tur),2016,January,529,7062,8315,7868,2016-01-01,Ahmadnagar,1253
pigeon pea (tur),2016,February,170,6225,7338,6990,2016-02-01,Ahmadnagar,1113
pigeon pea (tur),2016,March,65,6387,6747,6597,2016-03-01,Ahmadnagar,360
pigeon pea (tur),2016,April,33,6900,7700,7329,2016-04-01,Ahmadnagar,800
pigeon pea (tur),2016,May,137,7273,7891,7700,2016-05-01,Ahmadnagar,618
pigeon pea (tur),2016,June,92,7657,8150,7936,2016-06-01,Ahmadnagar,493
pigeon pea (tur),2016,August,13,5951,6201,6051,2016-08-01,Ahmadnagar,250
pigeon pea (tur),2016,September,77,5000,6200,5650,2016-09-01,Ahmadnagar,1200
pigeon pea (tur),2016,October,172,5520,5910,5753,2016-10-01,Ahmadnagar,390
pigeon pea (tur),2016,November,22,5051,5252,5177,2016-11-01,Ahmadnagar,201
