Commodity,Year,Month,arrivals_in_qtl,min_price,max_price,modal_price,date,district_name,diff_price
hemp-seed,2014,October,2,1326,1326,1326,2014-10-01,Latur,0
hemp-seed,2015,June,1,1300,1300,1300,2015-06-01,Latur,0
hemp-seed,2015,July,2,1600,1600,1600,2015-07-01,Latur,0
hemp-seed,2015,August,3,1534,1534,1534,2015-08-01,Latur,0
hemp-seed,2015,September,1,1850,1850,1850,2015-09-01,Latur,0
hemp-seed,2015,December,9,1918,1918,1918,2015-12-01,Latur,0
hemp-seed,2016,January,4,2095,2170,2170,2016-01-01,Latur,75
hemp-seed,2016,February,2,2000,2200,2200,2016-02-01,Latur,200
hemp-seed,2016,July,6,2141,2141,2141,2016-07-01,Latur,0
