Commodity,Year,Month,arrivals_in_qtl,min_price,max_price,modal_price,date,district_name,diff_price
ladies finger,2015,June,190,1200,3140,2270,2015-06-01,Ahmadnagar,1940
ladies finger,2015,July,327,1338,2688,2013,2015-07-01,Ahmadnagar,1350
ladies finger,2015,August,209,1300,2300,1840,2015-08-01,Ahmadnagar,1000
ladies finger,2015,September,143,1125,2500,1813,2015-09-01,Ahmadnagar,1375
ladies finger,2015,October,401,1400,3570,2485,2015-10-01,Ahmadnagar,2170
ladies finger,2015,November,310,938,3275,2106,2015-11-01,Ahmadnagar,2337
ladies finger,2015,December,435,1300,3500,2400,2015-12-01,Ahmadnagar,2200
ladies finger,2016,January,290,1444,3722,2583,2016-01-01,Ahmadnagar,2278
ladies finger,2016,February,178,1000,2950,2183,2016-02-01,Ahmadnagar,1950
ladies finger,2016,April,58,1067,4000,3000,2016-04-01,Ahmadnagar,2933
ladies finger,2016,May,439,908,3875,2392,2016-05-01,Ahmadnagar,2967
ladies finger,2016,June,665,1065,5217,3120,2016-06-01,Ahmadnagar,4152
ladies finger,2016,July,721,912,3780,2356,2016-07-01,Ahmadnagar,2868
ladies finger,2016,August,787,476,2038,1257,2016-08-01,Ahmadnagar,1562
ladies finger,2016,September,614,389,1337,850,2016-09-01,Ahmadnagar,948
ladies finger,2016,October,324,720,3050,1885,2016-10-01,Ahmadnagar,2330
ladies finger,2016,November,114,900,3140,2030,2016-11-01,Ahmadnagar,2240
