Commodity,Year,Month,arrivals_in_qtl,min_price,max_price,modal_price,date,district_name,diff_price
sorgum(jawar),2014,September,39,1500,1600,1550,2014-09-01,Hingoli,100
sorgum(jawar),2014,October,56,1500,1550,1525,2014-10-01,Hingoli,50
sorgum(jawar),2014,December,121,1500,1529,1516,2014-12-01,Hingoli,29
sorgum(jawar),2015,February,101,1500,1500,1500,2015-02-01,Hingoli,0
sorgum(jawar),2015,March,1116,1357,1514,1436,2015-03-01,Hingoli,157
sorgum(jawar),2015,April,209,1340,1480,1410,2015-04-01,Hingoli,140
sorgum(jawar),2015,May,45,1300,1500,1400,2015-05-01,Hingoli,200
sorgum(jawar),2015,June,137,1267,1533,1400,2015-06-01,Hingoli,266
sorgum(jawar),2015,July,36,1600,1650,1625,2015-07-01,Hingoli,50
sorgum(jawar),2015,August,144,1550,1600,1575,2015-08-01,Hingoli,50
sorgum(jawar),2015,September,140,1480,1580,1530,2015-09-01,Hingoli,100
sorgum(jawar),2015,October,161,1588,1650,1644,2015-10-01,Hingoli,62
sorgum(jawar),2015,December,164,1500,1550,1525,2015-12-01,Hingoli,50
sorgum(jawar),2016,January,117,1450,1513,1483,2016-01-01,Hingoli,63
sorgum(jawar),2016,February,121,1500,1525,1513,2016-02-01,Hingoli,25
sorgum(jawar),2016,March,119,1475,1500,1488,2016-03-01,Hingoli,25
sorgum(jawar),2016,April,13,1500,1500,1500,2016-04-01,Hingoli,0
sorgum(jawar),2016,May,17,1500,1500,1500,2016-05-01,Hingoli,0
sorgum(jawar),2016,June,12,1500,1500,1500,2016-06-01,Hingoli,0
sorgum(jawar),2016,July,35,1500,1500,1500,2016-07-01,Hingoli,0
sorgum(jawar),2016,September,27,1685,1685,1685,2016-09-01,Hingoli,0
sorgum(jawar),2016,November,13,1625,1625,1625,2016-11-01,Hingoli,0
