Commodity,Year,Month,arrivals_in_qtl,min_price,max_price,modal_price,date,district_name,diff_price
pigeon pea (tur),2014,September,152,4083,4217,4150,2014-09-01,Hingoli,134
pigeon pea (tur),2014,October,304,4000,4214,4107,2014-10-01,Hingoli,214
pigeon pea (tur),2014,November,93,4000,4150,4075,2014-11-01,Hingoli,150
pigeon pea (tur),2014,December,467,4000,4120,4060,2014-12-01,Hingoli,120
pigeon pea (tur),2015,January,216,4450,4675,4550,2015-01-01,Hingoli,225
pigeon pea (tur),2015,February,414,5245,5445,5345,2015-02-01,Hingoli,200
pigeon pea (tur),2015,March,1200,5507,5747,5627,2015-03-01,Hingoli,240
pigeon pea (tur),2015,April,265,5650,5917,5783,2015-04-01,Hingoli,267
pigeon pea (tur),2015,June,280,5900,6300,6100,2015-06-01,Hingoli,400
pigeon pea (tur),2015,July,81,5525,5875,5700,2015-07-01,Hingoli,350
pigeon pea (tur),2015,August,99,6233,7167,6700,2015-08-01,Hingoli,934
pigeon pea (tur),2015,September,99,5300,5667,5467,2015-09-01,Hingoli,367
pigeon pea (tur),2015,October,89,5800,7825,6813,2015-10-01,Hingoli,2025
pigeon pea (tur),2015,December,139,6750,7500,7125,2015-12-01,Hingoli,750
pigeon pea (tur),2016,January,1067,7785,8523,8154,2016-01-01,Hingoli,738
pigeon pea (tur),2016,February,426,7438,7938,7688,2016-02-01,Hingoli,500
pigeon pea (tur),2016,March,469,7340,7870,7605,2016-03-01,Hingoli,530
pigeon pea (tur),2016,April,171,8000,8400,8200,2016-04-01,Hingoli,400
pigeon pea (tur),2016,May,22,8000,8500,8250,2016-05-01,Hingoli,500
pigeon pea (tur),2016,June,91,7833,8267,8067,2016-06-01,Hingoli,434
pigeon pea (tur),2016,July,122,7875,8500,8188,2016-07-01,Hingoli,625
pigeon pea (tur),2016,August,30,7000,7300,7150,2016-08-01,Hingoli,300
