Commodity,Year,Month,arrivals_in_qtl,min_price,max_price,modal_price,date,district_name,diff_price
soybean,2014,September,311,3627,3755,3677,2014-09-01,Hingoli,128
soybean,2014,October,1511,2671,2936,2811,2014-10-01,Hingoli,265
soybean,2014,November,1932,3065,3255,3160,2014-11-01,Hingoli,190
soybean,2014,December,3600,3026,3202,3105,2014-12-01,Hingoli,176
soybean,2015,January,1038,3055,3236,3159,2015-01-01,Hingoli,181
soybean,2015,February,374,3170,3280,3225,2015-02-01,Hingoli,110
soybean,2015,March,685,3144,3300,3222,2015-03-01,Hingoli,156
soybean,2015,April,315,3200,3380,3290,2015-04-01,Hingoli,180
soybean,2015,May,26,3400,3500,3450,2015-05-01,Hingoli,100
soybean,2015,June,407,3270,3480,3375,2015-06-01,Hingoli,210
soybean,2015,July,288,3286,3429,3357,2015-07-01,Hingoli,143
soybean,2015,August,258,3211,3344,3278,2015-08-01,Hingoli,133
soybean,2015,September,223,2880,3020,2950,2015-09-01,Hingoli,140
soybean,2015,October,5196,3281,3498,3392,2015-10-01,Hingoli,217
soybean,2015,November,3010,3257,3477,3363,2015-11-01,Hingoli,220
soybean,2015,December,998,3273,3432,3357,2015-12-01,Hingoli,159
soybean,2016,January,350,3367,3533,3452,2016-01-01,Hingoli,166
soybean,2016,February,588,3400,3576,3488,2016-02-01,Hingoli,176
soybean,2016,March,940,3410,3600,3505,2016-03-01,Hingoli,190
soybean,2016,April,147,3575,3700,3638,2016-04-01,Hingoli,125
soybean,2016,May,481,3600,3713,3663,2016-05-01,Hingoli,113
soybean,2016,June,118,3600,3733,3667,2016-06-01,Hingoli,133
soybean,2016,July,307,3588,3694,3641,2016-07-01,Hingoli,106
soybean,2016,August,294,3525,3663,3594,2016-08-01,Hingoli,138
soybean,2016,September,196,3280,3430,3355,2016-09-01,Hingoli,150
soybean,2016,October,3714,2779,2876,2830,2016-10-01,Hingoli,97
soybean,2016,November,2238,2778,2852,2814,2016-11-01,Hingoli,74
