Commodity,Year,Month,arrivals_in_qtl,min_price,max_price,modal_price,date,district_name,diff_price
wheat(husked),2014,September,98,1775,1825,1800,2014-09-01,Hingoli,50
wheat(husked),2014,October,89,1800,1810,1805,2014-10-01,Hingoli,10
wheat(husked),2014,November,66,1800,1800,1800,2014-11-01,Hingoli,0
wheat(husked),2014,December,149,1788,1825,1806,2014-12-01,Hingoli,37
wheat(husked),2015,January,19,1800,1800,1800,2015-01-01,Hingoli,0
wheat(husked),2015,February,65,1800,1800,1800,2015-02-01,Hingoli,0
wheat(husked),2015,March,2157,1520,1720,1620,2015-03-01,Hingoli,200
wheat(husked),2015,April,283,1520,1760,1650,2015-04-01,Hingoli,240
wheat(husked),2015,June,230,1580,1740,1660,2015-06-01,Hingoli,160
wheat(husked),2015,July,115,1788,1838,1816,2015-07-01,Hingoli,50
wheat(husked),2015,August,155,1775,1800,1788,2015-08-01,Hingoli,25
wheat(husked),2015,September,34,1800,1800,1800,2015-09-01,Hingoli,0
wheat(husked),2015,October,212,1792,1808,1800,2015-10-01,Hingoli,16
wheat(husked),2015,November,151,1750,1825,1788,2015-11-01,Hingoli,75
wheat(husked),2015,December,135,1775,1800,1788,2015-12-01,Hingoli,25
wheat(husked),2016,January,170,1763,1813,1790,2016-01-01,Hingoli,50
wheat(husked),2016,February,258,1764,1800,1782,2016-02-01,Hingoli,36
wheat(husked),2016,March,225,1790,1830,1810,2016-03-01,Hingoli,40
wheat(husked),2016,April,22,1800,1800,1800,2016-04-01,Hingoli,0
wheat(husked),2016,May,61,1800,1800,1800,2016-05-01,Hingoli,0
wheat(husked),2016,June,23,1800,1800,1800,2016-06-01,Hingoli,0
wheat(husked),2016,July,64,1767,1800,1783,2016-07-01,Hingoli,33
wheat(husked),2016,August,45,1800,1800,1800,2016-08-01,Hingoli,0
wheat(husked),2016,September,30,1800,1800,1800,2016-09-01,Hingoli,0
