Commodity,Year,Month,arrivals_in_qtl,min_price,max_price,modal_price,date,district_name,diff_price
shevga,2014,September,61,2308,3323,2866,2014-09-01,Solapur,1015
shevga,2014,October,42,2385,3246,2800,2014-10-01,Solapur,861
shevga,2014,November,56,3593,4886,4200,2014-11-01,Solapur,1293
shevga,2014,December,47,3300,4900,4067,2014-12-01,Solapur,1600
shevga,2015,January,52,4000,5667,4933,2015-01-01,Solapur,1667
shevga,2015,February,32,4111,5833,4944,2015-02-01,Solapur,1722
shevga,2015,March,54,2175,3175,2725,2015-03-01,Solapur,1000
shevga,2015,April,83,1235,2006,1659,2015-04-01,Solapur,771
shevga,2015,May,554,1992,2977,2423,2015-05-01,Solapur,985
shevga,2015,June,70,3667,5133,4767,2015-06-01,Solapur,1466
shevga,2015,July,55,3833,5425,5425,2015-07-01,Solapur,1592
shevga,2015,August,196,1676,2529,2529,2015-08-01,Solapur,853
shevga,2015,September,218,1250,2175,2175,2015-09-01,Solapur,925
shevga,2015,October,181,1988,3513,3513,2015-10-01,Solapur,1525
shevga,2015,November,90,3357,5214,5214,2015-11-01,Solapur,1857
shevga,2015,December,174,2333,4211,4211,2015-12-01,Solapur,1878
shevga,2016,January,181,2000,3982,3982,2016-01-01,Solapur,1982
shevga,2016,February,474,1343,2593,2593,2016-02-01,Solapur,1250
shevga,2016,March,393,753,1513,1513,2016-03-01,Solapur,760
shevga,2016,April,323,544,1089,1089,2016-04-01,Solapur,545
shevga,2016,May,364,1111,2033,2033,2016-05-01,Solapur,922
shevga,2016,June,356,2410,4033,4033,2016-06-01,Solapur,1623
shevga,2016,July,306,2700,4281,4281,2016-07-01,Solapur,1581
shevga,2016,August,305,1740,3152,3152,2016-08-01,Solapur,1412
shevga,2016,September,210,1590,3065,2460,2016-09-01,Solapur,1475
shevga,2016,October,268,2237,3711,3058,2016-10-01,Solapur,1474
shevga,2016,November,170,4170,6270,5225,2016-11-01,Solapur,2100
