Commodity,Year,Month,arrivals_in_qtl,min_price,max_price,modal_price,date,district_name,diff_price
coriander  ,2014,October,15,600,1000,800,2014-10-01,Solapur,400
coriander  ,2014,November,1200,7,12,8,2014-11-01,Solapur,5
coriander  ,2014,December,1500,1,3,2,2014-12-01,Solapur,2
coriander  ,2015,March,3000,2,5,3,2015-03-01,Solapur,3
coriander  ,2015,May,2000,2,4,3,2015-05-01,Solapur,2
coriander  ,2015,June,3,2000,3200,3200,2015-06-01,Solapur,1200
coriander  ,2015,September,1500,4,6,6,2015-09-01,Solapur,2
coriander  ,2015,December,2800,3,5,5,2015-12-01,Solapur,2
coriander  ,2016,February,13,68,102,102,2016-02-01,Solapur,34
coriander  ,2016,April,800,5,10,10,2016-04-01,Solapur,5
coriander  ,2016,June,2100,10,15,15,2016-06-01,Solapur,5
coriander  ,2016,July,12,253,406,406,2016-07-01,Solapur,153
coriander  ,2016,August,3500,1,2,2,2016-08-01,Solapur,1
coriander  ,2016,September,3200,3,5,4,2016-09-01,Solapur,2
