Commodity,Year,Month,arrivals_in_qtl,min_price,max_price,modal_price,date,district_name,diff_price
onion,2014,September,2521,1200,1936,1621,2014-09-01,Solapur,736
onion,2014,October,717,985,1769,1469,2014-10-01,Solapur,784
onion,2014,November,1090,747,1559,1068,2014-11-01,Solapur,812
onion,2014,December,720,656,1513,1050,2014-12-01,Solapur,857
onion,2015,January,997,753,1589,1174,2015-01-01,Solapur,836
onion,2015,February,560,880,1800,1395,2015-02-01,Solapur,920
onion,2015,March,768,919,1606,1313,2015-03-01,Solapur,687
onion,2015,April,720,789,1321,1055,2015-04-01,Solapur,532
onion,2015,May,443,862,1369,1131,2015-05-01,Solapur,507
onion,2015,June,742,1247,2080,1934,2015-06-01,Solapur,833
onion,2015,July,475,1443,2686,2686,2015-07-01,Solapur,1243
onion,2015,August,630,2200,4553,4553,2015-08-01,Solapur,2353
onion,2015,September,760,2082,4688,4665,2015-09-01,Solapur,2606
onion,2015,October,644,1363,3763,3763,2015-10-01,Solapur,2400
onion,2015,November,570,1336,3421,3421,2015-11-01,Solapur,2085
onion,2015,December,981,900,2353,2353,2015-12-01,Solapur,1453
onion,2016,January,918,918,2135,2135,2016-01-01,Solapur,1217
onion,2016,February,928,675,1738,1738,2016-02-01,Solapur,1063
onion,2016,March,959,593,1300,1300,2016-03-01,Solapur,707
onion,2016,April,595,344,833,833,2016-04-01,Solapur,489
onion,2016,May,989,500,1181,1181,2016-05-01,Solapur,681
onion,2016,June,909,386,840,840,2016-06-01,Solapur,454
onion,2016,July,591,395,985,985,2016-07-01,Solapur,590
onion,2016,August,716,324,820,820,2016-08-01,Solapur,496
onion,2016,September,630,295,753,568,2016-09-01,Solapur,458
onion,2016,October,1912,258,674,442,2016-10-01,Solapur,416
onion,2016,November,2443,331,883,633,2016-11-01,Solapur,552
