Commodity,Year,Month,arrivals_in_qtl,min_price,max_price,modal_price,date,district_name,diff_price
garlic,2014,September,15,2925,4125,3425,2014-09-01,Solapur,1200
garlic,2014,October,45,3750,6000,4950,2014-10-01,Solapur,2250
garlic,2014,November,126,3157,4336,3800,2014-11-01,Solapur,1179
garlic,2014,December,63,2133,3247,2667,2014-12-01,Solapur,1114
garlic,2015,January,79,2159,3118,2582,2015-01-01,Solapur,959
garlic,2015,February,56,3050,4250,3630,2015-02-01,Solapur,1200
garlic,2015,March,100,2647,3833,3330,2015-03-01,Solapur,1186
garlic,2015,April,78,2658,3842,3237,2015-04-01,Solapur,1184
garlic,2015,May,47,2923,3923,3415,2015-05-01,Solapur,1000
garlic,2015,June,72,3526,4816,4474,2015-06-01,Solapur,1290
garlic,2015,July,50,3615,5115,5115,2015-07-01,Solapur,1500
garlic,2015,August,71,3816,5684,5684,2015-08-01,Solapur,1868
garlic,2015,September,57,3781,6156,6156,2015-09-01,Solapur,2375
garlic,2015,October,69,3813,6438,6438,2015-10-01,Solapur,2625
garlic,2015,November,44,4308,7115,7115,2015-11-01,Solapur,2807
garlic,2015,December,72,8789,11816,11816,2015-12-01,Solapur,3027
garlic,2016,January,64,9688,12500,12500,2016-01-01,Solapur,2812
garlic,2016,February,102,7653,11400,11400,2016-02-01,Solapur,3747
garlic,2016,March,114,5456,7469,7469,2016-03-01,Solapur,2013
garlic,2016,April,87,4722,6167,6167,2016-04-01,Solapur,1445
garlic,2016,May,106,4447,6035,6035,2016-05-01,Solapur,1588
garlic,2016,June,111,5595,7714,7714,2016-06-01,Solapur,2119
garlic,2016,July,114,6270,9600,9600,2016-07-01,Solapur,3330
garlic,2016,August,154,8240,10880,10880,2016-08-01,Solapur,2640
garlic,2016,September,89,8324,11571,10143,2016-09-01,Solapur,3247
garlic,2016,October,59,7711,11111,9639,2016-10-01,Solapur,3400
garlic,2016,November,71,7289,9968,8605,2016-11-01,Solapur,2679
