Commodity,Year,Month,arrivals_in_qtl,min_price,max_price,modal_price,date,district_name,diff_price
wheat(husked),2014,September,224,1559,1599,1570,2014-09-01,Solapur,40
wheat(husked),2014,October,241,1440,1515,1495,2014-10-01,Solapur,75
wheat(husked),2014,November,177,1587,1610,1610,2014-11-01,Solapur,23
wheat(husked),2014,December,44,1584,1613,1613,2014-12-01,Solapur,29
wheat(husked),2015,January,70,1617,1617,1617,2015-01-01,Solapur,0
wheat(husked),2015,February,16,1528,1528,1528,2015-02-01,Solapur,0
wheat(husked),2015,March,250,1486,1579,1546,2015-03-01,Solapur,93
wheat(husked),2015,April,92,1618,1869,1806,2015-04-01,Solapur,251
wheat(husked),2015,May,38,1519,1607,1607,2015-05-01,Solapur,88
wheat(husked),2015,June,58,1508,1508,1508,2015-06-01,Solapur,0
wheat(husked),2015,July,494,1543,1713,1713,2015-07-01,Solapur,170
wheat(husked),2015,August,32,1530,1855,1855,2015-08-01,Solapur,325
wheat(husked),2015,September,477,1554,1781,1781,2015-09-01,Solapur,227
wheat(husked),2016,January,7,2260,2260,2260,2016-01-01,Solapur,0
wheat(husked),2016,March,28,1811,1811,1811,2016-03-01,Solapur,0
wheat(husked),2016,June,37,2001,2201,2201,2016-06-01,Solapur,200
wheat(husked),2016,August,7,2005,2005,2005,2016-08-01,Solapur,0
wheat(husked),2016,September,42,1651,1651,1651,2016-09-01,Solapur,0
