Commodity,Year,Month,arrivals_in_qtl,min_price,max_price,modal_price,date,district_name,diff_price
banana,2014,September,1915,300,856,650,2014-09-01,Solapur,556
banana,2014,October,652,500,1200,1000,2014-10-01,Solapur,700
banana,2014,November,921,650,1150,975,2014-11-01,Solapur,500
banana,2014,December,714,620,1088,900,2014-12-01,Solapur,468
banana,2015,February,550,200,800,600,2015-02-01,Solapur,600
banana,2015,April,4395,105,334,235,2015-04-01,Solapur,229
banana,2015,May,3190,260,644,510,2015-05-01,Solapur,384
banana,2015,June,815,475,845,790,2015-06-01,Solapur,370
banana,2015,July,1690,350,765,765,2015-07-01,Solapur,415
banana,2015,August,2310,250,600,600,2015-08-01,Solapur,350
banana,2015,September,2260,150,630,630,2015-09-01,Solapur,480
banana,2015,October,2005,300,690,690,2015-10-01,Solapur,390
banana,2015,November,4477,225,612,612,2015-11-01,Solapur,387
banana,2015,December,1100,167,407,347,2015-12-01,Solapur,240
banana,2016,January,3000,155,342,342,2016-01-01,Solapur,187
banana,2016,February,1880,138,300,300,2016-02-01,Solapur,162
banana,2016,March,1810,131,333,333,2016-03-01,Solapur,202
banana,2016,April,2725,460,834,834,2016-04-01,Solapur,374
banana,2016,May,2260,420,928,888,2016-05-01,Solapur,508
banana,2016,June,1400,560,1160,1160,2016-06-01,Solapur,600
banana,2016,July,320,600,1300,1300,2016-07-01,Solapur,700
banana,2016,August,1105,433,1275,1275,2016-08-01,Solapur,842
banana,2016,September,660,360,1310,1135,2016-09-01,Solapur,950
