Commodity,Year,Month,arrivals_in_qtl,min_price,max_price,modal_price,date,district_name,diff_price
ground nut pods (dry),2014,September,108,2675,3538,3121,2014-09-01,Solapur,863
ground nut pods (dry),2014,October,52,2992,3617,3383,2014-10-01,Solapur,625
ground nut pods (dry),2014,November,3,2000,3000,2500,2014-11-01,Solapur,1000
ground nut pods (dry),2015,January,18,3250,3250,3250,2015-01-01,Solapur,0
ground nut pods (dry),2015,April,85,3156,3975,3575,2015-04-01,Solapur,819
ground nut pods (dry),2015,May,237,2200,2954,2585,2015-05-01,Solapur,754
ground nut pods (dry),2015,June,386,2542,3137,3011,2015-06-01,Solapur,595
ground nut pods (dry),2015,July,105,3538,4075,4075,2015-07-01,Solapur,537
ground nut pods (dry),2015,August,115,3375,4358,4358,2015-08-01,Solapur,983
ground nut pods (dry),2015,September,46,3717,4675,4675,2015-09-01,Solapur,958
ground nut pods (dry),2015,October,3,4100,4100,4100,2015-10-01,Solapur,0
ground nut pods (dry),2015,November,13,3167,4600,4600,2015-11-01,Solapur,1433
ground nut pods (dry),2015,December,24,4100,4600,4600,2015-12-01,Solapur,500
ground nut pods (dry),2016,January,3,4000,4000,4000,2016-01-01,Solapur,0
ground nut pods (dry),2016,April,19,3000,3600,3600,2016-04-01,Solapur,600
ground nut pods (dry),2016,May,174,2933,3875,3875,2016-05-01,Solapur,942
ground nut pods (dry),2016,June,282,3063,3805,3805,2016-06-01,Solapur,742
ground nut pods (dry),2016,July,368,3419,4376,4376,2016-07-01,Solapur,957
ground nut pods (dry),2016,August,267,3604,4736,4736,2016-08-01,Solapur,1132
ground nut pods (dry),2016,September,61,3882,5364,4709,2016-09-01,Solapur,1482
ground nut pods (dry),2016,October,13,4250,5650,5000,2016-10-01,Solapur,1400
