Commodity,Year,Month,arrivals_in_qtl,min_price,max_price,modal_price,date,district_name,diff_price
chillies(red),2014,September,343,2507,3486,3014,2014-09-01,Solapur,979
chillies(red),2014,October,252,2323,3569,3069,2014-10-01,Solapur,1246
chillies(red),2014,November,428,2253,3365,2776,2014-11-01,Solapur,1112
chillies(red),2014,December,472,1688,2641,2171,2014-12-01,Solapur,953
chillies(red),2015,January,472,1974,3311,2653,2015-01-01,Solapur,1337
chillies(red),2015,February,259,2250,3600,2840,2015-02-01,Solapur,1350
chillies(red),2015,March,285,2773,3900,3353,2015-03-01,Solapur,1127
chillies(red),2015,April,318,2120,3133,2667,2015-04-01,Solapur,1013
chillies(red),2015,May,90,2460,3500,2980,2015-05-01,Solapur,1040
chillies(red),2015,June,77,2750,3875,3375,2015-06-01,Solapur,1125
chillies(red),2015,July,10,1500,2000,2000,2015-07-01,Solapur,500
chillies(red),2015,August,196,2318,3636,3636,2015-08-01,Solapur,1318
chillies(red),2015,September,123,1714,2671,2671,2015-09-01,Solapur,957
chillies(red),2015,October,25,1500,2750,2750,2015-10-01,Solapur,1250
chillies(red),2015,November,80,1617,2717,2717,2015-11-01,Solapur,1100
chillies(red),2015,December,26,1500,2500,2500,2015-12-01,Solapur,1000
chillies(red),2016,March,66,3875,5250,5250,2016-03-01,Solapur,1375
chillies(red),2016,April,36,5333,7333,7333,2016-04-01,Solapur,2000
chillies(red),2016,May,97,5667,8250,8250,2016-05-01,Solapur,2583
chillies(red),2016,June,91,4625,7000,7000,2016-06-01,Solapur,2375
chillies(red),2016,July,174,4200,7100,7100,2016-07-01,Solapur,2900
chillies(red),2016,August,159,2900,5550,5550,2016-08-01,Solapur,2650
chillies(red),2016,September,120,1117,2000,1683,2016-09-01,Solapur,883
chillies(red),2016,November,15,700,1200,1000,2016-11-01,Solapur,500
