Commodity,Year,Month,arrivals_in_qtl,min_price,max_price,modal_price,date,district_name,diff_price
lemon,2015,April,2500,1,2,2,2015-04-01,Solapur,1
lemon,2015,June,4000,1,1,1,2015-06-01,Solapur,0
lemon,2015,July,3000,1,1,1,2015-07-01,Solapur,0
lemon,2015,August,5000,1,1,1,2015-08-01,Solapur,0
lemon,2015,September,4000,1,1,1,2015-09-01,Solapur,0
lemon,2016,February,2815,26,51,51,2016-02-01,Solapur,25
lemon,2016,May,4500,1,2,2,2016-05-01,Solapur,1
lemon,2016,July,6,500,1000,1000,2016-07-01,Solapur,500
