Commodity,Year,Month,arrivals_in_qtl,min_price,max_price,modal_price,date,district_name,diff_price
soybean,2014,October,36391,2763,3058,2910,2014-10-01,Akola,295
soybean,2014,November,131840,3058,3271,3165,2014-11-01,Akola,213
soybean,2014,December,64391,2979,3227,3099,2014-12-01,Akola,248
soybean,2015,January,32733,3021,3269,3141,2015-01-01,Akola,248
soybean,2015,February,31672,3060,3292,3165,2015-02-01,Akola,232
soybean,2015,March,11917,3044,3261,3153,2015-03-01,Akola,217
soybean,2015,April,10135,3182,3499,3336,2015-04-01,Akola,317
soybean,2015,June,14949,3233,3511,3376,2015-06-01,Akola,278
soybean,2015,July,13351,3132,3470,3302,2015-07-01,Akola,338
soybean,2015,August,10923,2995,3252,3177,2015-08-01,Akola,257
soybean,2015,September,8700,2988,3268,3171,2015-09-01,Akola,280
soybean,2015,October,132827,3312,3719,3529,2015-10-01,Akola,407
soybean,2015,November,68198,3417,3794,3602,2015-11-01,Akola,377
soybean,2015,December,51285,3306,3691,3516,2015-12-01,Akola,385
soybean,2016,January,48755,3281,3702,3499,2016-01-01,Akola,421
soybean,2016,February,45080,3294,3677,3490,2016-02-01,Akola,383
soybean,2016,March,28528,3328,3711,3536,2016-03-01,Akola,383
soybean,2016,April,19127,3541,4028,3806,2016-04-01,Akola,487
soybean,2016,May,32744,3364,3867,3615,2016-05-01,Akola,503
soybean,2016,June,24949,3280,3785,3535,2016-06-01,Akola,505
soybean,2016,July,7349,3283,3704,3495,2016-07-01,Akola,421
soybean,2016,August,19082,3123,3472,3302,2016-08-01,Akola,349
soybean,2016,September,6011,2872,3266,3066,2016-09-01,Akola,394
soybean,2016,October,109431,2365,2997,2680,2016-10-01,Akola,632
soybean,2016,November,156009,2406,2844,2631,2016-11-01,Akola,438
