Commodity,Year,Month,arrivals_in_qtl,min_price,max_price,modal_price,date,district_name,diff_price
black gram,2014,October,2824,4275,4636,4456,2014-10-01,Akola,361
black gram,2014,November,1652,4885,5189,5037,2014-11-01,Akola,304
black gram,2014,December,1499,5141,5583,5370,2014-12-01,Akola,442
black gram,2015,January,567,5171,5774,5472,2015-01-01,Akola,603
black gram,2015,February,168,5194,5668,5431,2015-02-01,Akola,474
black gram,2015,March,57,5158,5867,5479,2015-03-01,Akola,709
black gram,2015,April,60,5775,6900,6300,2015-04-01,Akola,1125
black gram,2015,June,335,7281,7940,7611,2015-06-01,Akola,659
black gram,2015,July,173,6728,7778,7281,2015-07-01,Akola,1050
black gram,2015,August,286,6779,7834,7379,2015-08-01,Akola,1055
black gram,2015,September,2038,7786,8781,8338,2015-09-01,Akola,995
black gram,2015,October,2360,9695,11434,10652,2015-10-01,Akola,1739
black gram,2015,November,397,9500,10545,10042,2015-11-01,Akola,1045
black gram,2015,December,514,8547,10533,9772,2015-12-01,Akola,1986
black gram,2016,January,351,8289,10018,9239,2016-01-01,Akola,1729
black gram,2016,February,201,8443,9710,9095,2016-02-01,Akola,1267
black gram,2016,March,176,8938,9419,9178,2016-03-01,Akola,481
black gram,2016,April,93,10025,11725,10875,2016-04-01,Akola,1700
black gram,2016,May,379,8881,11542,10211,2016-05-01,Akola,2661
black gram,2016,June,465,9869,12075,10844,2016-06-01,Akola,2206
black gram,2016,July,107,9850,11625,10738,2016-07-01,Akola,1775
black gram,2016,August,135,6509,7984,7361,2016-08-01,Akola,1475
black gram,2016,September,18014,6339,7210,6774,2016-09-01,Akola,871
black gram,2016,October,18547,5803,7407,6605,2016-10-01,Akola,1604
black gram,2016,November,10831,5936,7189,6568,2016-11-01,Akola,1253
