Commodity,Year,Month,arrivals_in_qtl,min_price,max_price,modal_price,date,district_name,diff_price
tomato,2014,November,25969,137,411,371,2014-11-01,Ahmadnagar,274
tomato,2014,December,13727,272,867,522,2014-12-01,Ahmadnagar,595
tomato,2015,August,48,200,1125,1000,2015-08-01,Ahmadnagar,925
tomato,2015,September,15582,241,932,739,2015-09-01,Ahmadnagar,691
tomato,2015,October,33893,330,1031,783,2015-10-01,Ahmadnagar,701
tomato,2015,November,11463,684,1624,1161,2015-11-01,Ahmadnagar,940
tomato,2015,December,49,400,1100,850,2015-12-01,Ahmadnagar,700
tomato,2016,October,1440,319,563,421,2016-10-01,Ahmadnagar,244
tomato,2016,November,17412,170,403,332,2016-11-01,Ahmadnagar,233
