Commodity,Year,Month,arrivals_in_qtl,min_price,max_price,modal_price,date,district_name,diff_price
pigeon pea (tur),2014,October,3436,4642,5050,4831,2014-10-01,Akola,408
pigeon pea (tur),2014,November,3341,4728,5330,4962,2014-11-01,Akola,602
pigeon pea (tur),2014,December,4039,4491,4971,4731,2014-12-01,Akola,480
pigeon pea (tur),2015,January,28782,4828,5505,5166,2015-01-01,Akola,677
pigeon pea (tur),2015,February,52891,5110,5907,5529,2015-02-01,Akola,797
pigeon pea (tur),2015,March,18069,5238,6090,5724,2015-03-01,Akola,852
pigeon pea (tur),2015,April,16978,5232,6516,5748,2015-04-01,Akola,1284
pigeon pea (tur),2015,June,11387,6387,7373,6896,2015-06-01,Akola,986
pigeon pea (tur),2015,July,4797,6493,7366,6947,2015-07-01,Akola,873
pigeon pea (tur),2015,August,4778,7189,8879,8131,2015-08-01,Akola,1690
pigeon pea (tur),2015,September,2496,8002,9494,9079,2015-09-01,Akola,1492
pigeon pea (tur),2015,October,1719,8694,10971,10024,2015-10-01,Akola,2277
pigeon pea (tur),2015,November,912,8173,9827,9130,2015-11-01,Akola,1654
pigeon pea (tur),2015,December,23292,8133,10061,9307,2015-12-01,Akola,1928
pigeon pea (tur),2016,January,85670,7943,9327,8702,2016-01-01,Akola,1384
pigeon pea (tur),2016,February,32439,7504,8510,8013,2016-02-01,Akola,1006
pigeon pea (tur),2016,March,21551,7335,8385,7907,2016-03-01,Akola,1050
pigeon pea (tur),2016,April,14074,8326,9343,8886,2016-04-01,Akola,1017
pigeon pea (tur),2016,May,17078,7972,8944,8460,2016-05-01,Akola,972
pigeon pea (tur),2016,June,21276,8231,8951,8612,2016-06-01,Akola,720
pigeon pea (tur),2016,July,5309,7988,8691,8345,2016-07-01,Akola,703
pigeon pea (tur),2016,August,4264,5845,6383,6112,2016-08-01,Akola,538
pigeon pea (tur),2016,September,9725,6164,6829,6496,2016-09-01,Akola,665
pigeon pea (tur),2016,October,9161,5998,6712,6355,2016-10-01,Akola,714
pigeon pea (tur),2016,November,9895,5329,5937,5630,2016-11-01,Akola,608
