Commodity,Year,Month,arrivals_in_qtl,min_price,max_price,modal_price,date,district_name,diff_price
green gram,2014,October,4581,6736,7425,7082,2014-10-01,Akola,689
green gram,2014,November,2394,7540,8173,7856,2014-11-01,Akola,633
green gram,2014,December,1383,7312,7980,7645,2014-12-01,Akola,668
green gram,2015,January,822,7314,7983,7649,2015-01-01,Akola,669
green gram,2015,February,262,6992,7677,7298,2015-02-01,Akola,685
green gram,2015,March,112,7100,7667,7383,2015-03-01,Akola,567
green gram,2015,April,204,7250,8020,7685,2015-04-01,Akola,770
green gram,2015,June,871,6539,7848,7220,2015-06-01,Akola,1309
green gram,2015,July,895,5711,6580,6178,2015-07-01,Akola,869
green gram,2015,August,689,5620,6675,6120,2015-08-01,Akola,1055
green gram,2015,September,4806,6788,8092,7618,2015-09-01,Akola,1304
green gram,2015,October,4645,7951,8908,8438,2015-10-01,Akola,957
green gram,2015,November,862,7194,7897,7539,2015-11-01,Akola,703
green gram,2015,December,1656,6526,7431,7075,2015-12-01,Akola,905
green gram,2016,January,747,6254,7063,6750,2016-01-01,Akola,809
green gram,2016,February,337,6028,6736,6365,2016-02-01,Akola,708
green gram,2016,March,431,5990,6788,6439,2016-03-01,Akola,798
green gram,2016,April,192,5971,6936,6446,2016-04-01,Akola,965
green gram,2016,May,487,5352,6038,5695,2016-05-01,Akola,686
green gram,2016,June,1307,5437,6357,5865,2016-06-01,Akola,920
green gram,2016,July,366,5060,5620,5390,2016-07-01,Akola,560
green gram,2016,August,1684,4209,4682,4464,2016-08-01,Akola,473
green gram,2016,September,25209,4273,5102,4688,2016-09-01,Akola,829
green gram,2016,October,16521,4198,5119,4658,2016-10-01,Akola,921
green gram,2016,November,7642,4325,5094,4701,2016-11-01,Akola,769
