Commodity,Year,Month,arrivals_in_qtl,min_price,max_price,modal_price,date,district_name,diff_price
safflower,2015,February,20,1800,1800,1800,2015-02-01,Akola,0
safflower,2015,March,6,2400,2400,2400,2015-03-01,Akola,0
safflower,2015,April,100,2358,2442,2392,2015-04-01,Akola,84
safflower,2015,June,11,2250,2250,2250,2015-06-01,Akola,0
safflower,2015,November,1,2100,2100,2100,2015-11-01,Akola,0
safflower,2016,February,32,1850,1875,1875,2016-02-01,Akola,25
safflower,2016,March,179,1975,2161,2061,2016-03-01,Akola,186
safflower,2016,May,28,1811,1811,1811,2016-05-01,Akola,0
safflower,2016,November,26,2067,2067,2067,2016-11-01,Akola,0
