Commodity,Year,Month,arrivals_in_qtl,min_price,max_price,modal_price,date,district_name,diff_price
black gram,2015,January,16,5175,5500,5270,2015-01-01,Akola,325
black gram,2015,July,30,6505,7195,6850,2015-07-01,Akola,690
black gram,2015,August,30,6705,7755,7230,2015-08-01,Akola,1050
black gram,2015,September,350,7394,8273,7833,2015-09-01,Akola,879
black gram,2015,October,1485,8915,11136,10025,2015-10-01,Akola,2221
black gram,2015,November,326,7577,8438,8010,2015-11-01,Akola,861
black gram,2015,December,327,6294,7792,7043,2015-12-01,Akola,1498
black gram,2016,January,61,6433,8390,7412,2016-01-01,Akola,1957
black gram,2016,February,6,6645,7665,7155,2016-02-01,Akola,1020
black gram,2016,April,42,7623,9100,8362,2016-04-01,Akola,1477
black gram,2016,May,229,8719,10038,9379,2016-05-01,Akola,1319
black gram,2016,June,520,8557,11598,10078,2016-06-01,Akola,3041
black gram,2016,July,99,7065,8470,7768,2016-07-01,Akola,1405
black gram,2016,August,75,5753,6300,6016,2016-08-01,Akola,547
black gram,2016,September,8021,5068,6543,5910,2016-09-01,Akola,1475
black gram,2016,October,18450,4841,7209,6003,2016-10-01,Akola,2368
black gram,2016,November,9875,4958,6748,5853,2016-11-01,Akola,1790
