Commodity,Year,Month,arrivals_in_qtl,min_price,max_price,modal_price,date,district_name,diff_price
ground nut pods (dry),2015,June,1950,4420,5580,5070,2015-06-01,Akola,1160
ground nut pods (dry),2015,July,1675,4643,5382,5013,2015-07-01,Akola,739
ground nut pods (dry),2015,August,415,4952,5509,5230,2015-08-01,Akola,557
ground nut pods (dry),2016,April,35150,3595,5040,4318,2016-04-01,Akola,1445
ground nut pods (dry),2016,May,88232,3792,5315,4570,2016-05-01,Akola,1523
ground nut pods (dry),2016,June,14275,4802,5700,5250,2016-06-01,Akola,898
ground nut pods (dry),2016,July,1450,5040,5732,5386,2016-07-01,Akola,692
ground nut pods (dry),2016,August,1010,4931,5394,5179,2016-08-01,Akola,463
ground nut pods (dry),2016,September,55,4150,4580,4365,2016-09-01,Akola,430
