Commodity,Year,Month,arrivals_in_qtl,min_price,max_price,modal_price,date,district_name,diff_price
pigeon pea (tur),2015,January,724,4125,4840,4675,2015-01-01,Akola,715
pigeon pea (tur),2015,April,5200,5279,6397,5871,2015-04-01,Akola,1118
pigeon pea (tur),2015,June,2505,5968,7151,6618,2015-06-01,Akola,1183
pigeon pea (tur),2015,July,2230,5819,6602,6133,2015-07-01,Akola,783
pigeon pea (tur),2015,August,2050,7840,9151,8468,2015-08-01,Akola,1311
pigeon pea (tur),2015,September,260,8220,9400,8810,2015-09-01,Akola,1180
pigeon pea (tur),2015,October,105,7667,9000,8333,2015-10-01,Akola,1333
pigeon pea (tur),2015,November,189,6564,7741,7131,2015-11-01,Akola,1177
pigeon pea (tur),2015,December,17770,6815,8894,7854,2015-12-01,Akola,2079
pigeon pea (tur),2016,January,37927,7780,9124,8468,2016-01-01,Akola,1344
pigeon pea (tur),2016,February,13484,7266,8256,7761,2016-02-01,Akola,990
pigeon pea (tur),2016,March,1542,6951,8101,7526,2016-03-01,Akola,1150
pigeon pea (tur),2016,April,13726,8393,9058,8725,2016-04-01,Akola,665
pigeon pea (tur),2016,May,7602,8157,8788,8473,2016-05-01,Akola,631
pigeon pea (tur),2016,June,8788,8102,8807,8450,2016-06-01,Akola,705
pigeon pea (tur),2016,July,4642,7479,8301,7891,2016-07-01,Akola,822
pigeon pea (tur),2016,August,4810,5713,6396,6067,2016-08-01,Akola,683
pigeon pea (tur),2016,September,4552,6037,6853,6456,2016-09-01,Akola,816
pigeon pea (tur),2016,October,2265,5830,6373,6102,2016-10-01,Akola,543
pigeon pea (tur),2016,November,1905,5176,5563,5363,2016-11-01,Akola,387
