Commodity,Year,Month,arrivals_in_qtl,min_price,max_price,modal_price,date,district_name,diff_price
sorgum(jawar),2015,January,210,1350,1563,1365,2015-01-01,Akola,213
sorgum(jawar),2015,April,375,1184,1290,1237,2015-04-01,Akola,106
sorgum(jawar),2015,June,130,1042,1157,1108,2015-06-01,Akola,115
sorgum(jawar),2015,July,185,1040,1138,1089,2015-07-01,Akola,98
sorgum(jawar),2015,August,300,1083,1190,1136,2015-08-01,Akola,107
sorgum(jawar),2015,September,250,1106,1268,1200,2015-09-01,Akola,162
sorgum(jawar),2015,October,3550,1067,1231,1149,2015-10-01,Akola,164
sorgum(jawar),2015,November,15045,1217,1404,1314,2015-11-01,Akola,187
sorgum(jawar),2015,December,7136,1279,1394,1337,2015-12-01,Akola,115
sorgum(jawar),2016,January,1655,1274,1361,1317,2016-01-01,Akola,87
sorgum(jawar),2016,February,1605,1318,1394,1356,2016-02-01,Akola,76
sorgum(jawar),2016,March,170,1320,1368,1345,2016-03-01,Akola,48
sorgum(jawar),2016,April,1368,1337,1401,1369,2016-04-01,Akola,64
sorgum(jawar),2016,May,872,1361,1430,1396,2016-05-01,Akola,69
sorgum(jawar),2016,June,397,1449,1511,1477,2016-06-01,Akola,62
sorgum(jawar),2016,July,308,1421,1516,1466,2016-07-01,Akola,95
sorgum(jawar),2016,August,944,1463,1528,1496,2016-08-01,Akola,65
sorgum(jawar),2016,September,805,1435,1508,1471,2016-09-01,Akola,73
sorgum(jawar),2016,October,4880,1179,1362,1271,2016-10-01,Akola,183
sorgum(jawar),2016,November,20350,1213,1570,1392,2016-11-01,Akola,357
