Commodity,Year,Month,arrivals_in_qtl,min_price,max_price,modal_price,date,district_name,diff_price
gram,2015,January,155,2875,3340,3195,2015-01-01,Akola,465
gram,2015,April,11050,3476,3821,3664,2015-04-01,Akola,345
gram,2015,June,2425,3857,4076,3974,2015-06-01,Akola,219
gram,2015,July,2245,3898,4223,4060,2015-07-01,Akola,325
gram,2015,August,1480,4085,4625,4348,2015-08-01,Akola,540
gram,2015,September,495,4074,4744,4409,2015-09-01,Akola,670
gram,2015,October,1130,4381,5004,4692,2015-10-01,Akola,623
gram,2015,November,715,3897,4447,4172,2015-11-01,Akola,550
gram,2015,December,717,3687,4241,3964,2015-12-01,Akola,554
gram,2016,January,17913,4249,4491,4376,2016-01-01,Akola,242
gram,2016,February,35898,4030,4349,4190,2016-02-01,Akola,319
gram,2016,March,8825,3986,4346,4167,2016-03-01,Akola,360
gram,2016,April,17853,5137,5377,5257,2016-04-01,Akola,240
gram,2016,May,7065,5459,5817,5638,2016-05-01,Akola,358
gram,2016,June,3245,6542,6743,6644,2016-06-01,Akola,201
gram,2016,July,1290,7606,7988,7797,2016-07-01,Akola,382
gram,2016,August,1491,6188,6926,6543,2016-08-01,Akola,738
gram,2016,September,875,7155,7939,7547,2016-09-01,Akola,784
gram,2016,October,1805,7998,9287,8823,2016-10-01,Akola,1289
gram,2016,November,625,7622,8710,8166,2016-11-01,Akola,1088
