Commodity,Year,Month,arrivals_in_qtl,min_price,max_price,modal_price,date,district_name,diff_price
cotton,2015,January,650,3950,4050,3950,2015-01-01,Akola,100
cotton,2015,April,6350,3944,4441,4210,2015-04-01,Akola,497
cotton,2015,November,4900,4174,4246,4210,2015-11-01,Akola,72
cotton,2015,December,16565,4478,4560,4519,2015-12-01,Akola,82
cotton,2016,January,21775,4749,4834,4792,2016-01-01,Akola,85
cotton,2016,February,42675,4591,4709,4650,2016-02-01,Akola,118
cotton,2016,March,4600,4533,4638,4586,2016-03-01,Akola,105
cotton,2016,April,25560,4871,5041,4963,2016-04-01,Akola,170
cotton,2016,May,14830,5027,5140,5087,2016-05-01,Akola,113
cotton,2016,June,750,5405,5470,5438,2016-06-01,Akola,65
cotton,2016,November,12425,5085,5161,5120,2016-11-01,Akola,76
