Commodity,Year,Month,arrivals_in_qtl,min_price,max_price,modal_price,date,district_name,diff_price
rice(paddy-hus),2014,September,870,1500,1700,1603,2014-09-01,Raigad,200
rice(paddy-hus),2014,October,900,1500,1700,1600,2014-10-01,Raigad,200
rice(paddy-hus),2014,November,900,1500,1700,1600,2014-11-01,Raigad,200
rice(paddy-hus),2014,December,870,1500,1700,1600,2014-12-01,Raigad,200
rice(paddy-hus),2015,January,870,1500,1700,1600,2015-01-01,Raigad,200
rice(paddy-hus),2015,February,600,1500,1700,1600,2015-02-01,Raigad,200
rice(paddy-hus),2015,March,660,1500,1700,1600,2015-03-01,Raigad,200
rice(paddy-hus),2015,April,870,1500,1700,1600,2015-04-01,Raigad,200
rice(paddy-hus),2015,May,808,2060,2492,2276,2015-05-01,Raigad,432
rice(paddy-hus),2015,June,799,3077,3500,3281,2015-06-01,Raigad,423
rice(paddy-hus),2015,July,900,2113,2333,2223,2015-07-01,Raigad,220
rice(paddy-hus),2015,August,890,2203,2403,2303,2015-08-01,Raigad,200
rice(paddy-hus),2015,September,750,3172,3372,3272,2015-09-01,Raigad,200
rice(paddy-hus),2015,October,880,2228,2624,2429,2015-10-01,Raigad,396
rice(paddy-hus),2015,November,777,3000,4000,3500,2015-11-01,Raigad,1000
rice(paddy-hus),2015,December,842,3370,4000,3657,2015-12-01,Raigad,630
rice(paddy-hus),2016,January,750,3500,4000,3750,2016-01-01,Raigad,500
rice(paddy-hus),2016,February,720,3500,4188,3813,2016-02-01,Raigad,688
rice(paddy-hus),2016,March,810,3500,4500,3944,2016-03-01,Raigad,1000
rice(paddy-hus),2016,April,780,3500,4500,4000,2016-04-01,Raigad,1000
rice(paddy-hus),2016,May,756,3339,4265,3802,2016-05-01,Raigad,926
rice(paddy-hus),2016,June,720,3500,4500,4000,2016-06-01,Raigad,1000
rice(paddy-hus),2016,July,720,3500,4500,4000,2016-07-01,Raigad,1000
rice(paddy-hus),2016,August,710,3504,4504,4004,2016-08-01,Raigad,1000
rice(paddy-hus),2016,September,690,3500,4500,4000,2016-09-01,Raigad,1000
rice(paddy-hus),2016,October,750,3500,4500,4000,2016-10-01,Raigad,1000
rice(paddy-hus),2016,November,690,3324,4239,3782,2016-11-01,Raigad,915
