Commodity,Year,Month,arrivals_in_qtl,min_price,max_price,modal_price,date,district_name,diff_price
bajri,2014,September,372,1177,1297,1237,2014-09-01,Jalgaon,120
bajri,2014,October,974,1078,1292,1184,2014-10-01,Jalgaon,214
bajri,2014,November,93,1200,1390,1295,2014-11-01,Jalgaon,190
bajri,2015,June,2785,1093,1182,1182,2015-06-01,Jalgaon,89
bajri,2015,July,672,1214,1261,1257,2015-07-01,Jalgaon,47
bajri,2015,August,560,1219,1349,1349,2015-08-01,Jalgaon,130
bajri,2015,September,67,1175,1275,1275,2015-09-01,Jalgaon,100
bajri,2015,November,389,1305,1516,1516,2015-11-01,Jalgaon,211
bajri,2015,December,165,1366,1492,1492,2015-12-01,Jalgaon,126
bajri,2016,January,127,1379,1512,1512,2016-01-01,Jalgaon,133
bajri,2016,February,47,1417,1549,1511,2016-02-01,Jalgaon,132
bajri,2016,March,454,1492,1650,1580,2016-03-01,Jalgaon,158
bajri,2016,April,3826,1571,1816,1814,2016-04-01,Jalgaon,245
bajri,2016,May,7068,1557,1816,1806,2016-05-01,Jalgaon,259
bajri,2016,June,808,1589,1754,1751,2016-06-01,Jalgaon,165
bajri,2016,July,64,1739,1862,1862,2016-07-01,Jalgaon,123
bajri,2016,August,200,1537,1714,1714,2016-08-01,Jalgaon,177
bajri,2016,September,737,1500,1619,1619,2016-09-01,Jalgaon,119
bajri,2016,October,2889,1106,1399,1399,2016-10-01,Jalgaon,293
bajri,2016,November,1110,1160,1435,1435,2016-11-01,Jalgaon,275
