Commodity,Year,Month,arrivals_in_qtl,min_price,max_price,modal_price,date,district_name,diff_price
soybean,2014,October,10,3000,3300,3150,2014-10-01,Jalgaon,300
soybean,2015,July,3,2850,2850,2850,2015-07-01,Jalgaon,0
soybean,2015,November,68,2614,3529,3529,2015-11-01,Jalgaon,915
soybean,2015,December,53,2744,3257,3257,2015-12-01,Jalgaon,513
soybean,2016,January,3,3000,4000,4000,2016-01-01,Jalgaon,1000
soybean,2016,February,8,3200,3470,3395,2016-02-01,Jalgaon,270
soybean,2016,March,1,2500,3400,2950,2016-03-01,Jalgaon,900
soybean,2016,April,10,3150,3550,3550,2016-04-01,Jalgaon,400
soybean,2016,May,108,2892,3367,3167,2016-05-01,Jalgaon,475
soybean,2016,June,51,3016,3344,3344,2016-06-01,Jalgaon,328
soybean,2016,August,13,2578,3043,3043,2016-08-01,Jalgaon,465
soybean,2016,September,6,2550,2900,2900,2016-09-01,Jalgaon,350
soybean,2016,October,363,2390,2595,2595,2016-10-01,Jalgaon,205
soybean,2016,November,417,2321,2618,2618,2016-11-01,Jalgaon,297
