Commodity,Year,Month,arrivals_in_qtl,min_price,max_price,modal_price,date,district_name,diff_price
green gram,2014,September,3286,5140,6916,6045,2014-09-01,Jalgaon,1776
green gram,2014,October,1095,6283,7285,6781,2014-10-01,Jalgaon,1002
green gram,2014,November,52,7900,8500,8200,2014-11-01,Jalgaon,600
green gram,2015,June,50,6217,6494,6494,2015-06-01,Jalgaon,277
green gram,2015,July,12,5375,5751,5707,2015-07-01,Jalgaon,376
green gram,2015,August,3,4900,6815,6815,2015-08-01,Jalgaon,1915
green gram,2015,September,152,7600,8261,8261,2015-09-01,Jalgaon,661
green gram,2015,November,87,7450,7885,7885,2015-11-01,Jalgaon,435
green gram,2015,December,38,7314,7810,7810,2015-12-01,Jalgaon,496
green gram,2016,January,25,7000,7165,7165,2016-01-01,Jalgaon,165
green gram,2016,February,13,5834,6167,6001,2016-02-01,Jalgaon,333
green gram,2016,March,14,5925,6425,6175,2016-03-01,Jalgaon,500
green gram,2016,April,16,5770,5930,5930,2016-04-01,Jalgaon,160
green gram,2016,May,40,5764,5945,5945,2016-05-01,Jalgaon,181
green gram,2016,June,29,5134,5407,5407,2016-06-01,Jalgaon,273
green gram,2016,July,3,5900,5900,5900,2016-07-01,Jalgaon,0
green gram,2016,August,1450,3425,4829,4828,2016-08-01,Jalgaon,1404
green gram,2016,September,16120,4442,5103,5103,2016-09-01,Jalgaon,661
green gram,2016,October,7029,4323,4853,4853,2016-10-01,Jalgaon,530
green gram,2016,November,902,4360,4680,4680,2016-11-01,Jalgaon,320
