Commodity,Year,Month,arrivals_in_qtl,min_price,max_price,modal_price,date,district_name,diff_price
maize,2014,September,95,1193,1210,1201,2014-09-01,Jalgaon,17
maize,2014,October,1357,996,1154,1081,2014-10-01,Jalgaon,158
maize,2014,November,4665,933,1176,1054,2014-11-01,Jalgaon,243
maize,2015,June,3446,1100,1277,1249,2015-06-01,Jalgaon,177
maize,2015,July,227,1257,1315,1307,2015-07-01,Jalgaon,58
maize,2015,August,16,1262,1347,1347,2015-08-01,Jalgaon,85
maize,2015,September,84,1188,1500,1500,2015-09-01,Jalgaon,312
maize,2015,November,6053,1269,1482,1482,2015-11-01,Jalgaon,213
maize,2015,December,4005,1354,1462,1462,2015-12-01,Jalgaon,108
maize,2016,January,1225,1331,1443,1443,2016-01-01,Jalgaon,112
maize,2016,February,1369,1236,1440,1396,2016-02-01,Jalgaon,204
maize,2016,March,8309,1259,1436,1348,2016-03-01,Jalgaon,177
maize,2016,April,26145,1122,1410,1395,2016-04-01,Jalgaon,288
maize,2016,May,38269,1256,1465,1452,2016-05-01,Jalgaon,209
maize,2016,June,14127,1534,1773,1762,2016-06-01,Jalgaon,239
maize,2016,July,66,1699,1699,1699,2016-07-01,Jalgaon,0
maize,2016,August,104,1448,1542,1542,2016-08-01,Jalgaon,94
maize,2016,September,202,1428,1539,1539,2016-09-01,Jalgaon,111
maize,2016,October,21497,1009,1308,1308,2016-10-01,Jalgaon,299
maize,2016,November,25542,1059,1277,1277,2016-11-01,Jalgaon,218
