Commodity,Year,Month,arrivals_in_qtl,min_price,max_price,modal_price,date,district_name,diff_price
pigeon pea (tur),2014,September,3,3500,3500,3500,2014-09-01,Jalgaon,0
pigeon pea (tur),2014,October,53,3200,3500,3350,2014-10-01,Jalgaon,300
pigeon pea (tur),2015,June,3,5500,5500,5500,2015-06-01,Jalgaon,0
pigeon pea (tur),2015,July,3,4500,4500,4500,2015-07-01,Jalgaon,0
pigeon pea (tur),2015,August,3,5755,5755,5755,2015-08-01,Jalgaon,0
pigeon pea (tur),2015,December,21,7116,7736,7736,2015-12-01,Jalgaon,620
pigeon pea (tur),2016,January,61,7573,8349,8349,2016-01-01,Jalgaon,776
pigeon pea (tur),2016,February,15,7031,7530,7340,2016-02-01,Jalgaon,499
pigeon pea (tur),2016,March,89,6254,6876,6549,2016-03-01,Jalgaon,622
pigeon pea (tur),2016,April,27,6275,6950,6844,2016-04-01,Jalgaon,675
pigeon pea (tur),2016,May,11,7050,7167,7167,2016-05-01,Jalgaon,117
pigeon pea (tur),2016,June,21617,6950,7188,7188,2016-06-01,Jalgaon,238
pigeon pea (tur),2016,July,3,7300,7400,7400,2016-07-01,Jalgaon,100
pigeon pea (tur),2016,August,6,4111,4111,4111,2016-08-01,Jalgaon,0
pigeon pea (tur),2016,September,36,5478,5478,5478,2016-09-01,Jalgaon,0
pigeon pea (tur),2016,October,3,5100,5100,5100,2016-10-01,Jalgaon,0
