Commodity,Year,Month,arrivals_in_qtl,min_price,max_price,modal_price,date,district_name,diff_price
apple,2015,August,6,3150,5000,3508,2015-08-01,Amaravathi,1850
apple,2015,September,9,3067,5467,3685,2015-09-01,Amaravathi,2400
apple,2015,October,61,3625,5475,4215,2015-10-01,Amaravathi,1850
apple,2015,November,52,3780,5840,4720,2015-11-01,Amaravathi,2060
apple,2015,December,1245,3533,6400,4900,2015-12-01,Amaravathi,2867
apple,2016,January,1350,3447,6000,4658,2016-01-01,Amaravathi,2553
apple,2016,February,742,3861,6361,5096,2016-02-01,Amaravathi,2500
apple,2016,March,434,3813,6719,5203,2016-03-01,Amaravathi,2906
apple,2016,April,184,6000,12800,9470,2016-04-01,Amaravathi,6800
apple,2016,May,174,7789,14184,10947,2016-05-01,Amaravathi,6395
apple,2016,June,216,6923,13462,10192,2016-06-01,Amaravathi,6539
apple,2016,July,110,5500,10000,7750,2016-07-01,Amaravathi,4500
apple,2016,August,1860,4118,9088,6603,2016-08-01,Amaravathi,4970
apple,2016,September,1640,3367,7333,5350,2016-09-01,Amaravathi,3966
apple,2016,October,1730,3318,6818,5091,2016-10-01,Amaravathi,3500
