Commodity,Year,Month,arrivals_in_qtl,min_price,max_price,modal_price,date,district_name,diff_price
cucumber,2016,January,135,2157,2371,2264,2016-01-01,Amaravathi,214
cucumber,2016,February,290,1725,1900,1813,2016-02-01,Amaravathi,175
cucumber,2016,March,43,1667,1867,1767,2016-03-01,Amaravathi,200
cucumber,2016,April,286,1606,1806,1697,2016-04-01,Amaravathi,200
cucumber,2016,May,57,2100,2300,2200,2016-05-01,Amaravathi,200
cucumber,2016,June,152,2715,3015,2860,2016-06-01,Amaravathi,300
cucumber,2016,July,413,1089,1252,1167,2016-07-01,Amaravathi,163
cucumber,2016,August,422,559,682,618,2016-08-01,Amaravathi,123
cucumber,2016,September,190,777,931,854,2016-09-01,Amaravathi,154
cucumber,2016,October,297,1176,1353,1265,2016-10-01,Amaravathi,177
cucumber,2016,November,235,1742,1925,1833,2016-11-01,Amaravathi,183
