Commodity,Year,Month,arrivals_in_qtl,min_price,max_price,modal_price,date,district_name,diff_price
coriander  ,2015,August,6,2350,2750,2490,2015-08-01,Amaravathi,400
coriander  ,2015,September,24,2838,3625,3030,2015-09-01,Amaravathi,787
coriander  ,2015,October,24,2450,2913,2580,2015-10-01,Amaravathi,463
coriander  ,2015,November,12,1933,2333,2095,2015-11-01,Amaravathi,400
coriander  ,2015,December,74,1622,1889,1756,2015-12-01,Amaravathi,267
coriander  ,2016,January,288,1200,1345,1273,2016-01-01,Amaravathi,145
coriander  ,2016,February,224,756,938,847,2016-02-01,Amaravathi,182
coriander  ,2016,March,162,1200,1400,1300,2016-03-01,Amaravathi,200
coriander  ,2016,April,136,2506,2847,2676,2016-04-01,Amaravathi,341
coriander  ,2016,May,174,2143,2461,2313,2016-05-01,Amaravathi,318
coriander  ,2016,June,116,3464,3900,3682,2016-06-01,Amaravathi,436
coriander  ,2016,July,33,4000,4557,4279,2016-07-01,Amaravathi,557
coriander  ,2016,August,117,1480,1795,1638,2016-08-01,Amaravathi,315
coriander  ,2016,September,96,1907,2293,2100,2016-09-01,Amaravathi,386
coriander  ,2016,October,72,2867,3333,3100,2016-10-01,Amaravathi,466
