Commodity,Year,Month,arrivals_in_qtl,min_price,max_price,modal_price,date,district_name,diff_price
mosambi,2014,December,39,1700,2231,1985,2014-12-01,Amaravathi,531
mosambi,2015,January,24,1375,1913,1791,2015-01-01,Amaravathi,538
mosambi,2015,February,54,1739,2222,2164,2015-02-01,Amaravathi,483
mosambi,2015,March,24,1725,2250,2200,2015-03-01,Amaravathi,525
mosambi,2015,August,6,800,1450,931,2015-08-01,Amaravathi,650
mosambi,2015,September,15,1280,1580,1357,2015-09-01,Amaravathi,300
mosambi,2015,October,81,1750,2113,1866,2015-10-01,Amaravathi,363
mosambi,2015,November,175,1586,2057,1798,2015-11-01,Amaravathi,471
mosambi,2015,December,285,2385,2877,2631,2015-12-01,Amaravathi,492
mosambi,2016,January,264,1717,2494,2108,2016-01-01,Amaravathi,777
mosambi,2016,February,100,1933,2733,2317,2016-02-01,Amaravathi,800
mosambi,2016,March,172,2181,3338,2738,2016-03-01,Amaravathi,1157
mosambi,2016,April,178,3357,4357,3864,2016-04-01,Amaravathi,1000
mosambi,2016,July,23,1633,2467,2050,2016-07-01,Amaravathi,834
mosambi,2016,August,389,1575,2350,1963,2016-08-01,Amaravathi,775
mosambi,2016,September,295,2320,3487,2903,2016-09-01,Amaravathi,1167
mosambi,2016,October,175,2523,3769,3138,2016-10-01,Amaravathi,1246
