Commodity,Year,Month,arrivals_in_qtl,min_price,max_price,modal_price,date,district_name,diff_price
carrot,2015,August,6,1350,1500,1420,2015-08-01,Amaravathi,150
carrot,2015,September,9,2333,2533,2379,2015-09-01,Amaravathi,200
carrot,2015,October,26,3986,4314,4088,2015-10-01,Amaravathi,328
carrot,2015,November,17,2167,2333,2250,2015-11-01,Amaravathi,166
carrot,2015,December,788,1250,1450,1350,2015-12-01,Amaravathi,200
carrot,2016,January,3939,1100,1285,1193,2016-01-01,Amaravathi,185
carrot,2016,February,1208,576,694,635,2016-02-01,Amaravathi,118
carrot,2016,March,289,720,880,800,2016-03-01,Amaravathi,160
carrot,2016,April,235,1400,1575,1488,2016-04-01,Amaravathi,175
carrot,2016,May,380,1764,1964,1864,2016-05-01,Amaravathi,200
carrot,2016,June,155,2082,2282,2182,2016-06-01,Amaravathi,200
carrot,2016,July,43,2543,2757,2650,2016-07-01,Amaravathi,214
carrot,2016,August,141,2460,2720,2590,2016-08-01,Amaravathi,260
carrot,2016,September,102,2593,2847,2720,2016-09-01,Amaravathi,254
carrot,2016,October,94,2717,2908,2813,2016-10-01,Amaravathi,191
