Commodity,Year,Month,arrivals_in_qtl,min_price,max_price,modal_price,date,district_name,diff_price
onion,2014,December,72,1388,1779,1600,2014-12-01,Amaravathi,391
onion,2015,January,57,1032,1332,1263,2015-01-01,Amaravathi,300
onion,2015,February,90,1113,1460,1419,2015-02-01,Amaravathi,347
onion,2015,March,39,1469,1769,1719,2015-03-01,Amaravathi,300
onion,2015,August,6,3750,5850,4243,2015-08-01,Amaravathi,2100
onion,2015,September,36,2708,4258,3148,2015-09-01,Amaravathi,1550
onion,2015,October,327,1330,2460,1647,2015-10-01,Amaravathi,1130
onion,2015,November,1119,2171,3100,2607,2015-11-01,Amaravathi,929
onion,2015,December,4880,1322,1994,1661,2015-12-01,Amaravathi,672
onion,2016,January,5053,941,1411,1160,2016-01-01,Amaravathi,470
onion,2016,February,2749,655,1155,900,2016-02-01,Amaravathi,500
onion,2016,March,6106,439,878,658,2016-03-01,Amaravathi,439
onion,2016,April,8900,341,665,494,2016-04-01,Amaravathi,324
onion,2016,May,10300,254,525,390,2016-05-01,Amaravathi,271
onion,2016,June,5453,366,736,551,2016-06-01,Amaravathi,370
onion,2016,July,1420,400,850,625,2016-07-01,Amaravathi,450
onion,2016,August,3703,268,871,571,2016-08-01,Amaravathi,603
onion,2016,September,2555,353,1003,678,2016-09-01,Amaravathi,650
onion,2016,October,1933,600,1296,948,2016-10-01,Amaravathi,696
