Commodity,Year,Month,arrivals_in_qtl,min_price,max_price,modal_price,date,district_name,diff_price
melon,2016,February,700,522,867,694,2016-02-01,Amaravathi,345
melon,2016,March,370,700,933,817,2016-03-01,Amaravathi,233
melon,2016,April,200,600,800,700,2016-04-01,Amaravathi,200
melon,2016,May,848,973,1391,1173,2016-05-01,Amaravathi,418
melon,2016,June,535,1040,1385,1213,2016-06-01,Amaravathi,345
melon,2016,July,169,1000,1300,1150,2016-07-01,Amaravathi,300
melon,2016,August,235,1800,2000,1900,2016-08-01,Amaravathi,200
