Commodity,Year,Month,arrivals_in_qtl,min_price,max_price,modal_price,date,district_name,diff_price
pomegranate,2015,August,6,1750,4250,2373,2015-08-01,Amaravathi,2500
pomegranate,2015,September,12,2500,6250,3638,2015-09-01,Amaravathi,3750
pomegranate,2015,October,31,2688,6000,3901,2015-10-01,Amaravathi,3312
pomegranate,2015,November,17,2500,4750,3494,2015-11-01,Amaravathi,2250
pomegranate,2015,December,198,2955,4409,3659,2015-12-01,Amaravathi,1454
pomegranate,2016,January,1212,2250,4361,3290,2016-01-01,Amaravathi,2111
pomegranate,2016,February,242,2194,5278,3736,2016-02-01,Amaravathi,3084
pomegranate,2016,March,237,3344,5656,4500,2016-03-01,Amaravathi,2312
pomegranate,2016,April,495,2154,4154,3144,2016-04-01,Amaravathi,2000
pomegranate,2016,May,590,1711,4000,2855,2016-05-01,Amaravathi,2289
pomegranate,2016,June,298,2675,5075,3869,2016-06-01,Amaravathi,2400
pomegranate,2016,July,72,3386,5029,4207,2016-07-01,Amaravathi,1643
pomegranate,2016,August,336,2421,5947,4158,2016-08-01,Amaravathi,3526
pomegranate,2016,September,400,3300,7533,5417,2016-09-01,Amaravathi,4233
pomegranate,2016,October,495,3283,6917,5104,2016-10-01,Amaravathi,3634
