Commodity,Year,Month,arrivals_in_qtl,min_price,max_price,modal_price,date,district_name,diff_price
black gram,2014,November,3,5000,5200,5100,2014-11-01,Amaravathi,200
black gram,2014,December,38,5056,5372,5222,2014-12-01,Amaravathi,316
black gram,2015,January,33,5232,5514,5407,2015-01-01,Amaravathi,282
black gram,2015,February,24,5281,5531,5441,2015-02-01,Amaravathi,250
black gram,2015,March,6,5275,5725,5675,2015-03-01,Amaravathi,450
black gram,2015,April,48,5766,6249,5938,2015-04-01,Amaravathi,483
black gram,2015,May,72,6192,7115,6588,2015-05-01,Amaravathi,923
black gram,2015,June,54,6083,7233,6604,2015-06-01,Amaravathi,1150
black gram,2015,July,27,6111,7128,6309,2015-07-01,Amaravathi,1017
black gram,2015,August,39,6335,7235,6537,2015-08-01,Amaravathi,900
black gram,2015,September,51,7412,8516,7667,2015-09-01,Amaravathi,1104
black gram,2015,October,84,9311,10891,9797,2015-10-01,Amaravathi,1580
black gram,2015,November,113,7022,8822,7885,2015-11-01,Amaravathi,1800
black gram,2015,December,314,7069,9316,8134,2015-12-01,Amaravathi,2247
black gram,2016,January,235,7019,9346,8141,2016-01-01,Amaravathi,2327
black gram,2016,February,88,6774,8964,7856,2016-02-01,Amaravathi,2190
black gram,2016,March,45,7183,9325,8321,2016-03-01,Amaravathi,2142
black gram,2016,April,675,7818,10666,9214,2016-04-01,Amaravathi,2848
black gram,2016,May,553,7262,10298,8768,2016-05-01,Amaravathi,3036
black gram,2016,June,1671,8260,12210,10216,2016-06-01,Amaravathi,3950
black gram,2016,July,25,7000,10833,8917,2016-07-01,Amaravathi,3833
black gram,2016,August,177,6558,7389,7001,2016-08-01,Amaravathi,831
black gram,2016,September,5786,6358,7069,6713,2016-09-01,Amaravathi,711
black gram,2016,October,12437,4568,6875,5659,2016-10-01,Amaravathi,2307
black gram,2016,November,5826,4652,6525,5589,2016-11-01,Amaravathi,1873
