Commodity,Year,Month,arrivals_in_qtl,min_price,max_price,modal_price,date,district_name,diff_price
lemon,2016,January,46,1933,2933,2433,2016-01-01,Amaravathi,1000
lemon,2016,February,64,2000,2963,2481,2016-02-01,Amaravathi,963
lemon,2016,March,18,2000,3500,2750,2016-03-01,Amaravathi,1500
lemon,2016,May,248,3460,4460,3960,2016-05-01,Amaravathi,1000
lemon,2016,June,217,2405,3324,2864,2016-06-01,Amaravathi,919
lemon,2016,July,164,1613,2229,1937,2016-07-01,Amaravathi,616
lemon,2016,August,192,1236,1948,1604,2016-08-01,Amaravathi,712
lemon,2016,September,156,2147,3476,2818,2016-09-01,Amaravathi,1329
lemon,2016,October,107,1979,3029,2579,2016-10-01,Amaravathi,1050
lemon,2016,November,219,1485,2158,1827,2016-11-01,Amaravathi,673
