Commodity,Year,Month,arrivals_in_qtl,min_price,max_price,modal_price,date,district_name,diff_price
ladies finger,2015,August,6,900,1600,1125,2015-08-01,Amaravathi,700
ladies finger,2015,September,21,1829,2057,1889,2015-09-01,Amaravathi,228
ladies finger,2015,October,24,2163,2313,2210,2015-10-01,Amaravathi,150
ladies finger,2015,December,29,3050,3250,3150,2015-12-01,Amaravathi,200
ladies finger,2016,January,105,3169,3369,3269,2016-01-01,Amaravathi,200
ladies finger,2016,February,153,3067,3327,3197,2016-02-01,Amaravathi,260
ladies finger,2016,March,104,2860,3060,2960,2016-03-01,Amaravathi,200
ladies finger,2016,April,107,2254,2515,2385,2016-04-01,Amaravathi,261
ladies finger,2016,May,152,2453,2653,2553,2016-05-01,Amaravathi,200
ladies finger,2016,June,135,3218,3545,3382,2016-06-01,Amaravathi,327
ladies finger,2016,July,49,2771,3143,2957,2016-07-01,Amaravathi,372
ladies finger,2016,August,175,1319,1481,1400,2016-08-01,Amaravathi,162
ladies finger,2016,September,160,1047,1227,1137,2016-09-01,Amaravathi,180
ladies finger,2016,October,110,1967,2167,2067,2016-10-01,Amaravathi,200
