Commodity,Year,Month,arrivals_in_qtl,min_price,max_price,modal_price,date,district_name,diff_price
capsicum,2016,January,20,1900,2100,2000,2016-01-01,Amaravathi,200
capsicum,2016,February,85,1180,1360,1270,2016-02-01,Amaravathi,180
capsicum,2016,March,40,2533,2733,2633,2016-03-01,Amaravathi,200
capsicum,2016,April,94,2809,3000,2905,2016-04-01,Amaravathi,191
capsicum,2016,May,64,3580,3930,3753,2016-05-01,Amaravathi,350
capsicum,2016,June,101,4475,4955,4715,2016-06-01,Amaravathi,480
capsicum,2016,July,35,4500,4957,4729,2016-07-01,Amaravathi,457
capsicum,2016,August,94,2954,3385,3169,2016-08-01,Amaravathi,431
capsicum,2016,September,121,1693,1879,1786,2016-09-01,Amaravathi,186
capsicum,2016,October,72,1920,2127,2024,2016-10-01,Amaravathi,207
