Commodity,Year,Month,arrivals_in_qtl,min_price,max_price,modal_price,date,district_name,diff_price
melon,2016,January,35,300,400,350,2016-01-01,Amaravathi,100
melon,2016,February,1062,469,794,631,2016-02-01,Amaravathi,325
melon,2016,March,1072,641,859,750,2016-03-01,Amaravathi,218
melon,2016,April,1770,675,944,809,2016-04-01,Amaravathi,269
melon,2016,May,1620,809,1232,1023,2016-05-01,Amaravathi,423
melon,2016,June,380,986,1286,1138,2016-06-01,Amaravathi,300
melon,2016,July,20,800,1200,1000,2016-07-01,Amaravathi,400
