Commodity,Year,Month,arrivals_in_qtl,min_price,max_price,modal_price,date,district_name,diff_price
green chilli,2016,June,18,4000,4500,4250,2016-06-01,Amaravathi,500
green chilli,2016,July,10,7000,8000,7500,2016-07-01,Amaravathi,1000
green chilli,2016,August,50,1767,1933,1850,2016-08-01,Amaravathi,166
green chilli,2016,September,80,1000,1175,1088,2016-09-01,Amaravathi,175
green chilli,2016,October,164,2986,4814,3614,2016-10-01,Amaravathi,1828
green chilli,2016,November,537,1404,1604,1504,2016-11-01,Amaravathi,200
