Commodity,Year,Month,arrivals_in_qtl,min_price,max_price,modal_price,date,district_name,diff_price
papai,2014,December,21,1600,1971,1786,2014-12-01,Amaravathi,371
papai,2015,January,24,825,1175,1084,2015-01-01,Amaravathi,350
papai,2015,February,54,822,1217,1170,2015-02-01,Amaravathi,395
papai,2015,March,21,857,1386,1336,2015-03-01,Amaravathi,529
papai,2015,August,6,1200,1500,1305,2015-08-01,Amaravathi,300
papai,2015,September,9,1200,1333,1233,2015-09-01,Amaravathi,133
papai,2015,October,25,1267,1433,1328,2015-10-01,Amaravathi,166
papai,2015,November,51,850,1150,1000,2015-11-01,Amaravathi,300
papai,2015,December,347,693,973,833,2015-12-01,Amaravathi,280
papai,2016,January,960,490,675,586,2016-01-01,Amaravathi,185
papai,2016,February,592,606,882,744,2016-02-01,Amaravathi,276
papai,2016,March,377,559,794,676,2016-03-01,Amaravathi,235
papai,2016,April,230,767,953,860,2016-04-01,Amaravathi,186
papai,2016,May,216,705,979,842,2016-05-01,Amaravathi,274
papai,2016,June,83,933,1200,1056,2016-06-01,Amaravathi,267
papai,2016,July,35,1400,1900,1650,2016-07-01,Amaravathi,500
papai,2016,August,460,1525,1860,1693,2016-08-01,Amaravathi,335
papai,2016,September,305,1647,2027,1837,2016-09-01,Amaravathi,380
papai,2016,October,180,1692,2033,1863,2016-10-01,Amaravathi,341
