Commodity,Year,Month,arrivals_in_qtl,min_price,max_price,modal_price,date,district_name,diff_price
ground nut pods (dry),2014,December,21,3479,3661,3574,2014-12-01,Amaravathi,182
ground nut pods (dry),2015,February,6,3925,4300,4250,2015-02-01,Amaravathi,375
ground nut pods (dry),2015,June,30,4580,5597,5018,2015-06-01,Amaravathi,1017
ground nut pods (dry),2015,July,24,4488,5500,4746,2015-07-01,Amaravathi,1012
ground nut pods (dry),2015,August,27,4328,5283,4588,2015-08-01,Amaravathi,955
ground nut pods (dry),2015,September,30,4545,5231,4737,2015-09-01,Amaravathi,686
ground nut pods (dry),2015,October,69,4800,5291,4946,2015-10-01,Amaravathi,491
ground nut pods (dry),2015,November,110,4060,4520,4254,2015-11-01,Amaravathi,460
ground nut pods (dry),2015,December,58,3986,4486,4221,2015-12-01,Amaravathi,500
ground nut pods (dry),2016,April,311,4317,5369,4838,2016-04-01,Amaravathi,1052
ground nut pods (dry),2016,May,38581,3759,4884,4313,2016-05-01,Amaravathi,1125
ground nut pods (dry),2016,June,29697,4694,5456,5075,2016-06-01,Amaravathi,762
ground nut pods (dry),2016,July,626,4860,5315,5087,2016-07-01,Amaravathi,455
ground nut pods (dry),2016,August,1162,4356,4838,4596,2016-08-01,Amaravathi,482
ground nut pods (dry),2016,September,658,4107,4712,4409,2016-09-01,Amaravathi,605
ground nut pods (dry),2016,October,12099,4754,5172,4963,2016-10-01,Amaravathi,418
ground nut pods (dry),2016,November,8079,3355,4042,3699,2016-11-01,Amaravathi,687
