Commodity,Year,Month,arrivals_in_qtl,min_price,max_price,modal_price,date,district_name,diff_price
mosambi,2016,January,87,1414,1986,1700,2016-01-01,Amaravathi,572
mosambi,2016,February,101,1800,2670,2235,2016-02-01,Amaravathi,870
mosambi,2016,March,20,2750,3750,3250,2016-03-01,Amaravathi,1000
mosambi,2016,July,129,1646,2462,2062,2016-07-01,Amaravathi,816
mosambi,2016,August,509,1578,2389,1983,2016-08-01,Amaravathi,811
mosambi,2016,September,367,2175,3300,2758,2016-09-01,Amaravathi,1125
mosambi,2016,October,295,2706,3994,3381,2016-10-01,Amaravathi,1288
mosambi,2016,November,291,2881,4366,3674,2016-11-01,Amaravathi,1485
