Commodity,Year,Month,arrivals_in_qtl,min_price,max_price,modal_price,date,district_name,diff_price
tomato,2016,January,945,1143,1343,1243,2016-01-01,Amaravathi,200
tomato,2016,February,2600,643,864,754,2016-02-01,Amaravathi,221
tomato,2016,March,320,467,600,533,2016-03-01,Amaravathi,133
tomato,2016,April,1895,800,1000,897,2016-04-01,Amaravathi,200
tomato,2016,May,181,1617,1833,1725,2016-05-01,Amaravathi,216
tomato,2016,June,530,2964,3412,3190,2016-06-01,Amaravathi,448
tomato,2016,July,3069,2696,3012,2864,2016-07-01,Amaravathi,316
tomato,2016,August,3830,1165,1357,1252,2016-08-01,Amaravathi,192
tomato,2016,September,2685,836,1032,934,2016-09-01,Amaravathi,196
tomato,2016,October,1852,984,1163,1079,2016-10-01,Amaravathi,179
tomato,2016,November,2921,957,1149,1053,2016-11-01,Amaravathi,192
