Commodity,Year,Month,arrivals_in_qtl,min_price,max_price,modal_price,date,district_name,diff_price
carrot,2016,January,520,867,1050,958,2016-01-01,Amaravathi,183
carrot,2016,February,1460,642,767,704,2016-02-01,Amaravathi,125
carrot,2016,March,75,850,1000,925,2016-03-01,Amaravathi,150
carrot,2016,April,45,1000,1200,1100,2016-04-01,Amaravathi,200
carrot,2016,May,15,1800,2000,1900,2016-05-01,Amaravathi,200
carrot,2016,June,113,2240,2440,2340,2016-06-01,Amaravathi,200
carrot,2016,July,96,2919,3188,3053,2016-07-01,Amaravathi,269
carrot,2016,August,102,2515,2754,2627,2016-08-01,Amaravathi,239
carrot,2016,September,82,2569,2823,2708,2016-09-01,Amaravathi,254
carrot,2016,October,178,2460,2713,2620,2016-10-01,Amaravathi,253
carrot,2016,November,173,2000,2217,2108,2016-11-01,Amaravathi,217
