Commodity,Year,Month,arrivals_in_qtl,min_price,max_price,modal_price,date,district_name,diff_price
green chilli,2015,August,6,2100,2350,2193,2015-08-01,Amaravathi,250
green chilli,2015,September,24,2213,2513,2300,2015-09-01,Amaravathi,300
green chilli,2015,October,24,2525,2838,2630,2015-10-01,Amaravathi,313
green chilli,2015,November,3,2800,3500,3075,2015-11-01,Amaravathi,700
green chilli,2015,December,198,1760,1930,1845,2015-12-01,Amaravathi,170
green chilli,2016,January,473,2760,3027,2893,2016-01-01,Amaravathi,267
green chilli,2016,February,481,3113,3456,3281,2016-02-01,Amaravathi,343
green chilli,2016,March,125,3440,3813,3627,2016-03-01,Amaravathi,373
green chilli,2016,April,103,3833,4208,4021,2016-04-01,Amaravathi,375
green chilli,2016,May,160,4769,5263,5013,2016-05-01,Amaravathi,494
green chilli,2016,June,29,4667,5333,5000,2016-06-01,Amaravathi,666
green chilli,2016,July,25,4400,4850,4625,2016-07-01,Amaravathi,450
green chilli,2016,August,101,4313,4813,4563,2016-08-01,Amaravathi,500
green chilli,2016,September,40,1100,1250,1175,2016-09-01,Amaravathi,150
green chilli,2016,October,178,1383,1558,1471,2016-10-01,Amaravathi,175
