Commodity,Year,Month,arrivals_in_qtl,min_price,max_price,modal_price,date,district_name,diff_price
sesamum,2015,April,48,8475,10531,9225,2015-04-01,Amaravathi,2056
sesamum,2015,May,72,8319,10438,9346,2015-05-01,Amaravathi,2119
sesamum,2015,June,54,8278,10444,9303,2015-06-01,Amaravathi,2166
sesamum,2015,July,24,8188,10125,8683,2015-07-01,Amaravathi,1937
sesamum,2015,August,39,8308,9642,8597,2015-08-01,Amaravathi,1334
sesamum,2015,September,51,8468,9735,8766,2015-09-01,Amaravathi,1267
sesamum,2015,October,54,6725,7653,6975,2015-10-01,Amaravathi,928
sesamum,2015,November,18,7483,8017,7665,2015-11-01,Amaravathi,534
sesamum,2015,December,90,7238,8377,7740,2015-12-01,Amaravathi,1139
sesamum,2016,January,111,6913,8110,7448,2016-01-01,Amaravathi,1197
sesamum,2016,February,61,7125,8013,7556,2016-02-01,Amaravathi,888
sesamum,2016,March,42,6964,7875,7418,2016-03-01,Amaravathi,911
sesamum,2016,April,54,5458,6416,5934,2016-04-01,Amaravathi,958
sesamum,2016,May,165,5638,6536,6079,2016-05-01,Amaravathi,898
sesamum,2016,June,170,5577,6485,6031,2016-06-01,Amaravathi,908
sesamum,2016,July,39,5417,6333,5875,2016-07-01,Amaravathi,916
sesamum,2016,August,42,5346,5902,5624,2016-08-01,Amaravathi,556
sesamum,2016,September,72,5500,6372,5936,2016-09-01,Amaravathi,872
sesamum,2016,October,104,5966,6624,6293,2016-10-01,Amaravathi,658
sesamum,2016,November,95,6319,7238,6776,2016-11-01,Amaravathi,919
