Commodity,Year,Month,arrivals_in_qtl,min_price,max_price,modal_price,date,district_name,diff_price
dhemse,2015,August,6,1500,1700,1565,2015-08-01,Amaravathi,200
dhemse,2015,September,24,1813,2025,1875,2015-09-01,Amaravathi,212
dhemse,2015,October,24,2400,2625,2474,2015-10-01,Amaravathi,225
dhemse,2015,November,11,2000,2200,2088,2015-11-01,Amaravathi,200
dhemse,2015,December,42,1743,1943,1843,2015-12-01,Amaravathi,200
dhemse,2016,January,80,2133,2333,2233,2016-01-01,Amaravathi,200
dhemse,2016,February,107,3800,4293,4045,2016-02-01,Amaravathi,493
dhemse,2016,March,84,3092,3400,3246,2016-03-01,Amaravathi,308
dhemse,2016,April,170,1700,2693,1811,2016-04-01,Amaravathi,993
dhemse,2016,May,246,1590,1800,1695,2016-05-01,Amaravathi,210
dhemse,2016,June,138,3723,4091,3907,2016-06-01,Amaravathi,368
dhemse,2016,July,48,2900,3243,3071,2016-07-01,Amaravathi,343
dhemse,2016,August,190,1672,1894,1783,2016-08-01,Amaravathi,222
dhemse,2016,September,143,973,1173,1073,2016-09-01,Amaravathi,200
dhemse,2016,October,91,2633,2908,2771,2016-10-01,Amaravathi,275
