Commodity,Year,Month,arrivals_in_qtl,min_price,max_price,modal_price,date,district_name,diff_price
ginger (fresh),2016,January,280,2500,3000,2750,2016-01-01,Amaravathi,500
ginger (fresh),2016,February,445,2400,2836,2609,2016-02-01,Amaravathi,436
ginger (fresh),2016,March,150,2000,2750,2375,2016-03-01,Amaravathi,750
ginger (fresh),2016,April,982,1778,2428,2114,2016-04-01,Amaravathi,650
ginger (fresh),2016,May,1393,1500,2577,2038,2016-05-01,Amaravathi,1077
ginger (fresh),2016,June,1790,2417,3035,2748,2016-06-01,Amaravathi,618
ginger (fresh),2016,July,807,3139,3820,3486,2016-07-01,Amaravathi,681
ginger (fresh),2016,August,1154,2704,3772,3242,2016-08-01,Amaravathi,1068
ginger (fresh),2016,September,1009,2057,2610,2369,2016-09-01,Amaravathi,553
ginger (fresh),2016,October,1121,2053,2742,2445,2016-10-01,Amaravathi,689
ginger (fresh),2016,November,1614,2060,2833,2442,2016-11-01,Amaravathi,773
