Commodity,Year,Month,arrivals_in_qtl,min_price,max_price,modal_price,date,district_name,diff_price
bitter gourd,2016,January,31,3500,4000,3750,2016-01-01,Amaravathi,500
bitter gourd,2016,February,70,3150,3383,3267,2016-02-01,Amaravathi,233
bitter gourd,2016,March,7,3000,3200,3100,2016-03-01,Amaravathi,200
bitter gourd,2016,April,179,3182,3471,3335,2016-04-01,Amaravathi,289
bitter gourd,2016,May,84,2820,3020,2920,2016-05-01,Amaravathi,200
bitter gourd,2016,June,204,3491,3936,3723,2016-06-01,Amaravathi,445
bitter gourd,2016,July,195,3963,4379,4177,2016-07-01,Amaravathi,416
bitter gourd,2016,August,247,1938,2205,2071,2016-08-01,Amaravathi,267
bitter gourd,2016,September,161,1238,1431,1334,2016-09-01,Amaravathi,193
bitter gourd,2016,October,225,1987,2167,2077,2016-10-01,Amaravathi,180
bitter gourd,2016,November,259,2060,2260,2160,2016-11-01,Amaravathi,200
