Commodity,Year,Month,arrivals_in_qtl,min_price,max_price,modal_price,date,district_name,diff_price
maize(corn.),2015,August,3,300,500,390,2015-08-01,Amaravathi,200
maize(corn.),2015,September,6,350,450,375,2015-09-01,Amaravathi,100
maize(corn.),2015,October,6,500,650,550,2015-10-01,Amaravathi,150
maize(corn.),2015,November,6,300,450,375,2015-11-01,Amaravathi,150
maize(corn.),2016,August,64,680,1120,900,2016-08-01,Amaravathi,440
maize(corn.),2016,September,10,1000,1300,1150,2016-09-01,Amaravathi,300
