Commodity,Year,Month,arrivals_in_qtl,min_price,max_price,modal_price,date,district_name,diff_price
maize,2014,December,15,1210,1320,1256,2014-12-01,Amaravathi,110
maize,2015,January,3,1250,1350,1300,2015-01-01,Amaravathi,100
maize,2015,February,3,1250,1350,1300,2015-02-01,Amaravathi,100
maize,2015,April,48,1250,1353,1300,2015-04-01,Amaravathi,103
maize,2015,May,72,1250,1350,1300,2015-05-01,Amaravathi,100
maize,2015,June,54,1206,1301,1249,2015-06-01,Amaravathi,95
maize,2015,July,24,1150,1250,1184,2015-07-01,Amaravathi,100
maize,2015,August,39,1158,1254,1181,2015-08-01,Amaravathi,96
maize,2015,September,51,1150,1250,1172,2015-09-01,Amaravathi,100
maize,2015,October,1303,1150,1250,1175,2015-10-01,Amaravathi,100
maize,2015,November,18,1033,1171,1080,2015-11-01,Amaravathi,138
maize,2015,December,97,1278,1381,1331,2015-12-01,Amaravathi,103
maize,2016,January,57,1464,1566,1513,2016-01-01,Amaravathi,102
maize,2016,February,60,1563,1673,1616,2016-02-01,Amaravathi,110
maize,2016,March,39,1313,1415,1364,2016-03-01,Amaravathi,102
maize,2016,April,198,1365,1458,1411,2016-04-01,Amaravathi,93
maize,2016,May,115,1352,1456,1405,2016-05-01,Amaravathi,104
maize,2016,June,78,1396,1490,1443,2016-06-01,Amaravathi,94
maize,2016,July,18,1725,1908,1817,2016-07-01,Amaravathi,183
maize,2016,August,21,1521,1729,1618,2016-08-01,Amaravathi,208
maize,2016,September,54,1550,1753,1651,2016-09-01,Amaravathi,203
maize,2016,October,54,1414,1504,1459,2016-10-01,Amaravathi,90
maize,2016,November,63,1294,1349,1321,2016-11-01,Amaravathi,55
