Commodity,Year,Month,arrivals_in_qtl,min_price,max_price,modal_price,date,district_name,diff_price
bajri,2015,April,48,1788,2063,1909,2015-04-01,Amaravathi,275
bajri,2015,May,72,1802,2096,1944,2015-05-01,Amaravathi,294
bajri,2015,June,54,1469,1754,1611,2015-06-01,Amaravathi,285
bajri,2015,July,24,1294,1550,1401,2015-07-01,Amaravathi,256
bajri,2015,August,39,1323,1506,1392,2015-08-01,Amaravathi,183
bajri,2015,September,51,1303,1485,1355,2015-09-01,Amaravathi,182
bajri,2015,October,57,1297,1470,1346,2015-10-01,Amaravathi,173
bajri,2015,November,18,1300,1533,1373,2015-11-01,Amaravathi,233
bajri,2015,December,39,1610,1808,1714,2015-12-01,Amaravathi,198
bajri,2016,January,57,1944,2250,2070,2016-01-01,Amaravathi,306
bajri,2016,February,60,1605,1945,1773,2016-02-01,Amaravathi,340
bajri,2016,March,39,1427,1712,1569,2016-03-01,Amaravathi,285
bajri,2016,April,113,1597,1863,1734,2016-04-01,Amaravathi,266
bajri,2016,May,175,1640,2011,1826,2016-05-01,Amaravathi,371
bajri,2016,June,83,1788,2002,1895,2016-06-01,Amaravathi,214
bajri,2016,July,21,1814,2114,1964,2016-07-01,Amaravathi,300
bajri,2016,August,30,1920,2120,2020,2016-08-01,Amaravathi,200
bajri,2016,September,54,1958,2150,2054,2016-09-01,Amaravathi,192
bajri,2016,October,60,1853,2092,1972,2016-10-01,Amaravathi,239
bajri,2016,November,57,1821,2118,1971,2016-11-01,Amaravathi,297
