Commodity,Year,Month,arrivals_in_qtl,min_price,max_price,modal_price,date,district_name,diff_price
methi (bhaji),2016,January,55,1100,1300,1200,2016-01-01,Amaravathi,200
methi (bhaji),2016,February,155,856,1022,939,2016-02-01,Amaravathi,166
methi (bhaji),2016,March,5,3000,3200,3100,2016-03-01,Amaravathi,200
methi (bhaji),2016,April,184,2376,2706,2535,2016-04-01,Amaravathi,330
methi (bhaji),2016,May,60,2229,2429,2329,2016-05-01,Amaravathi,200
methi (bhaji),2016,June,213,4871,5605,5240,2016-06-01,Amaravathi,734
methi (bhaji),2016,July,111,3791,4287,4037,2016-07-01,Amaravathi,496
methi (bhaji),2016,August,86,2582,2818,2700,2016-08-01,Amaravathi,236
methi (bhaji),2016,September,48,2331,2631,2492,2016-09-01,Amaravathi,300
methi (bhaji),2016,October,48,2980,3460,3220,2016-10-01,Amaravathi,480
methi (bhaji),2016,November,249,1780,2016,1898,2016-11-01,Amaravathi,236
