Commodity,Year,Month,arrivals_in_qtl,min_price,max_price,modal_price,date,district_name,diff_price
beet root,2015,October,7,2400,2500,2450,2015-10-01,Amaravathi,100
beet root,2015,November,5,2800,3000,2900,2015-11-01,Amaravathi,200
beet root,2015,December,44,1500,1686,1593,2015-12-01,Amaravathi,186
beet root,2016,January,253,1123,1277,1200,2016-01-01,Amaravathi,154
beet root,2016,February,251,813,994,903,2016-02-01,Amaravathi,181
beet root,2016,March,241,938,1138,1038,2016-03-01,Amaravathi,200
beet root,2016,April,112,1086,1286,1186,2016-04-01,Amaravathi,200
beet root,2016,May,104,1082,1294,1188,2016-05-01,Amaravathi,212
beet root,2016,June,107,1543,1743,1643,2016-06-01,Amaravathi,200
beet root,2016,July,40,1686,1886,1786,2016-07-01,Amaravathi,200
beet root,2016,August,144,1312,1518,1415,2016-08-01,Amaravathi,206
beet root,2016,September,89,1407,1587,1497,2016-09-01,Amaravathi,180
beet root,2016,October,74,2355,2591,2473,2016-10-01,Amaravathi,236
