Commodity,Year,Month,arrivals_in_qtl,min_price,max_price,modal_price,date,district_name,diff_price
spinach,2016,January,125,300,400,350,2016-01-01,Amaravathi,100
spinach,2016,February,320,350,450,400,2016-02-01,Amaravathi,100
spinach,2016,March,38,767,933,850,2016-03-01,Amaravathi,166
spinach,2016,April,405,581,713,650,2016-04-01,Amaravathi,132
spinach,2016,May,157,1107,1300,1204,2016-05-01,Amaravathi,193
spinach,2016,June,286,2012,2248,2128,2016-06-01,Amaravathi,236
spinach,2016,July,187,2508,2888,2698,2016-07-01,Amaravathi,380
spinach,2016,August,187,1917,2230,2078,2016-08-01,Amaravathi,313
spinach,2016,September,158,1437,1647,1547,2016-09-01,Amaravathi,210
spinach,2016,October,200,2067,2400,2253,2016-10-01,Amaravathi,333
spinach,2016,November,668,694,856,774,2016-11-01,Amaravathi,162
