Commodity,Year,Month,arrivals_in_qtl,min_price,max_price,modal_price,date,district_name,diff_price
green gram,2014,September,16,6000,6825,6400,2014-09-01,Amaravathi,825
green gram,2014,November,3,7500,8200,7800,2014-11-01,Amaravathi,700
green gram,2014,December,51,7088,7956,7541,2014-12-01,Amaravathi,868
green gram,2015,January,57,6876,7817,7661,2015-01-01,Amaravathi,941
green gram,2015,February,39,7123,8008,7902,2015-02-01,Amaravathi,885
green gram,2015,March,6,6700,7600,7475,2015-03-01,Amaravathi,900
green gram,2015,April,48,6150,6994,6406,2015-04-01,Amaravathi,844
green gram,2015,May,72,6292,7035,6629,2015-05-01,Amaravathi,743
green gram,2015,June,54,5822,6689,6217,2015-06-01,Amaravathi,867
green gram,2015,July,27,6022,6733,6256,2015-07-01,Amaravathi,711
green gram,2015,August,39,6408,7062,6584,2015-08-01,Amaravathi,654
green gram,2015,September,51,6847,7429,7001,2015-09-01,Amaravathi,582
green gram,2015,October,54,8097,8584,8229,2015-10-01,Amaravathi,487
green gram,2015,November,56,7560,7920,7684,2015-11-01,Amaravathi,360
green gram,2015,December,205,7003,7481,7238,2015-12-01,Amaravathi,478
green gram,2016,January,77,6848,7175,7010,2016-01-01,Amaravathi,327
green gram,2016,February,117,6813,7267,7026,2016-02-01,Amaravathi,454
green gram,2016,March,48,6772,7059,6914,2016-03-01,Amaravathi,287
green gram,2016,April,210,6850,7066,6955,2016-04-01,Amaravathi,216
green gram,2016,May,102,6693,7005,6841,2016-05-01,Amaravathi,312
green gram,2016,June,196,5538,6062,5802,2016-06-01,Amaravathi,524
green gram,2016,July,79,4850,5183,5017,2016-07-01,Amaravathi,333
green gram,2016,August,63,4150,4558,4338,2016-08-01,Amaravathi,408
green gram,2016,September,307,4800,5150,4975,2016-09-01,Amaravathi,350
green gram,2016,October,7308,4518,4920,4716,2016-10-01,Amaravathi,402
green gram,2016,November,2397,4377,4783,4580,2016-11-01,Amaravathi,406
