Commodity,Year,Month,arrivals_in_qtl,min_price,max_price,modal_price,date,district_name,diff_price
cotton,2015,November,138,4150,4213,4193,2015-11-01,Amaravathi,63
cotton,2015,December,14436,4333,4445,4386,2015-12-01,Amaravathi,112
cotton,2016,January,31815,4677,4727,4700,2016-01-01,Amaravathi,50
cotton,2016,February,22197,4463,4540,4501,2016-02-01,Amaravathi,77
cotton,2016,March,2324,4400,4500,4450,2016-03-01,Amaravathi,100
cotton,2016,April,3865,4713,4825,4769,2016-04-01,Amaravathi,112
cotton,2016,May,4934,5019,5078,5048,2016-05-01,Amaravathi,59
cotton,2016,June,1899,5524,5662,5591,2016-06-01,Amaravathi,138
cotton,2016,November,3951,4936,5007,4972,2016-11-01,Amaravathi,71
