Commodity,Year,Month,arrivals_in_qtl,min_price,max_price,modal_price,date,district_name,diff_price
beet root,2016,January,73,967,1200,1083,2016-01-01,Amaravathi,233
beet root,2016,February,193,817,1000,908,2016-02-01,Amaravathi,183
beet root,2016,March,20,900,1100,1000,2016-03-01,Amaravathi,200
beet root,2016,April,228,1038,1238,1138,2016-04-01,Amaravathi,200
beet root,2016,May,26,1100,1300,1200,2016-05-01,Amaravathi,200
beet root,2016,June,118,1580,1780,1680,2016-06-01,Amaravathi,200
beet root,2016,July,159,1995,2200,2095,2016-07-01,Amaravathi,205
beet root,2016,August,127,1480,1693,1587,2016-08-01,Amaravathi,213
beet root,2016,September,75,1533,1717,1625,2016-09-01,Amaravathi,184
beet root,2016,October,135,2062,2300,2205,2016-10-01,Amaravathi,238
beet root,2016,November,155,1409,1609,1509,2016-11-01,Amaravathi,200
