Commodity,Year,Month,arrivals_in_qtl,min_price,max_price,modal_price,date,district_name,diff_price
soybean,2014,September,16,3025,3243,3103,2014-09-01,Amaravathi,218
soybean,2014,November,3,3100,3241,3190,2014-11-01,Amaravathi,141
soybean,2014,December,51,3163,3243,3208,2014-12-01,Amaravathi,80
soybean,2015,January,60,3196,3296,3263,2015-01-01,Amaravathi,100
soybean,2015,February,45,3219,3280,3248,2015-02-01,Amaravathi,61
soybean,2015,March,6,2650,3257,3200,2015-03-01,Amaravathi,607
soybean,2015,April,48,3653,3744,3696,2015-04-01,Amaravathi,91
soybean,2015,May,72,3779,3896,3833,2015-05-01,Amaravathi,117
soybean,2015,June,54,3551,3628,3590,2015-06-01,Amaravathi,77
soybean,2015,July,24,3425,3476,3444,2015-07-01,Amaravathi,51
soybean,2015,August,39,3241,3313,3260,2015-08-01,Amaravathi,72
soybean,2015,September,51,3114,3369,3179,2015-09-01,Amaravathi,255
soybean,2015,October,54,3013,3679,3185,2015-10-01,Amaravathi,666
soybean,2015,November,14118,2955,3586,3137,2015-11-01,Amaravathi,631
soybean,2015,December,96045,2864,3592,3196,2015-12-01,Amaravathi,728
soybean,2016,January,80882,2835,3643,3234,2016-01-01,Amaravathi,808
soybean,2016,February,40385,2912,3614,3275,2016-02-01,Amaravathi,702
soybean,2016,March,16268,3191,3610,3400,2016-03-01,Amaravathi,419
soybean,2016,April,34684,3300,3856,3560,2016-04-01,Amaravathi,556
soybean,2016,May,52312,3095,3792,3447,2016-05-01,Amaravathi,697
soybean,2016,June,48301,3002,3727,3354,2016-06-01,Amaravathi,725
soybean,2016,July,7153,3088,3645,3366,2016-07-01,Amaravathi,557
soybean,2016,August,23383,3138,3538,3338,2016-08-01,Amaravathi,400
soybean,2016,September,10845,2836,3261,3048,2016-09-01,Amaravathi,425
soybean,2016,October,213493,2396,2914,2655,2016-10-01,Amaravathi,518
soybean,2016,November,310535,2219,2845,2532,2016-11-01,Amaravathi,626
