Commodity,Year,Month,arrivals_in_qtl,min_price,max_price,modal_price,date,district_name,diff_price
math (bhaji),2014,December,33,1345,1545,1445,2014-12-01,Amaravathi,200
math (bhaji),2015,January,15,720,860,796,2015-01-01,Amaravathi,140
math (bhaji),2015,February,27,911,1111,1069,2015-02-01,Amaravathi,200
math (bhaji),2015,March,21,1343,1543,1493,2015-03-01,Amaravathi,200
math (bhaji),2015,October,24,2588,2763,2643,2015-10-01,Amaravathi,175
math (bhaji),2015,November,8,1550,1700,1619,2015-11-01,Amaravathi,150
math (bhaji),2015,December,56,1886,2114,2000,2015-12-01,Amaravathi,228
math (bhaji),2016,January,280,1259,1441,1353,2016-01-01,Amaravathi,182
math (bhaji),2016,February,244,813,980,897,2016-02-01,Amaravathi,167
math (bhaji),2016,March,86,1807,2000,1904,2016-03-01,Amaravathi,193
math (bhaji),2016,April,54,2420,2647,2540,2016-04-01,Amaravathi,227
math (bhaji),2016,May,67,2270,2515,2393,2016-05-01,Amaravathi,245
math (bhaji),2016,June,66,5023,5805,5414,2016-06-01,Amaravathi,782
math (bhaji),2016,July,21,3929,4486,4207,2016-07-01,Amaravathi,557
math (bhaji),2016,August,78,2565,2812,2688,2016-08-01,Amaravathi,247
math (bhaji),2016,September,34,2433,2756,2594,2016-09-01,Amaravathi,323
math (bhaji),2016,October,25,2771,2971,2871,2016-10-01,Amaravathi,200
