Commodity,Year,Month,arrivals_in_qtl,min_price,max_price,modal_price,date,district_name,diff_price
brinjal,2014,December,36,950,1117,1033,2014-12-01,Amaravathi,167
brinjal,2015,January,27,1111,1311,1263,2015-01-01,Amaravathi,200
brinjal,2015,February,45,787,987,947,2015-02-01,Amaravathi,200
brinjal,2015,March,30,590,720,683,2015-03-01,Amaravathi,130
brinjal,2015,August,6,1100,1300,1193,2015-08-01,Amaravathi,200
brinjal,2015,September,27,967,1144,1025,2015-09-01,Amaravathi,177
brinjal,2015,October,24,1375,1563,1436,2015-10-01,Amaravathi,188
brinjal,2015,November,11,850,1000,918,2015-11-01,Amaravathi,150
brinjal,2015,December,297,1127,1345,1234,2015-12-01,Amaravathi,218
brinjal,2016,January,915,1094,1281,1188,2016-01-01,Amaravathi,187
brinjal,2016,February,886,492,624,557,2016-02-01,Amaravathi,132
brinjal,2016,March,419,862,1031,946,2016-03-01,Amaravathi,169
brinjal,2016,April,360,1069,1256,1163,2016-04-01,Amaravathi,187
brinjal,2016,May,264,914,1095,1005,2016-05-01,Amaravathi,181
brinjal,2016,June,236,1418,1632,1525,2016-06-01,Amaravathi,214
brinjal,2016,July,95,971,1171,1071,2016-07-01,Amaravathi,200
brinjal,2016,August,212,1950,2211,2081,2016-08-01,Amaravathi,261
brinjal,2016,September,186,1033,1207,1120,2016-09-01,Amaravathi,174
brinjal,2016,October,130,1710,1910,1810,2016-10-01,Amaravathi,200
