Commodity,Year,Month,arrivals_in_qtl,min_price,max_price,modal_price,date,district_name,diff_price
chikoo,2015,August,6,1100,1500,1263,2015-08-01,Amaravathi,400
chikoo,2015,September,9,1000,1667,1169,2015-09-01,Amaravathi,667
chikoo,2015,October,28,1913,2500,2096,2015-10-01,Amaravathi,587
chikoo,2015,November,16,1700,2250,1975,2015-11-01,Amaravathi,550
chikoo,2015,December,211,1227,2487,1407,2015-12-01,Amaravathi,1260
chikoo,2016,January,715,1163,1495,1326,2016-01-01,Amaravathi,332
chikoo,2016,February,186,1106,1594,1350,2016-02-01,Amaravathi,488
chikoo,2016,March,134,1188,1725,1463,2016-03-01,Amaravathi,537
chikoo,2016,April,255,1431,2000,1716,2016-04-01,Amaravathi,569
chikoo,2016,May,216,2100,2809,2443,2016-05-01,Amaravathi,709
chikoo,2016,June,220,2041,2882,2461,2016-06-01,Amaravathi,841
chikoo,2016,July,58,1743,2429,2086,2016-07-01,Amaravathi,686
chikoo,2016,August,204,1245,1820,1528,2016-08-01,Amaravathi,575
chikoo,2016,September,170,1573,2460,2017,2016-09-01,Amaravathi,887
chikoo,2016,October,143,1495,2338,1916,2016-10-01,Amaravathi,843
