Commodity,Year,Month,arrivals_in_qtl,min_price,max_price,modal_price,date,district_name,diff_price
gram,2015,February,24,2767,3347,2933,2015-02-01,Jalna,580
gram,2015,June,68,3833,4237,4098,2015-06-01,Jalna,404
gram,2016,March,970,3959,4393,4150,2016-03-01,Jalna,434
gram,2016,April,897,4756,5718,4941,2016-04-01,Jalna,962
gram,2016,May,386,5232,5702,5459,2016-05-01,Jalna,470
gram,2016,June,150,5708,6445,6254,2016-06-01,Jalna,737
gram,2016,July,36,6313,7788,7185,2016-07-01,Jalna,1475
gram,2016,August,20,6000,7343,6905,2016-08-01,Jalna,1343
gram,2016,October,30,6301,9000,8400,2016-10-01,Jalna,2699
