Commodity,Year,Month,arrivals_in_qtl,min_price,max_price,modal_price,date,district_name,diff_price
wheat(husked),2014,November,185,1477,1741,1553,2014-11-01,Jalna,264
wheat(husked),2014,December,274,1433,1711,1507,2014-12-01,Jalna,278
wheat(husked),2015,January,26,1575,1775,1644,2015-01-01,Jalna,200
wheat(husked),2015,February,116,1470,1718,1530,2015-02-01,Jalna,248
wheat(husked),2015,June,364,1519,2964,1688,2015-06-01,Jalna,1445
wheat(husked),2015,July,167,1537,2156,1645,2015-07-01,Jalna,619
wheat(husked),2015,August,192,1524,1997,1659,2015-08-01,Jalna,473
wheat(husked),2015,September,287,1500,2623,1646,2015-09-01,Jalna,1123
wheat(husked),2015,December,269,1490,2296,1621,2015-12-01,Jalna,806
wheat(husked),2016,January,12,1525,2100,1571,2016-01-01,Jalna,575
wheat(husked),2016,March,751,1512,2884,1788,2016-03-01,Jalna,1372
wheat(husked),2016,April,2646,1513,3121,1821,2016-04-01,Jalna,1608
wheat(husked),2016,May,658,1532,2902,1889,2016-05-01,Jalna,1370
wheat(husked),2016,June,530,1634,2455,1900,2016-06-01,Jalna,821
wheat(husked),2016,July,259,1659,2348,1891,2016-07-01,Jalna,689
wheat(husked),2016,August,330,1626,2274,1871,2016-08-01,Jalna,648
wheat(husked),2016,September,288,1709,2409,1921,2016-09-01,Jalna,700
wheat(husked),2016,October,334,1693,2467,1999,2016-10-01,Jalna,774
wheat(husked),2016,November,109,1670,2544,2123,2016-11-01,Jalna,874
