Commodity,Year,Month,arrivals_in_qtl,min_price,max_price,modal_price,date,district_name,diff_price
soybean,2014,November,555,2978,3270,3110,2014-11-01,Jalna,292
soybean,2014,December,139,2915,3200,3088,2014-12-01,Jalna,285
soybean,2015,February,14,2700,3335,3000,2015-02-01,Jalna,635
soybean,2015,August,11,3000,3180,3100,2015-08-01,Jalna,180
soybean,2015,December,153,2976,3510,3257,2015-12-01,Jalna,534
soybean,2016,October,3663,1897,2584,2170,2016-10-01,Jalna,687
soybean,2016,November,1311,2102,2769,2363,2016-11-01,Jalna,667
