Commodity,Year,Month,arrivals_in_qtl,min_price,max_price,modal_price,date,district_name,diff_price
sorgum(jawar),2014,November,469,1292,2431,1528,2014-11-01,Jalna,1139
sorgum(jawar),2014,December,947,1170,2221,1467,2014-12-01,Jalna,1051
sorgum(jawar),2015,January,64,1168,2025,1458,2015-01-01,Jalna,857
sorgum(jawar),2015,February,357,1150,1714,1362,2015-02-01,Jalna,564
sorgum(jawar),2015,June,2826,1172,1715,1427,2015-06-01,Jalna,543
sorgum(jawar),2015,July,1172,1199,1607,1414,2015-07-01,Jalna,408
sorgum(jawar),2015,August,1999,1231,1756,1437,2015-08-01,Jalna,525
sorgum(jawar),2015,September,2502,1313,1718,1448,2015-09-01,Jalna,405
sorgum(jawar),2015,December,1731,1385,2001,1571,2015-12-01,Jalna,616
sorgum(jawar),2016,January,127,1280,1683,1450,2016-01-01,Jalna,403
sorgum(jawar),2016,March,4099,1316,2196,1604,2016-03-01,Jalna,880
sorgum(jawar),2016,April,3601,1369,2253,1704,2016-04-01,Jalna,884
sorgum(jawar),2016,May,3489,1405,2245,1769,2016-05-01,Jalna,840
sorgum(jawar),2016,June,5014,1485,2108,1810,2016-06-01,Jalna,623
sorgum(jawar),2016,July,1388,1551,2164,1873,2016-07-01,Jalna,613
sorgum(jawar),2016,August,2044,1575,2009,1683,2016-08-01,Jalna,434
sorgum(jawar),2016,September,2089,1590,2139,1680,2016-09-01,Jalna,549
sorgum(jawar),2016,October,1662,1653,2451,1829,2016-10-01,Jalna,798
sorgum(jawar),2016,November,572,2009,2551,2229,2016-11-01,Jalna,542
