Commodity,Year,Month,arrivals_in_qtl,min_price,max_price,modal_price,date,district_name,diff_price
bajri,2014,September,2,1300,1300,1300,2014-09-01,Beed,0
bajri,2014,October,10,1506,1596,1546,2014-10-01,Beed,90
bajri,2014,November,37,1538,1616,1575,2014-11-01,Beed,78
bajri,2014,December,17,1496,1496,1496,2014-12-01,Beed,0
bajri,2015,January,13,1586,1645,1615,2015-01-01,Beed,59
bajri,2015,March,3,1500,1500,1500,2015-03-01,Beed,0
bajri,2015,June,3,1480,1480,1480,2015-06-01,Beed,0
bajri,2015,September,2,1500,1500,1500,2015-09-01,Beed,0
bajri,2015,October,4,1350,1350,1350,2015-10-01,Beed,0
bajri,2015,November,13,1505,1505,1505,2015-11-01,Beed,0
bajri,2015,December,9,1642,1642,1642,2015-12-01,Beed,0
bajri,2016,January,3,1572,1572,1572,2016-01-01,Beed,0
bajri,2016,February,2,1500,1500,1500,2016-02-01,Beed,0
bajri,2016,November,2,1390,1651,1500,2016-11-01,Beed,261
