Commodity,Year,Month,arrivals_in_qtl,min_price,max_price,modal_price,date,district_name,diff_price
wheat(husked),2014,September,229,1517,1855,1677,2014-09-01,Beed,338
wheat(husked),2014,October,36,1561,1611,1584,2014-10-01,Beed,50
wheat(husked),2014,November,193,1710,1710,1710,2014-11-01,Beed,0
wheat(husked),2014,December,131,1471,1483,1479,2014-12-01,Beed,12
wheat(husked),2015,January,33,1598,1626,1612,2015-01-01,Beed,28
wheat(husked),2015,February,199,1774,2081,1926,2015-02-01,Beed,307
wheat(husked),2015,March,197,1757,1984,1878,2015-03-01,Beed,227
wheat(husked),2015,April,45,2011,2263,2150,2015-04-01,Beed,252
wheat(husked),2015,May,41,2113,2208,2172,2015-05-01,Beed,95
wheat(husked),2015,June,52,2193,2457,2302,2015-06-01,Beed,264
wheat(husked),2015,July,11,1713,1730,1713,2015-07-01,Beed,17
wheat(husked),2015,September,271,1560,1836,1835,2015-09-01,Beed,276
wheat(husked),2015,November,403,1450,1877,1667,2015-11-01,Beed,427
wheat(husked),2015,December,7,1433,1433,1433,2015-12-01,Beed,0
wheat(husked),2016,January,134,1925,1925,1925,2016-01-01,Beed,0
wheat(husked),2016,March,1,2810,2810,2810,2016-03-01,Beed,0
