Commodity,Year,Month,arrivals_in_qtl,min_price,max_price,modal_price,date,district_name,diff_price
green gram,2014,September,52,5925,6461,6267,2014-09-01,Beed,536
green gram,2014,October,51,6267,7320,6918,2014-10-01,Beed,1053
green gram,2014,November,21,7506,7935,7741,2014-11-01,Beed,429
green gram,2014,December,9,6421,6571,6486,2014-12-01,Beed,150
green gram,2015,January,7,7090,7150,7120,2015-01-01,Beed,60
green gram,2015,February,2,6825,6825,6825,2015-02-01,Beed,0
green gram,2015,June,2,8200,8200,8200,2015-06-01,Beed,0
green gram,2015,August,4,7100,7339,7250,2015-08-01,Beed,239
green gram,2015,September,27,6716,7773,7482,2015-09-01,Beed,1057
green gram,2015,October,6,8667,8800,8767,2015-10-01,Beed,133
green gram,2015,December,2,7600,7600,7600,2015-12-01,Beed,0
green gram,2016,January,1,6301,6301,6301,2016-01-01,Beed,0
green gram,2016,September,35,4985,5215,5091,2016-09-01,Beed,230
green gram,2016,October,10,5040,5040,5040,2016-10-01,Beed,0
green gram,2016,November,7,4640,4640,4640,2016-11-01,Beed,0
