Commodity,Year,Month,arrivals_in_qtl,min_price,max_price,modal_price,date,district_name,diff_price
safflower,2014,September,18,2715,2718,2715,2014-09-01,Beed,3
safflower,2014,October,5,2250,2300,2283,2014-10-01,Beed,50
safflower,2014,December,5,2400,2400,2400,2014-12-01,Beed,0
safflower,2015,February,1,2450,2450,2450,2015-02-01,Beed,0
safflower,2015,March,13,2474,2498,2486,2015-03-01,Beed,24
safflower,2015,April,11,2363,2488,2453,2015-04-01,Beed,125
safflower,2015,May,3,2100,2400,2300,2015-05-01,Beed,300
