Commodity,Year,Month,arrivals_in_qtl,min_price,max_price,modal_price,date,district_name,diff_price
sorgum(jawar),2014,September,123,1507,1917,1682,2014-09-01,Beed,410
sorgum(jawar),2014,October,91,1723,2024,1849,2014-10-01,Beed,301
sorgum(jawar),2014,November,326,2059,2258,2175,2014-11-01,Beed,199
sorgum(jawar),2014,December,481,2168,2344,2280,2014-12-01,Beed,176
sorgum(jawar),2015,January,180,2043,2148,2099,2015-01-01,Beed,105
sorgum(jawar),2015,February,159,2140,2406,2308,2015-02-01,Beed,266
sorgum(jawar),2015,March,139,1926,2308,2198,2015-03-01,Beed,382
sorgum(jawar),2015,April,215,2054,2310,2199,2015-04-01,Beed,256
sorgum(jawar),2015,May,199,2242,2382,2325,2015-05-01,Beed,140
sorgum(jawar),2015,June,163,2476,2580,2537,2015-06-01,Beed,104
sorgum(jawar),2015,July,28,2635,2670,2662,2015-07-01,Beed,35
sorgum(jawar),2015,September,50,2752,2772,2760,2015-09-01,Beed,20
sorgum(jawar),2015,October,66,2591,2633,2600,2015-10-01,Beed,42
sorgum(jawar),2015,November,525,2081,2201,2144,2015-11-01,Beed,120
sorgum(jawar),2015,December,646,2029,2126,2078,2015-12-01,Beed,97
sorgum(jawar),2016,January,279,1840,1913,1883,2016-01-01,Beed,73
sorgum(jawar),2016,February,275,1932,2035,1990,2016-02-01,Beed,103
sorgum(jawar),2016,March,186,1851,1892,1865,2016-03-01,Beed,41
sorgum(jawar),2016,April,171,1764,1823,1788,2016-04-01,Beed,59
sorgum(jawar),2016,May,145,1720,1757,1730,2016-05-01,Beed,37
sorgum(jawar),2016,June,79,1690,1730,1708,2016-06-01,Beed,40
sorgum(jawar),2016,July,13,1769,1813,1781,2016-07-01,Beed,44
sorgum(jawar),2016,August,67,1582,1598,1582,2016-08-01,Beed,16
sorgum(jawar),2016,September,126,1692,1736,1710,2016-09-01,Beed,44
sorgum(jawar),2016,October,67,1612,1658,1632,2016-10-01,Beed,46
sorgum(jawar),2016,November,344,1829,2179,2029,2016-11-01,Beed,350
