Commodity,Year,Month,arrivals_in_qtl,min_price,max_price,modal_price,date,district_name,diff_price
black gram,2014,October,621,4455,4675,4550,2014-10-01,Amaravathi,220
black gram,2014,November,360,4892,5133,5013,2014-11-01,Amaravathi,241
black gram,2014,December,294,4842,5192,5017,2014-12-01,Amaravathi,350
black gram,2015,January,126,5400,5683,5533,2015-01-01,Amaravathi,283
black gram,2015,September,247,7780,8580,8150,2015-09-01,Amaravathi,800
black gram,2015,October,340,9050,10158,9613,2015-10-01,Amaravathi,1108
black gram,2015,November,83,7078,7933,7483,2015-11-01,Amaravathi,855
black gram,2015,December,24,7125,7740,7550,2015-12-01,Amaravathi,615
black gram,2016,April,3,7000,7500,7250,2016-04-01,Amaravathi,500
black gram,2016,September,1410,5988,6906,6425,2016-09-01,Amaravathi,918
black gram,2016,October,3945,3111,6756,4978,2016-10-01,Amaravathi,3645
black gram,2016,November,2289,2950,6595,4825,2016-11-01,Amaravathi,3645
