Commodity,Year,Month,arrivals_in_qtl,min_price,max_price,modal_price,date,district_name,diff_price
paddy-unhusked,2014,September,2432,2026,2109,2073,2014-09-01,Gadchiroli,83
paddy-unhusked,2014,October,642,2552,2619,2596,2014-10-01,Gadchiroli,67
paddy-unhusked,2014,November,4630,1675,1774,1724,2014-11-01,Gadchiroli,99
paddy-unhusked,2014,December,11478,1474,1576,1535,2014-12-01,Gadchiroli,102
paddy-unhusked,2015,January,6900,1525,1608,1580,2015-01-01,Gadchiroli,83
paddy-unhusked,2015,February,6631,1495,1546,1520,2015-02-01,Gadchiroli,51
paddy-unhusked,2015,March,3896,1498,1543,1524,2015-03-01,Gadchiroli,45
paddy-unhusked,2015,April,1736,1493,1581,1543,2015-04-01,Gadchiroli,88
paddy-unhusked,2015,May,2931,1504,1556,1532,2015-05-01,Gadchiroli,52
paddy-unhusked,2015,June,4909,1425,1491,1467,2015-06-01,Gadchiroli,66
paddy-unhusked,2015,July,4608,1505,1627,1587,2015-07-01,Gadchiroli,122
paddy-unhusked,2015,August,2553,1576,1684,1651,2015-08-01,Gadchiroli,108
paddy-unhusked,2015,September,3195,1688,1844,1810,2015-09-01,Gadchiroli,156
paddy-unhusked,2015,October,1849,1675,1811,1763,2015-10-01,Gadchiroli,136
paddy-unhusked,2015,November,2383,1502,1646,1602,2015-11-01,Gadchiroli,144
paddy-unhusked,2015,December,25418,1532,1720,1595,2015-12-01,Gadchiroli,188
paddy-unhusked,2016,January,19269,1516,1606,1569,2016-01-01,Gadchiroli,90
paddy-unhusked,2016,February,9364,1550,1621,1594,2016-02-01,Gadchiroli,71
paddy-unhusked,2016,March,4544,1625,1686,1657,2016-03-01,Gadchiroli,61
paddy-unhusked,2016,April,2989,1709,1818,1784,2016-04-01,Gadchiroli,109
paddy-unhusked,2016,May,3646,1646,1783,1742,2016-05-01,Gadchiroli,137
paddy-unhusked,2016,June,4642,1725,1846,1817,2016-06-01,Gadchiroli,121
paddy-unhusked,2016,July,3275,1823,1950,1916,2016-07-01,Gadchiroli,127
paddy-unhusked,2016,August,1483,1978,2053,2032,2016-08-01,Gadchiroli,75
paddy-unhusked,2016,September,2547,1893,1981,1953,2016-09-01,Gadchiroli,88
paddy-unhusked,2016,October,2835,1832,1891,1861,2016-10-01,Gadchiroli,59
paddy-unhusked,2016,November,8192,1613,1707,1662,2016-11-01,Gadchiroli,94
