Commodity,Year,Month,arrivals_in_qtl,min_price,max_price,modal_price,date,district_name,diff_price
paddy-unhusked,2014,September,33424,1700,1953,1871,2014-09-01,Gadchiroli,253
paddy-unhusked,2014,October,9913,1674,1940,1838,2014-10-01,Gadchiroli,266
paddy-unhusked,2014,November,47448,1485,1745,1629,2014-11-01,Gadchiroli,260
paddy-unhusked,2014,December,69619,1450,1624,1550,2014-12-01,Gadchiroli,174
paddy-unhusked,2015,January,66101,1470,1648,1579,2015-01-01,Gadchiroli,178
paddy-unhusked,2015,February,41469,1472,1601,1548,2015-02-01,Gadchiroli,129
paddy-unhusked,2015,March,39897,1443,1552,1508,2015-03-01,Gadchiroli,109
paddy-unhusked,2015,April,30070,1445,1562,1517,2015-04-01,Gadchiroli,117
paddy-unhusked,2015,May,52354,1444,1672,1521,2015-05-01,Gadchiroli,228
paddy-unhusked,2015,June,59931,1440,1592,1536,2015-06-01,Gadchiroli,152
paddy-unhusked,2015,July,39609,1500,1669,1634,2015-07-01,Gadchiroli,169
paddy-unhusked,2015,August,27551,1544,1703,1668,2015-08-01,Gadchiroli,159
paddy-unhusked,2015,September,38625,1596,1796,1765,2015-09-01,Gadchiroli,200
paddy-unhusked,2015,October,29954,1489,1705,1664,2015-10-01,Gadchiroli,216
paddy-unhusked,2015,November,51355,1482,1679,1617,2015-11-01,Gadchiroli,197
paddy-unhusked,2015,December,83247,1512,1668,1641,2015-12-01,Gadchiroli,156
paddy-unhusked,2016,January,41138,1511,1639,1620,2016-01-01,Gadchiroli,128
paddy-unhusked,2016,February,30072,1548,1667,1651,2016-02-01,Gadchiroli,119
paddy-unhusked,2016,March,18210,1559,1664,1651,2016-03-01,Gadchiroli,105
paddy-unhusked,2016,April,15488,1630,1749,1733,2016-04-01,Gadchiroli,119
paddy-unhusked,2016,May,35957,1695,1850,1819,2016-05-01,Gadchiroli,155
paddy-unhusked,2016,June,31517,1745,1930,1907,2016-06-01,Gadchiroli,185
paddy-unhusked,2016,July,14303,1740,1901,1876,2016-07-01,Gadchiroli,161
paddy-unhusked,2016,August,17896,1733,1902,1854,2016-08-01,Gadchiroli,169
paddy-unhusked,2016,September,21028,1706,2052,1843,2016-09-01,Gadchiroli,346
paddy-unhusked,2016,October,17282,1658,1844,1810,2016-10-01,Gadchiroli,186
paddy-unhusked,2016,November,50811,1540,1691,1652,2016-11-01,Gadchiroli,151
