Commodity,Year,Month,arrivals_in_qtl,min_price,max_price,modal_price,date,district_name,diff_price
chillies(red),2014,October,3,11700,12636,12133,2014-10-01,Gadchiroli,936
chillies(red),2014,November,6,12700,12700,12700,2014-11-01,Gadchiroli,0
chillies(red),2015,January,9,14000,14000,14000,2015-01-01,Gadchiroli,0
chillies(red),2015,February,4,13500,13800,13713,2015-02-01,Gadchiroli,300
chillies(red),2015,March,165,7000,13200,11824,2015-03-01,Gadchiroli,6200
chillies(red),2015,April,24,7000,12000,10419,2015-04-01,Gadchiroli,5000
chillies(red),2015,May,33,10500,14100,13294,2015-05-01,Gadchiroli,3600
chillies(red),2015,June,17,11500,15600,13415,2015-06-01,Gadchiroli,4100
chillies(red),2016,January,6,11250,15250,14474,2016-01-01,Gadchiroli,4000
chillies(red),2016,February,24,14433,14833,14667,2016-02-01,Gadchiroli,400
chillies(red),2016,March,207,11500,16620,15900,2016-03-01,Gadchiroli,5120
chillies(red),2016,April,128,12250,17600,16875,2016-04-01,Gadchiroli,5350
chillies(red),2016,May,94,14075,19025,18375,2016-05-01,Gadchiroli,4950
chillies(red),2016,June,3,17000,18500,18300,2016-06-01,Gadchiroli,1500
