Commodity,Year,Month,arrivals_in_qtl,min_price,max_price,modal_price,date,district_name,diff_price
soybean,2014,November,350,2850,3250,3100,2014-11-01,Wardha,400
soybean,2015,May,309,3344,3617,3506,2015-05-01,Wardha,273
soybean,2015,June,535,3300,3610,3550,2015-06-01,Wardha,310
soybean,2015,November,5695,3076,3706,3466,2015-11-01,Wardha,630
soybean,2015,December,4340,3114,3677,3405,2015-12-01,Wardha,563
soybean,2016,January,4628,3096,3759,3472,2016-01-01,Wardha,663
soybean,2016,February,3851,3037,3693,3445,2016-02-01,Wardha,656
soybean,2016,March,2240,3083,3637,3398,2016-03-01,Wardha,554
soybean,2016,April,2105,3174,3857,3521,2016-04-01,Wardha,683
soybean,2016,May,2008,3146,3724,3495,2016-05-01,Wardha,578
soybean,2016,June,1173,3100,3719,3475,2016-06-01,Wardha,619
soybean,2016,July,213,3163,3590,3400,2016-07-01,Wardha,427
soybean,2016,October,3615,2553,2777,2672,2016-10-01,Wardha,224
soybean,2016,November,3268,2748,2886,2811,2016-11-01,Wardha,138
