Commodity,Year,Month,arrivals_in_qtl,min_price,max_price,modal_price,date,district_name,diff_price
cotton,2015,January,3025,4598,4643,4628,2015-01-01,Wardha,45
cotton,2015,March,350,4500,4530,4520,2015-03-01,Wardha,30
cotton,2015,November,7605,3636,4139,4118,2015-11-01,Wardha,503
cotton,2015,December,22768,4266,4351,4312,2015-12-01,Wardha,85
cotton,2016,January,20065,4604,4644,4630,2016-01-01,Wardha,40
cotton,2016,February,12125,4476,4497,4487,2016-02-01,Wardha,21
cotton,2016,March,12575,4474,4497,4486,2016-03-01,Wardha,23
cotton,2016,April,7259,4811,4847,4830,2016-04-01,Wardha,36
cotton,2016,May,5060,4958,4994,4977,2016-05-01,Wardha,36
cotton,2016,November,31330,4104,4173,4144,2016-11-01,Wardha,69
