Commodity,Year,Month,arrivals_in_qtl,min_price,max_price,modal_price,date,district_name,diff_price
sorgum(jawar),2014,September,268,1700,2100,1900,2014-09-01,Sangli,400
sorgum(jawar),2014,October,157,1700,2050,1875,2014-10-01,Sangli,350
sorgum(jawar),2014,November,303,1700,2100,1900,2014-11-01,Sangli,400
sorgum(jawar),2014,December,132,1700,2100,1900,2014-12-01,Sangli,400
sorgum(jawar),2015,January,131,1700,2100,1900,2015-01-01,Sangli,400
sorgum(jawar),2015,February,59,1700,2100,1900,2015-02-01,Sangli,400
sorgum(jawar),2015,July,43,1600,1900,1750,2015-07-01,Sangli,300
sorgum(jawar),2015,September,5,1700,1900,1800,2015-09-01,Sangli,200
sorgum(jawar),2015,October,11,1700,2100,1900,2015-10-01,Sangli,400
sorgum(jawar),2015,December,26,1850,2050,1950,2015-12-01,Sangli,200
sorgum(jawar),2016,January,11,1750,2150,1950,2016-01-01,Sangli,400
sorgum(jawar),2016,July,12,1800,2200,2000,2016-07-01,Sangli,400
sorgum(jawar),2016,August,31,1733,2267,2000,2016-08-01,Sangli,534
sorgum(jawar),2016,September,12,1800,2200,2000,2016-09-01,Sangli,400
sorgum(jawar),2016,October,12,1700,1900,1800,2016-10-01,Sangli,200
sorgum(jawar),2016,November,7,2000,2400,2200,2016-11-01,Sangli,400
