Commodity,Year,Month,arrivals_in_qtl,min_price,max_price,modal_price,date,district_name,diff_price
spinach,2014,October,7800,200,300,250,2014-10-01,Aurangabad,100
spinach,2014,December,12000,100,200,150,2014-12-01,Aurangabad,100
spinach,2015,June,3000,600,800,700,2015-06-01,Aurangabad,200
spinach,2015,December,9600,150,270,210,2015-12-01,Aurangabad,120
spinach,2016,February,9000,65,100,83,2016-02-01,Aurangabad,35
spinach,2016,May,16000,250,450,350,2016-05-01,Aurangabad,200
spinach,2016,July,8500,300,400,350,2016-07-01,Aurangabad,100
spinach,2016,August,17500,250,400,325,2016-08-01,Aurangabad,150
