Commodity,Year,Month,arrivals_in_qtl,min_price,max_price,modal_price,date,district_name,diff_price
brinjal,2014,September,985,1700,2136,1918,2014-09-01,Aurangabad,436
brinjal,2014,October,965,1058,1504,1281,2014-10-01,Aurangabad,446
brinjal,2014,November,876,1152,1800,1474,2014-11-01,Aurangabad,648
brinjal,2014,December,1231,1535,1996,1820,2014-12-01,Aurangabad,461
brinjal,2015,January,1385,1039,1411,1222,2015-01-01,Aurangabad,372
brinjal,2015,February,691,1111,1622,1367,2015-02-01,Aurangabad,511
brinjal,2015,March,1371,891,1295,1093,2015-03-01,Aurangabad,404
brinjal,2015,April,1017,855,1400,1127,2015-04-01,Aurangabad,545
brinjal,2015,May,780,1250,1865,1558,2015-05-01,Aurangabad,615
brinjal,2015,June,875,1311,2067,1689,2015-06-01,Aurangabad,756
brinjal,2015,July,1109,748,1213,980,2015-07-01,Aurangabad,465
brinjal,2015,August,971,1488,2128,1808,2015-08-01,Aurangabad,640
brinjal,2015,September,1257,689,1017,853,2015-09-01,Aurangabad,328
brinjal,2015,October,1303,736,1156,946,2015-10-01,Aurangabad,420
brinjal,2015,November,1057,583,883,733,2015-11-01,Aurangabad,300
brinjal,2015,December,944,1207,1919,1563,2015-12-01,Aurangabad,712
brinjal,2016,January,1098,2039,2857,2448,2016-01-01,Aurangabad,818
brinjal,2016,February,1282,610,865,738,2016-02-01,Aurangabad,255
brinjal,2016,March,1000,1400,1856,1624,2016-03-01,Aurangabad,456
brinjal,2016,April,1014,1092,1833,1463,2016-04-01,Aurangabad,741
brinjal,2016,May,1018,1300,2163,1765,2016-05-01,Aurangabad,863
brinjal,2016,June,632,2464,3188,2826,2016-06-01,Aurangabad,724
brinjal,2016,July,1008,1129,1900,1515,2016-07-01,Aurangabad,771
brinjal,2016,August,781,1146,1787,1469,2016-08-01,Aurangabad,641
brinjal,2016,September,800,832,1276,1034,2016-09-01,Aurangabad,444
brinjal,2016,October,625,1746,2438,2127,2016-10-01,Aurangabad,692
brinjal,2016,November,1381,620,856,742,2016-11-01,Aurangabad,236
