Commodity,Year,Month,arrivals_in_qtl,min_price,max_price,modal_price,date,district_name,diff_price
cabbage,2014,September,2337,676,924,800,2014-09-01,Aurangabad,248
cabbage,2014,October,2225,396,581,489,2014-10-01,Aurangabad,185
cabbage,2014,November,2731,303,438,370,2014-11-01,Aurangabad,135
cabbage,2014,December,1925,491,657,574,2014-12-01,Aurangabad,166
cabbage,2015,January,749,628,939,789,2015-01-01,Aurangabad,311
cabbage,2015,February,548,763,1025,894,2015-02-01,Aurangabad,262
cabbage,2015,March,1826,571,795,683,2015-03-01,Aurangabad,224
cabbage,2015,April,1902,321,493,407,2015-04-01,Aurangabad,172
cabbage,2015,May,2110,348,545,446,2015-05-01,Aurangabad,197
cabbage,2015,June,2269,516,763,639,2015-06-01,Aurangabad,247
cabbage,2015,July,1851,570,839,700,2015-07-01,Aurangabad,269
cabbage,2015,August,1800,658,1017,846,2015-08-01,Aurangabad,359
cabbage,2015,September,2651,400,600,498,2015-09-01,Aurangabad,200
cabbage,2015,October,2352,364,564,464,2015-10-01,Aurangabad,200
cabbage,2015,November,1518,639,865,750,2015-11-01,Aurangabad,226
cabbage,2015,December,1777,752,1004,878,2015-12-01,Aurangabad,252
cabbage,2016,January,2300,514,718,614,2016-01-01,Aurangabad,204
cabbage,2016,February,2027,490,638,564,2016-02-01,Aurangabad,148
cabbage,2016,March,2809,460,640,550,2016-03-01,Aurangabad,180
cabbage,2016,April,2900,380,840,484,2016-04-01,Aurangabad,460
cabbage,2016,May,1932,708,1100,904,2016-05-01,Aurangabad,392
cabbage,2016,June,1637,1815,2335,2079,2016-06-01,Aurangabad,520
cabbage,2016,July,1143,1563,2079,1821,2016-07-01,Aurangabad,516
cabbage,2016,August,1982,792,1073,919,2016-08-01,Aurangabad,281
cabbage,2016,September,2170,346,474,410,2016-09-01,Aurangabad,128
cabbage,2016,October,1806,363,496,430,2016-10-01,Aurangabad,133
cabbage,2016,November,1699,344,479,412,2016-11-01,Aurangabad,135
