Commodity,Year,Month,arrivals_in_qtl,min_price,max_price,modal_price,date,district_name,diff_price
potato,2014,September,17087,2084,2294,2189,2014-09-01,Aurangabad,210
potato,2014,October,9958,2140,2421,2281,2014-10-01,Aurangabad,281
potato,2014,November,13588,2176,2552,2369,2014-11-01,Aurangabad,376
potato,2014,December,11583,1686,2109,1943,2014-12-01,Aurangabad,423
potato,2015,January,7836,868,1168,1029,2015-01-01,Aurangabad,300
potato,2015,February,3585,638,900,769,2015-02-01,Aurangabad,262
potato,2015,March,10662,584,768,667,2015-03-01,Aurangabad,184
potato,2015,April,8650,473,668,570,2015-04-01,Aurangabad,195
potato,2015,May,9152,608,783,700,2015-05-01,Aurangabad,175
potato,2015,June,13179,642,808,725,2015-06-01,Aurangabad,166
potato,2015,July,13296,648,769,708,2015-07-01,Aurangabad,121
potato,2015,August,13399,565,721,643,2015-08-01,Aurangabad,156
potato,2015,September,12095,665,793,729,2015-09-01,Aurangabad,128
potato,2015,October,12989,677,925,803,2015-10-01,Aurangabad,248
potato,2015,November,10001,745,1075,910,2015-11-01,Aurangabad,330
potato,2015,December,32689,704,989,846,2015-12-01,Aurangabad,285
potato,2016,January,8485,769,1048,908,2016-01-01,Aurangabad,279
potato,2016,February,8302,705,1019,864,2016-02-01,Aurangabad,314
potato,2016,March,12186,764,1116,940,2016-03-01,Aurangabad,352
potato,2016,April,12569,1021,1338,1179,2016-04-01,Aurangabad,317
potato,2016,May,10049,1234,1450,1342,2016-05-01,Aurangabad,216
potato,2016,June,13312,1396,1615,1505,2016-06-01,Aurangabad,219
potato,2016,July,11307,1477,1741,1609,2016-07-01,Aurangabad,264
potato,2016,August,11884,1429,1619,1526,2016-08-01,Aurangabad,190
potato,2016,September,11480,1191,1428,1310,2016-09-01,Aurangabad,237
potato,2016,October,13988,989,1241,1116,2016-10-01,Aurangabad,252
potato,2016,November,12005,848,1042,945,2016-11-01,Aurangabad,194
