Commodity,Year,Month,arrivals_in_qtl,min_price,max_price,modal_price,date,district_name,diff_price
custard apple,2014,September,11,3750,5250,4500,2014-09-01,Aurangabad,1500
custard apple,2014,October,191,2353,6267,4310,2014-10-01,Aurangabad,3914
custard apple,2014,November,976,1357,5548,3393,2014-11-01,Aurangabad,4191
custard apple,2014,December,173,1430,3670,2550,2014-12-01,Aurangabad,2240
custard apple,2015,August,59,2000,2744,2372,2015-08-01,Aurangabad,744
custard apple,2015,September,116,2033,3078,2556,2015-09-01,Aurangabad,1045
custard apple,2015,October,1318,1404,3450,2406,2015-10-01,Aurangabad,2046
custard apple,2015,November,303,1053,2521,1787,2015-11-01,Aurangabad,1468
custard apple,2015,December,34,1750,2833,2292,2015-12-01,Aurangabad,1083
custard apple,2016,September,23,3000,6000,4500,2016-09-01,Aurangabad,3000
custard apple,2016,October,810,1655,4864,3236,2016-10-01,Aurangabad,3209
custard apple,2016,November,823,1200,4065,2633,2016-11-01,Aurangabad,2865
