Commodity,Year,Month,arrivals_in_qtl,min_price,max_price,modal_price,date,district_name,diff_price
pomegranate,2014,September,4606,1536,5160,3288,2014-09-01,Aurangabad,3624
pomegranate,2014,October,1266,1574,5343,3461,2014-10-01,Aurangabad,3769
pomegranate,2014,November,789,890,4771,2814,2014-11-01,Aurangabad,3881
pomegranate,2014,December,711,1152,4514,2922,2014-12-01,Aurangabad,3362
pomegranate,2015,January,748,1463,4584,2997,2015-01-01,Aurangabad,3121
pomegranate,2015,February,216,1575,4463,3019,2015-02-01,Aurangabad,2888
pomegranate,2015,March,182,1517,4400,2986,2015-03-01,Aurangabad,2883
pomegranate,2015,April,201,1395,4300,2768,2015-04-01,Aurangabad,2905
pomegranate,2015,May,326,1071,2629,1850,2015-05-01,Aurangabad,1558
pomegranate,2015,June,519,1807,5053,3487,2015-06-01,Aurangabad,3246
pomegranate,2015,July,1955,1113,4952,3011,2015-07-01,Aurangabad,3839
pomegranate,2015,August,2509,935,4804,2870,2015-08-01,Aurangabad,3869
pomegranate,2015,September,978,1284,6027,3651,2015-09-01,Aurangabad,4743
pomegranate,2015,October,921,1240,5024,3132,2015-10-01,Aurangabad,3784
pomegranate,2015,November,1046,800,3605,2202,2015-11-01,Aurangabad,2805
pomegranate,2015,December,1333,963,3881,2419,2015-12-01,Aurangabad,2918
pomegranate,2016,January,838,1000,4300,2686,2016-01-01,Aurangabad,3300
pomegranate,2016,February,851,995,3681,2338,2016-02-01,Aurangabad,2686
pomegranate,2016,March,572,1256,3536,2376,2016-03-01,Aurangabad,2280
pomegranate,2016,April,616,1246,4175,2710,2016-04-01,Aurangabad,2929
pomegranate,2016,May,713,1258,3304,2281,2016-05-01,Aurangabad,2046
pomegranate,2016,June,511,1504,3752,2628,2016-06-01,Aurangabad,2248
pomegranate,2016,July,1033,1145,4477,2834,2016-07-01,Aurangabad,3332
pomegranate,2016,August,1440,743,5030,2869,2016-08-01,Aurangabad,4287
pomegranate,2016,September,1165,738,5396,3106,2016-09-01,Aurangabad,4658
pomegranate,2016,October,774,831,6200,3515,2016-10-01,Aurangabad,5369
pomegranate,2016,November,947,1106,5531,3318,2016-11-01,Aurangabad,4425
