Commodity,Year,Month,arrivals_in_qtl,min_price,max_price,modal_price,date,district_name,diff_price
grapes,2014,November,20,2750,3750,3250,2014-11-01,Aurangabad,1000
grapes,2014,December,42,4125,5750,4925,2014-12-01,Aurangabad,1625
grapes,2015,January,785,2556,4294,3439,2015-01-01,Aurangabad,1738
grapes,2015,February,658,2350,4175,3263,2015-02-01,Aurangabad,1825
grapes,2015,March,2394,2080,3870,2978,2015-03-01,Aurangabad,1790
grapes,2015,April,332,2482,4664,3523,2015-04-01,Aurangabad,2182
grapes,2015,May,51,2050,2750,2400,2015-05-01,Aurangabad,700
grapes,2015,November,4,3000,3500,3250,2015-11-01,Aurangabad,500
grapes,2015,December,183,2536,3579,3057,2015-12-01,Aurangabad,1043
grapes,2016,January,1699,2735,5000,3846,2016-01-01,Aurangabad,2265
grapes,2016,February,4017,2350,4777,3518,2016-02-01,Aurangabad,2427
grapes,2016,March,4469,2921,4975,3948,2016-03-01,Aurangabad,2054
grapes,2016,April,1244,3104,5130,4096,2016-04-01,Aurangabad,2026
