Commodity,Year,Month,arrivals_in_qtl,min_price,max_price,modal_price,date,district_name,diff_price
onion,2014,September,4869,316,1412,864,2014-09-01,Aurangabad,1096
onion,2014,October,3735,492,1556,1022,2014-10-01,Aurangabad,1064
onion,2014,November,7448,395,1486,941,2014-11-01,Aurangabad,1091
onion,2014,December,8061,468,1563,1011,2014-12-01,Aurangabad,1095
onion,2015,January,5645,395,1318,857,2015-01-01,Aurangabad,923
onion,2015,February,4728,630,1613,1121,2015-02-01,Aurangabad,983
onion,2015,March,3523,650,1395,1023,2015-03-01,Aurangabad,745
onion,2015,April,3938,618,1323,970,2015-04-01,Aurangabad,705
onion,2015,May,3578,448,1303,875,2015-05-01,Aurangabad,855
onion,2015,June,3775,745,1788,1286,2015-06-01,Aurangabad,1043
onion,2015,July,2991,972,2213,1590,2015-07-01,Aurangabad,1241
onion,2015,August,2958,2194,3981,3095,2015-08-01,Aurangabad,1787
onion,2015,September,3031,2093,4030,3062,2015-09-01,Aurangabad,1937
onion,2015,October,4998,602,2700,1691,2015-10-01,Aurangabad,2098
onion,2015,November,4875,659,2250,1454,2015-11-01,Aurangabad,1591
onion,2015,December,6849,491,1511,986,2015-12-01,Aurangabad,1020
onion,2016,January,5904,337,1393,865,2016-01-01,Aurangabad,1056
onion,2016,February,4806,198,932,565,2016-02-01,Aurangabad,734
onion,2016,March,5973,170,766,468,2016-03-01,Aurangabad,596
onion,2016,April,6493,133,744,439,2016-04-01,Aurangabad,611
onion,2016,May,13096,128,623,377,2016-05-01,Aurangabad,495
onion,2016,June,11324,265,869,565,2016-06-01,Aurangabad,604
onion,2016,July,13705,205,801,503,2016-07-01,Aurangabad,596
onion,2016,August,14064,166,717,441,2016-08-01,Aurangabad,551
onion,2016,September,15383,166,567,366,2016-09-01,Aurangabad,401
onion,2016,October,11757,158,616,394,2016-10-01,Aurangabad,458
onion,2016,November,8785,223,873,548,2016-11-01,Aurangabad,650
