Commodity,Year,Month,arrivals_in_qtl,min_price,max_price,modal_price,date,district_name,diff_price
mango,2015,April,2256,4181,9000,6591,2015-04-01,Aurangabad,4819
mango,2015,May,7075,1884,5958,3889,2015-05-01,Aurangabad,4074
mango,2015,June,6110,1756,4033,2919,2015-06-01,Aurangabad,2277
mango,2015,July,1614,1615,3769,2654,2015-07-01,Aurangabad,2154
mango,2016,March,407,6746,10846,8796,2016-03-01,Aurangabad,4100
mango,2016,April,3246,4775,8292,6533,2016-04-01,Aurangabad,3517
mango,2016,May,10299,3127,7327,5296,2016-05-01,Aurangabad,4200
mango,2016,June,10553,2585,4450,3500,2016-06-01,Aurangabad,1865
mango,2016,July,1458,2019,3225,2622,2016-07-01,Aurangabad,1206
