Commodity,Year,Month,arrivals_in_qtl,min_price,max_price,modal_price,date,district_name,diff_price
ground nut pods (dry),2015,May,352,2222,3056,2694,2015-05-01,Aurangabad,834
ground nut pods (dry),2015,June,781,2262,3238,2746,2015-06-01,Aurangabad,976
ground nut pods (dry),2015,July,608,2375,9358,2946,2015-07-01,Aurangabad,6983
ground nut pods (dry),2015,August,157,3040,3940,3490,2015-08-01,Aurangabad,900
ground nut pods (dry),2016,June,56,3075,4125,3600,2016-06-01,Aurangabad,1050
ground nut pods (dry),2016,July,162,3300,4060,3680,2016-07-01,Aurangabad,760
ground nut pods (dry),2016,August,536,3231,3969,3600,2016-08-01,Aurangabad,738
ground nut pods (dry),2016,September,545,3000,4090,3545,2016-09-01,Aurangabad,1090
ground nut pods (dry),2016,October,34,4000,4500,4250,2016-10-01,Aurangabad,500
