Commodity,Year,Month,arrivals_in_qtl,min_price,max_price,modal_price,date,district_name,diff_price
soybean,2015,December,750,3518,3587,3539,2015-12-01,Latur,69
soybean,2016,January,2380,3643,3762,3712,2016-01-01,Latur,119
soybean,2016,February,190,3650,3750,3700,2016-02-01,Latur,100
soybean,2016,April,569,3929,4092,4016,2016-04-01,Latur,163
soybean,2016,May,1845,3926,4060,3993,2016-05-01,Latur,134
soybean,2016,June,1612,3754,3851,3806,2016-06-01,Latur,97
soybean,2016,July,750,3565,3651,3608,2016-07-01,Latur,86
soybean,2016,August,489,3409,3564,3484,2016-08-01,Latur,155
soybean,2016,November,419,2339,2900,2700,2016-11-01,Latur,561
