Commodity,Year,Month,arrivals_in_qtl,min_price,max_price,modal_price,date,district_name,diff_price
kharbuj,2014,December,47,1800,2167,1983,2014-12-01,Aurangabad,367
kharbuj,2015,September,33,1550,2500,2025,2015-09-01,Aurangabad,950
kharbuj,2015,October,66,1750,2250,2000,2015-10-01,Aurangabad,500
kharbuj,2015,November,14,1500,2000,1750,2015-11-01,Aurangabad,500
kharbuj,2015,December,140,1275,1750,1513,2015-12-01,Aurangabad,475
kharbuj,2016,January,70,1000,2000,1500,2016-01-01,Aurangabad,1000
kharbuj,2016,February,77,1600,2250,1925,2016-02-01,Aurangabad,650
kharbuj,2016,March,1054,1520,2313,1917,2016-03-01,Aurangabad,793
kharbuj,2016,April,155,1000,1750,1375,2016-04-01,Aurangabad,750
kharbuj,2016,June,14,3000,4000,3500,2016-06-01,Aurangabad,1000
kharbuj,2016,July,40,1500,2000,1750,2016-07-01,Aurangabad,500
