Commodity,Year,Month,arrivals_in_qtl,min_price,max_price,modal_price,date,district_name,diff_price
guava,2014,September,70,964,1386,1175,2014-09-01,Aurangabad,422
guava,2014,October,84,1064,1600,1332,2014-10-01,Aurangabad,536
guava,2014,November,72,1300,1960,1630,2014-11-01,Aurangabad,660
guava,2014,December,119,1292,1792,1542,2014-12-01,Aurangabad,500
guava,2015,January,113,1118,1636,1377,2015-01-01,Aurangabad,518
guava,2015,February,4,1000,1600,1300,2015-02-01,Aurangabad,600
guava,2015,August,60,1400,1825,1613,2015-08-01,Aurangabad,425
guava,2015,September,151,1217,1792,1504,2015-09-01,Aurangabad,575
guava,2015,October,65,1500,2033,1767,2015-10-01,Aurangabad,533
guava,2015,November,295,890,1333,1112,2015-11-01,Aurangabad,443
guava,2015,December,176,894,1512,1203,2015-12-01,Aurangabad,618
guava,2016,January,38,1000,1543,1271,2016-01-01,Aurangabad,543
guava,2016,July,8,1500,2000,1750,2016-07-01,Aurangabad,500
guava,2016,August,12,2100,2500,2300,2016-08-01,Aurangabad,400
guava,2016,November,19,1167,2200,1683,2016-11-01,Aurangabad,1033
