Commodity,Year,Month,arrivals_in_qtl,min_price,max_price,modal_price,date,district_name,diff_price
fig,2014,September,10,1500,2167,1833,2014-09-01,Aurangabad,667
fig,2014,November,27,4600,8200,6400,2014-11-01,Aurangabad,3600
fig,2014,December,191,4178,6574,5246,2014-12-01,Aurangabad,2396
fig,2015,January,304,2447,3789,3118,2015-01-01,Aurangabad,1342
fig,2015,February,83,3029,5143,4086,2015-02-01,Aurangabad,2114
fig,2015,March,123,1982,2771,2376,2015-03-01,Aurangabad,789
fig,2015,April,85,2308,3569,2862,2015-04-01,Aurangabad,1261
fig,2015,May,37,4100,6450,5275,2015-05-01,Aurangabad,2350
fig,2015,June,9,5000,8000,6167,2015-06-01,Aurangabad,3000
fig,2015,October,4,8000,9000,8500,2015-10-01,Aurangabad,1000
fig,2015,November,101,3906,5250,4584,2015-11-01,Aurangabad,1344
fig,2015,December,329,2870,4063,3467,2015-12-01,Aurangabad,1193
fig,2016,January,375,3159,4805,3982,2016-01-01,Aurangabad,1646
fig,2016,February,85,3300,5200,4250,2016-02-01,Aurangabad,1900
fig,2016,March,140,3072,4148,3610,2016-03-01,Aurangabad,1076
fig,2016,April,109,2758,3696,3227,2016-04-01,Aurangabad,938
fig,2016,May,3,3000,3800,3400,2016-05-01,Aurangabad,800
fig,2016,June,7,9500,11000,10250,2016-06-01,Aurangabad,1500
fig,2016,October,10,6000,6750,6375,2016-10-01,Aurangabad,750
fig,2016,November,153,3200,6225,4713,2016-11-01,Aurangabad,3025
