Commodity,Year,Month,arrivals_in_qtl,min_price,max_price,modal_price,date,district_name,diff_price
chavli (shenga ),2014,September,98,1895,2482,2198,2014-09-01,Aurangabad,587
chavli (shenga ),2014,October,69,1714,2143,1929,2014-10-01,Aurangabad,429
chavli (shenga ),2014,November,15,2240,3000,2620,2014-11-01,Aurangabad,760
chavli (shenga ),2014,December,6,2500,3000,2750,2014-12-01,Aurangabad,500
chavli (shenga ),2015,May,28,2013,2613,2306,2015-05-01,Aurangabad,600
chavli (shenga ),2015,June,49,1854,2900,2377,2015-06-01,Aurangabad,1046
chavli (shenga ),2015,July,152,1165,1765,1465,2015-07-01,Aurangabad,600
chavli (shenga ),2015,August,187,1313,1821,1567,2015-08-01,Aurangabad,508
chavli (shenga ),2015,September,97,1400,1909,1655,2015-09-01,Aurangabad,509
chavli (shenga ),2015,October,77,2419,3163,2791,2015-10-01,Aurangabad,744
chavli (shenga ),2015,November,28,2333,2911,2622,2015-11-01,Aurangabad,578
chavli (shenga ),2015,December,18,2500,3250,2875,2015-12-01,Aurangabad,750
chavli (shenga ),2016,January,6,1500,2500,2000,2016-01-01,Aurangabad,1000
chavli (shenga ),2016,March,6,3750,4500,4125,2016-03-01,Aurangabad,750
chavli (shenga ),2016,May,66,2792,3542,3146,2016-05-01,Aurangabad,750
chavli (shenga ),2016,June,84,3029,3762,3395,2016-06-01,Aurangabad,733
chavli (shenga ),2016,July,147,2227,3000,2636,2016-07-01,Aurangabad,773
chavli (shenga ),2016,August,253,992,1412,1202,2016-08-01,Aurangabad,420
chavli (shenga ),2016,September,109,789,1126,958,2016-09-01,Aurangabad,337
chavli (shenga ),2016,October,45,2229,2843,2536,2016-10-01,Aurangabad,614
chavli (shenga ),2016,November,81,1968,2527,2248,2016-11-01,Aurangabad,559
