Commodity,Year,Month,arrivals_in_qtl,min_price,max_price,modal_price,date,district_name,diff_price
tomato,2014,September,3118,1144,1768,1456,2014-09-01,Aurangabad,624
tomato,2014,October,2917,638,1275,956,2014-10-01,Aurangabad,637
tomato,2014,November,2906,439,768,603,2014-11-01,Aurangabad,329
tomato,2014,December,2277,804,1361,1083,2014-12-01,Aurangabad,557
tomato,2015,January,2318,618,1368,992,2015-01-01,Aurangabad,750
tomato,2015,February,2362,930,1575,1253,2015-02-01,Aurangabad,645
tomato,2015,March,3440,459,893,676,2015-03-01,Aurangabad,434
tomato,2015,April,2860,552,990,771,2015-04-01,Aurangabad,438
tomato,2015,May,2937,785,1355,1080,2015-05-01,Aurangabad,570
tomato,2015,June,2998,1224,2219,1717,2015-06-01,Aurangabad,995
tomato,2015,July,3288,985,2165,1575,2015-07-01,Aurangabad,1180
tomato,2015,August,4600,532,994,761,2015-08-01,Aurangabad,462
tomato,2015,September,3215,515,946,730,2015-09-01,Aurangabad,431
tomato,2015,October,3033,620,1372,996,2015-10-01,Aurangabad,752
tomato,2015,November,2039,1365,2813,2046,2015-11-01,Aurangabad,1448
tomato,2015,December,3079,761,1415,1088,2015-12-01,Aurangabad,654
tomato,2016,January,2894,800,1320,1061,2016-01-01,Aurangabad,520
tomato,2016,February,3372,298,486,392,2016-02-01,Aurangabad,188
tomato,2016,March,3499,338,652,493,2016-03-01,Aurangabad,314
tomato,2016,April,3602,630,1128,879,2016-04-01,Aurangabad,498
tomato,2016,May,3003,1307,2193,1763,2016-05-01,Aurangabad,886
tomato,2016,June,1818,3556,5528,4542,2016-06-01,Aurangabad,1972
tomato,2016,July,2899,1883,3321,2598,2016-07-01,Aurangabad,1438
tomato,2016,August,4964,596,920,745,2016-08-01,Aurangabad,324
tomato,2016,September,4069,320,506,413,2016-09-01,Aurangabad,186
tomato,2016,October,3120,396,596,494,2016-10-01,Aurangabad,200
tomato,2016,November,3034,456,688,572,2016-11-01,Aurangabad,232
