Commodity,Year,Month,arrivals_in_qtl,min_price,max_price,modal_price,date,district_name,diff_price
ladies finger,2014,September,746,1368,1792,1576,2014-09-01,Aurangabad,424
ladies finger,2014,October,701,821,1288,1067,2014-10-01,Aurangabad,467
ladies finger,2014,November,561,1548,2071,1810,2014-11-01,Aurangabad,523
ladies finger,2015,January,560,2700,3500,3100,2015-01-01,Aurangabad,800
ladies finger,2015,February,678,2514,3143,2829,2015-02-01,Aurangabad,629
ladies finger,2015,March,1110,2105,2727,2434,2015-03-01,Aurangabad,622
ladies finger,2015,April,1183,1162,1686,1448,2015-04-01,Aurangabad,524
ladies finger,2015,May,850,885,1425,1155,2015-05-01,Aurangabad,540
ladies finger,2015,June,1173,1280,1955,1618,2015-06-01,Aurangabad,675
ladies finger,2015,July,1636,930,1330,1133,2015-07-01,Aurangabad,400
ladies finger,2015,August,1217,1052,1416,1234,2015-08-01,Aurangabad,364
ladies finger,2015,September,624,1148,1565,1357,2015-09-01,Aurangabad,417
ladies finger,2015,October,620,1712,2264,1989,2015-10-01,Aurangabad,552
ladies finger,2015,November,385,1578,2035,1798,2015-11-01,Aurangabad,457
ladies finger,2015,December,426,1841,2422,2131,2015-12-01,Aurangabad,581
ladies finger,2016,January,438,2043,2761,2424,2016-01-01,Aurangabad,718
ladies finger,2016,February,688,1623,2214,1918,2016-02-01,Aurangabad,591
ladies finger,2016,March,1412,1372,1960,1666,2016-03-01,Aurangabad,588
ladies finger,2016,April,1054,1304,2112,1708,2016-04-01,Aurangabad,808
ladies finger,2016,May,944,1674,2415,2044,2016-05-01,Aurangabad,741
ladies finger,2016,June,1082,2615,3165,2888,2016-06-01,Aurangabad,550
ladies finger,2016,July,1358,2092,2700,2396,2016-07-01,Aurangabad,608
ladies finger,2016,August,1367,815,1337,1113,2016-08-01,Aurangabad,522
ladies finger,2016,September,517,720,1032,876,2016-09-01,Aurangabad,312
ladies finger,2016,October,352,1344,1852,1602,2016-10-01,Aurangabad,508
ladies finger,2016,November,258,1954,2473,2213,2016-11-01,Aurangabad,519
