Commodity,Year,Month,arrivals_in_qtl,min_price,max_price,modal_price,date,district_name,diff_price
maize(corn.),2014,October,92,400,500,450,2014-10-01,Aurangabad,100
maize(corn.),2014,November,190,675,1000,838,2014-11-01,Aurangabad,325
maize(corn.),2014,December,1216,668,982,827,2014-12-01,Aurangabad,314
maize(corn.),2015,January,1393,524,747,635,2015-01-01,Aurangabad,223
maize(corn.),2015,February,416,613,800,706,2015-02-01,Aurangabad,187
maize(corn.),2015,March,290,600,1722,717,2015-03-01,Aurangabad,1122
maize(corn.),2015,April,188,500,700,600,2015-04-01,Aurangabad,200
maize(corn.),2015,May,99,400,571,486,2015-05-01,Aurangabad,171
maize(corn.),2015,June,246,544,744,644,2015-06-01,Aurangabad,200
maize(corn.),2015,July,262,856,1167,1011,2015-07-01,Aurangabad,311
maize(corn.),2015,August,304,775,1088,931,2015-08-01,Aurangabad,313
maize(corn.),2016,February,16,500,600,550,2016-02-01,Aurangabad,100
maize(corn.),2016,March,12,300,700,500,2016-03-01,Aurangabad,400
maize(corn.),2016,June,29,1000,1300,1150,2016-06-01,Aurangabad,300
maize(corn.),2016,July,333,933,1367,1150,2016-07-01,Aurangabad,434
maize(corn.),2016,August,1717,540,887,713,2016-08-01,Aurangabad,347
maize(corn.),2016,September,2024,500,736,618,2016-09-01,Aurangabad,236
maize(corn.),2016,October,743,589,844,711,2016-10-01,Aurangabad,255
maize(corn.),2016,November,347,543,757,650,2016-11-01,Aurangabad,214
