Commodity,Year,Month,arrivals_in_qtl,min_price,max_price,modal_price,date,district_name,diff_price
sorgum(jawar),2014,September,934,1277,1514,1372,2014-09-01,Latur,237
sorgum(jawar),2014,October,291,1237,1468,1339,2014-10-01,Latur,231
sorgum(jawar),2014,November,1159,1532,1860,1710,2014-11-01,Latur,328
sorgum(jawar),2014,December,1563,1537,1866,1710,2014-12-01,Latur,329
sorgum(jawar),2015,January,900,1482,1733,1598,2015-01-01,Latur,251
sorgum(jawar),2015,February,674,1538,1804,1652,2015-02-01,Latur,266
sorgum(jawar),2015,March,1241,1537,1819,1664,2015-03-01,Latur,282
sorgum(jawar),2015,April,1514,1519,1810,1668,2015-04-01,Latur,291
sorgum(jawar),2015,May,748,1455,1716,1577,2015-05-01,Latur,261
sorgum(jawar),2015,June,430,1687,1918,1798,2015-06-01,Latur,231
sorgum(jawar),2015,July,133,1746,2845,1875,2015-07-01,Latur,1099
sorgum(jawar),2015,August,142,1750,2061,1930,2015-08-01,Latur,311
sorgum(jawar),2015,September,192,1740,1978,1885,2015-09-01,Latur,238
sorgum(jawar),2015,October,65,1512,1725,1613,2015-10-01,Latur,213
sorgum(jawar),2015,November,925,1654,1947,1841,2015-11-01,Latur,293
sorgum(jawar),2015,December,1110,1686,2059,1921,2015-12-01,Latur,373
sorgum(jawar),2016,January,452,1594,2017,1828,2016-01-01,Latur,423
sorgum(jawar),2016,February,417,1600,1935,1803,2016-02-01,Latur,335
sorgum(jawar),2016,March,775,1472,1843,1711,2016-03-01,Latur,371
sorgum(jawar),2016,April,588,1544,1851,1732,2016-04-01,Latur,307
sorgum(jawar),2016,May,633,1495,1848,1730,2016-05-01,Latur,353
sorgum(jawar),2016,June,252,1566,1899,1814,2016-06-01,Latur,333
sorgum(jawar),2016,July,164,1552,1856,1753,2016-07-01,Latur,304
sorgum(jawar),2016,August,667,1474,1684,1598,2016-08-01,Latur,210
sorgum(jawar),2016,September,254,1504,1644,1587,2016-09-01,Latur,140
sorgum(jawar),2016,October,82,1310,1463,1411,2016-10-01,Latur,153
sorgum(jawar),2016,November,596,1581,1820,1731,2016-11-01,Latur,239
