Commodity,Year,Month,arrivals_in_qtl,min_price,max_price,modal_price,date,district_name,diff_price
safflower,2014,September,69,2342,2514,2456,2014-09-01,Latur,172
safflower,2014,October,84,2287,2386,2336,2014-10-01,Latur,99
safflower,2014,November,26,2286,2460,2367,2014-11-01,Latur,174
safflower,2014,December,25,2341,2397,2368,2014-12-01,Latur,56
safflower,2015,January,16,2299,2509,2396,2015-01-01,Latur,210
safflower,2015,February,19,2451,2626,2526,2015-02-01,Latur,175
safflower,2015,March,330,2448,2616,2549,2015-03-01,Latur,168
safflower,2015,April,250,2504,2681,2623,2015-04-01,Latur,177
safflower,2015,May,156,2535,2680,2617,2015-05-01,Latur,145
safflower,2015,June,78,2432,2560,2516,2015-06-01,Latur,128
safflower,2015,July,26,2397,2439,2419,2015-07-01,Latur,42
safflower,2015,August,29,2227,2481,2419,2015-08-01,Latur,254
safflower,2015,September,26,2407,2507,2476,2015-09-01,Latur,100
safflower,2015,October,7,2551,2711,2651,2015-10-01,Latur,160
safflower,2015,November,31,2560,2690,2654,2015-11-01,Latur,130
safflower,2015,December,18,2654,2853,2760,2015-12-01,Latur,199
safflower,2016,January,35,2591,2806,2688,2016-01-01,Latur,215
safflower,2016,February,121,2635,2813,2725,2016-02-01,Latur,178
safflower,2016,March,189,2476,2697,2625,2016-03-01,Latur,221
safflower,2016,April,147,2644,2810,2749,2016-04-01,Latur,166
safflower,2016,May,86,2702,2874,2797,2016-05-01,Latur,172
safflower,2016,June,21,2631,2761,2695,2016-06-01,Latur,130
safflower,2016,July,7,2606,2801,2726,2016-07-01,Latur,195
safflower,2016,August,32,2552,2737,2654,2016-08-01,Latur,185
safflower,2016,September,28,2671,2793,2726,2016-09-01,Latur,122
safflower,2016,November,11,2669,2806,2724,2016-11-01,Latur,137
