Commodity,Year,Month,arrivals_in_qtl,min_price,max_price,modal_price,date,district_name,diff_price
black gram,2014,September,140,5126,6006,5732,2014-09-01,Latur,880
black gram,2014,October,264,4464,4803,4665,2014-10-01,Latur,339
black gram,2014,November,30,5034,5212,5117,2014-11-01,Latur,178
black gram,2014,December,47,5226,5501,5429,2014-12-01,Latur,275
black gram,2015,January,1,4701,4701,4701,2015-01-01,Latur,0
black gram,2015,June,8,6406,7451,7301,2015-06-01,Latur,1045
black gram,2015,July,1,4001,4001,4001,2015-07-01,Latur,0
black gram,2015,August,8,7954,8101,8001,2015-08-01,Latur,147
black gram,2015,September,47,8145,8610,8480,2015-09-01,Latur,465
black gram,2016,August,114,6089,6542,6326,2016-08-01,Latur,453
black gram,2016,September,1070,5782,7151,6828,2016-09-01,Latur,1369
black gram,2016,October,199,3670,7071,6261,2016-10-01,Latur,3401
black gram,2016,November,139,5087,6867,6282,2016-11-01,Latur,1780
