Commodity,Year,Month,arrivals_in_qtl,min_price,max_price,modal_price,date,district_name,diff_price
sunflower,2014,September,26,2581,2913,2781,2014-09-01,Latur,332
sunflower,2014,October,137,2722,2945,2864,2014-10-01,Latur,223
sunflower,2014,November,463,2988,3165,3092,2014-11-01,Latur,177
sunflower,2014,December,163,3002,3170,3126,2014-12-01,Latur,168
sunflower,2015,January,89,3098,3165,3134,2015-01-01,Latur,67
sunflower,2015,February,53,3023,3117,3071,2015-02-01,Latur,94
sunflower,2015,March,49,3116,3186,3147,2015-03-01,Latur,70
sunflower,2015,April,47,3008,3141,3083,2015-04-01,Latur,133
sunflower,2015,May,28,3111,3183,3146,2015-05-01,Latur,72
sunflower,2015,June,23,3116,3166,3137,2015-06-01,Latur,50
sunflower,2015,July,14,3128,3204,3170,2015-07-01,Latur,76
sunflower,2015,August,16,3026,3109,3052,2015-08-01,Latur,83
sunflower,2015,September,5,3032,3082,3065,2015-09-01,Latur,50
sunflower,2015,October,6,3201,3301,3251,2015-10-01,Latur,100
sunflower,2015,November,184,3230,3512,3434,2015-11-01,Latur,282
sunflower,2015,December,362,3237,3662,3536,2015-12-01,Latur,425
sunflower,2016,January,253,3394,4046,3952,2016-01-01,Latur,652
sunflower,2016,February,39,3534,3671,3617,2016-02-01,Latur,137
sunflower,2016,March,39,3408,3564,3511,2016-03-01,Latur,156
sunflower,2016,April,38,3399,3478,3436,2016-04-01,Latur,79
sunflower,2016,May,32,3341,3481,3441,2016-05-01,Latur,140
sunflower,2016,June,5,3184,3500,3275,2016-06-01,Latur,316
sunflower,2016,July,3,2875,3000,2901,2016-07-01,Latur,125
sunflower,2016,August,11,2695,2962,2860,2016-08-01,Latur,267
sunflower,2016,September,17,2541,2860,2711,2016-09-01,Latur,319
sunflower,2016,October,28,2676,2941,2871,2016-10-01,Latur,265
sunflower,2016,November,71,2783,2916,2855,2016-11-01,Latur,133
