Commodity,Year,Month,arrivals_in_qtl,min_price,max_price,modal_price,date,district_name,diff_price
ground nut pods (dry),2014,September,24,3134,3665,3492,2014-09-01,Latur,531
ground nut pods (dry),2014,October,26,2901,3788,3310,2014-10-01,Latur,887
ground nut pods (dry),2014,November,4,3011,3711,3401,2014-11-01,Latur,700
ground nut pods (dry),2014,December,3,4051,4051,4051,2014-12-01,Latur,0
ground nut pods (dry),2015,January,6,4001,4512,4251,2015-01-01,Latur,511
ground nut pods (dry),2015,May,6,3202,5001,4211,2015-05-01,Latur,1799
ground nut pods (dry),2015,June,3,4201,4801,4700,2015-06-01,Latur,600
ground nut pods (dry),2015,July,2,4926,4926,4926,2015-07-01,Latur,0
ground nut pods (dry),2015,November,1,4200,4500,4400,2015-11-01,Latur,300
ground nut pods (dry),2016,January,1,5801,6511,6000,2016-01-01,Latur,710
