Commodity,Year,Month,arrivals_in_qtl,min_price,max_price,modal_price,date,district_name,diff_price
coriander (dry),2014,September,67,7157,8077,7677,2014-09-01,Latur,920
coriander (dry),2014,October,34,7450,9301,8604,2014-10-01,Latur,1851
coriander (dry),2014,November,11,8615,9115,8875,2014-11-01,Latur,500
coriander (dry),2015,March,4,5701,7201,6501,2015-03-01,Latur,1500
coriander (dry),2015,June,9,5651,7001,6501,2015-06-01,Latur,1350
coriander (dry),2015,August,1,7701,7701,7701,2015-08-01,Latur,0
coriander (dry),2015,September,5,8251,9502,9001,2015-09-01,Latur,1251
coriander (dry),2015,November,14,6351,11651,9451,2015-11-01,Latur,5300
coriander (dry),2015,December,4,7800,12001,10000,2015-12-01,Latur,4201
coriander (dry),2016,January,15,6588,7651,7075,2016-01-01,Latur,1063
coriander (dry),2016,February,4,6001,7501,7001,2016-02-01,Latur,1500
coriander (dry),2016,September,6,3500,5001,4501,2016-09-01,Latur,1501
